Year,Grader,Grade Type,Grade,Inventory #,Mint Location,DL Toning Degree,Brilliance Obverse,Brilliance Reverse,Toning Obverse,Toning Reverse,EdgeFreq Flat Obverse,EdgeFreq Flat Reverse,EdgeFreq Descriptive Obverse,EdgeFreq Descriptive Reverse,EdgeFreq RedOrange Obverse,EdgeFreq RedOrange Reverse,EdgeFreq Yellow Obverse,EdgeFreq Yellow Reverse,EdgeFreq Green Obverse,EdgeFreq Green Reverse,Unnamed: 21,Unnamed: 22
1903,NGC,MS,63,2298801,Philadelphia,2,10.0,10.0,0.0,0.0,2191,3006,191439,205694,26176,35312,118778,80982,30152,76285,,
1880,NGC,MS,66,2065723,San Francisco,3,8.0,7.0,4.35,3.6,10282,6612,196974,214767,53163,53762,113926,77061,31800,83325,,
1893,PCGS,MS,61,2290074,New Orleans,1,10.0,10.0,0.0,0.0,4038,3321,194997,253439,32463,45541,113414,86403,34438,90837,,
1921,PCGS,MS,62,2203081,San Francisco,2,10.0,10.0,0.0,0.0,3736,3057,203643,238579,29171,41080,126069,91559,31031,83740,,
1921,PCGS,MS,62,2259686,Denver,1,10.0,10.0,0.0,0.0,4882,2269,224876,247787,41649,42426,131779,84612,34604,86828,,
1885,PCGS,AU,58,2458446,San Francisco,2,10.0,10.0,1.75,0.35,2350,3394,171665,223619,26283,41151,119570,84613,27128,84062,,
1899,PCGS,MS,65,1858299,New Orleans,3,10.0,10.0,0.7,0.0,2928,2283,186403,220815,24672,35610,121742,82486,24136,85214,,
1885,PCGS,MS,65,2295103,Philadelphia,1,10.0,10.0,0.0,0.0,2430,1674,212429,236616,27041,37485,125859,81077,29067,84361,,
1881,NGC,MS,63,2192913,San Francisco,1,9.0,9.0,0.0,0.0,6405,2099,170554,199429,35264,33321,102730,70258,17550,62607,,
1885,PCGS,MS,63,2276067,Philadelphia,1,9.0,10.0,0.0,0.0,2426,3678,188187,206651,29186,37429,117481,73775,22177,77114,,
1884,PCGS,MS,66,2076154,Philadelphia,1,10.0,10.0,1.75,0.0,1415,1853,184878,229788,22103,38952,117037,88127,33620,88134,,
1883,PCGS,MS,64,2247544,Carson City,2,10.0,10.0,0.0,0.0,3301,2099,178683,200116,27755,34204,112128,72949,29053,78415,,
1889,PCGS,MS,63,2287741,New Orleans,1,10.0,10.0,0.0,0.0,2547,1383,170388,203300,25330,32414,109369,75644,20654,71547,,
1883,PCGS,MS,64,1856886,New Orleans,2,10.0,10.0,2.4,0.0,1668,2034,185928,227915,23576,37350,118951,88398,26860,88195,,
1897,PCGS-CAC,MS,62,2453590,New Orleans,2,10.0,10.0,0.0,0.0,4351,1656,192096,200676,33172,35188,118598,69072,31342,74754,,
1902,PCGS-CAC,MS,64,1860728,Philadelphia,4,9.0,10.0,3.6,3.95,9690,6418,193192,221757,51263,51036,120447,78318,34505,91233,,
1884,PCGS,MS,64,1872370,Carson City,1,10.0,9.0,0.0,0.0,3334,1351,193907,224815,31989,32980,111319,76894,26775,79599,,
1884,PCGS,MS,64,2025063,Carson City,1,10.0,10.0,1.75,0.0,3309,2033,180933,224064,30399,35213,118592,87882,27354,82346,,
1902,NGC,MS,65,2093022,New Orleans,1,10.0,10.0,0.0,0.0,1287,2081,173099,205876,19955,36118,118996,85705,29274,76208,,
1884,PCGS,MS,64,2420391,New Orleans,3,10.0,8.0,2.4,3.6,2845,2404,188658,193171,28305,35407,126080,73077,27107,76230,,
1879,PCGS,MS,63,2169378,New Orleans,2,10.0,10.0,0.0,0.0,1281,1865,184207,238328,23311,36159,119468,86473,32265,87384,,
1888,PCGS,MS,64,2160384,New Orleans,3,10.0,10.0,0.0,0.0,2286,2352,178797,238075,30298,40089,106961,83378,33218,89808,,
1897,PCGS,MS,65,2184407,Philadelphia,2,10.0,10.0,0.0,0.0,1211,1886,184943,241585,18947,34788,117250,89887,19672,80624,,
1901,NGC,MS,63,2283349,New Orleans,3,10.0,9.0,0.0,1.3,2630,1093,175324,187451,27053,35927,110453,71622,25921,75529,,
1885,PCGS,MS,63,2151943,Philadelphia,1,10.0,9.0,0.0,0.0,5033,1906,179913,220524,29107,31628,110189,76926,24163,79808,,
1878,PCGS,MS,64,2160469,San Francisco,1,10.0,10.0,0.0,0.0,2925,2185,213479,239058,26444,42612,117946,79483,29140,83759,,
1898,PCGS-CAC,MS,66,2295122,Philadelphia,2,10.0,10.0,0.0,0.0,1003,1271,209356,242966,22237,38774,130691,83707,23311,87295,,
1881,PCGS,MS,63,2155825,San Francisco,1,9.0,9.0,0.0,0.0,4991,3340,214083,218048,43364,42349,115607,72062,32741,79746,,
1884,NGC,MS,66,1855751,Carson City,2,9.0,9.0,1.75,0.0,1152,1754,190050,226957,18293,35522,109188,78182,29927,81886,,
1887,NGC,MS,61,2285318,Philadelphia,2,10.0,10.0,0.0,0.0,4358,2790,191044,222877,29124,35676,121963,85627,27037,86208,,
1882,PCGS,MS,65,2192983,New Orleans,2,10.0,10.0,0.0,0.0,1679,2701,194923,238792,22424,38710,122609,86666,28352,86810,,
1897,PCGS,MS,63,2231549,San Francisco,2,10.0,10.0,0.0,0.0,5418,2401,188276,218882,35295,39586,119320,79998,29904,82816,,
1880,NGC,MS,63,2169408,San Francisco,4,7.0,7.0,2.4,2.3,9991,4685,256682,254050,62290,51638,131814,82210,42407,96661,,
1884,PCGS-CAC,MS,64,2092752,Carson City,1,10.0,10.0,1.75,0.0,2943,2016,184019,232524,24336,36863,111536,87403,32296,87145,,
1887,PCGS,MS,64,2169403,Philadelphia,2,10.0,10.0,0.0,0.0,5737,1302,184202,199319,26543,27587,103851,71197,22952,72822,,
1879,PCGS,MS,68,2408815,San Francisco,3,8.0,10.0,2.4,0.0,1864,1313,169500,200232,23475,29072,108150,71041,24489,73807,,
1880,NGC,MS,64,2298685,San Francisco,3,9.0,10.0,3.25,0.35,8560,1782,239409,240903,64957,42470,136697,83905,42662,96262,,
1878,ANACS,AU,55,2456991,Carson City,1,10.0,10.0,1.05,0.0,3618,3735,200031,246676,35523,45353,125570,92970,34705,95291,,
1921,NGC,MS,64,2181459,Denver,3,9.0,10.0,2.95,0.65,6852,3360,215283,213107,49763,38131,126069,71051,39652,82546,,
1893,NGC-CAC,MS,63,2092765,Carson City,1,10.0,10.0,0.0,0.0,5629,1853,212388,213244,38569,35319,122727,62041,34681,78965,,
1900,PCGS,MS,65,2287720,Philadelphia,1,10.0,10.0,0.0,0.0,1148,1609,188723,225678,20195,37749,115040,75442,19041,78582,,
1887,PCGS,MS,63,2184402,New Orleans,3,10.0,10.0,0.0,0.0,5246,3188,175969,218586,37159,42371,118441,88116,32885,82830,,
1890,PCGS,MS,65,2291889,New Orleans,2,10.0,10.0,0.0,0.0,1160,1634,179723,220012,21358,35972,108933,74541,29923,87666,,
1881,NGC,MS,65,2087753,San Francisco,2,9.0,9.0,1.75,1.0,2644,1769,176293,202839,28395,38401,117525,79333,20790,70970,,
1893,PCGS,MS,63,2071216,New Orleans,2,9.0,9.0,0.0,0.65,3079,1638,186161,217702,29784,32692,115991,78428,25558,86378,,
1882,PCGS,MS,66,2191394,Philadelphia,2,7.0,5.0,1.95,3.25,5082,4204,196805,257135,44474,47919,121450,87875,28625,98217,,
1884,NGC,MS,64,2224462,Philadelphia,1,10.0,10.0,0.0,0.0,1779,1684,186897,222071,20756,34387,114122,79091,28284,80586,,
1904,PCGS-CAC,MS,65,1885858,New Orleans,4,8.0,9.0,3.95,2.6,8208,3616,237392,216973,55632,45075,132735,79538,39385,94262,,
1883,PCGS,MS,64,2128799,New Orleans,2,10.0,10.0,0.0,0.0,2564,2508,179143,222402,28897,38120,114079,86757,27401,85154,,
1899,PCGS,MS,65,2296236,New Orleans,1,10.0,10.0,0.0,0.0,2243,2669,207584,239448,24013,37258,132343,82902,28634,90484,,
1884,NGC,MS,64,2399062,New Orleans,1,10.0,10.0,0.0,0.0,2477,2938,182097,214443,25973,38493,122156,84574,23144,80510,,
1883,NGC-GSA,MS,64,2293749,Carson City,1,10.0,9.0,0.0,0.0,3710,1846,156075,180394,26386,33809,101553,60100,28546,72640,,
1900,PCGS,MS,63,2232123,New Orleans,1,10.0,10.0,0.0,0.0,6685,3719,207009,226625,31394,44373,124463,82270,32112,84774,,
1903,PCGS,MS,66,2054128,New Orleans,1,10.0,10.0,0.0,0.0,1226,2277,192604,243162,22361,38110,122500,86395,27083,82830,,
1891,PCGS,MS,64,2113749,Carson City,1,10.0,10.0,0.0,0.0,3666,2408,183809,233546,26043,40862,118058,88388,30545,78255,,
1878,NGC,MS,61,2128804,Carson City,2,10.0,10.0,1.05,0.35,6188,3189,204428,213672,40804,41671,119708,75976,32695,87375,,
1900,PCGS,MS,63,2068710,Philadelphia,1,9.0,10.0,0.0,0.0,2191,1731,200947,237278,26399,34438,113866,83923,30834,78271,,
1896,PCGS,MS,63,1853813,Philadelphia,1,10.0,10.0,0.0,0.0,2191,2087,197747,246435,21325,38514,120140,90383,34299,85391,,
1888,NGC,MS,64,2298993,New Orleans,2,9.0,10.0,0.0,0.0,1433,2298,178142,215740,24699,39408,118502,82846,26727,83879,,
1921,PCGS,MS,66,1888306,Philadelphia,2,10.0,10.0,0.0,1.75,1471,2039,198930,259873,21272,42744,122142,91606,26664,85097,,
1879,PCGS,AU,58,2182940,San Francisco,2,9.0,9.0,0.0,0.0,4891,2457,200992,232818,39778,40358,117037,86302,32369,85906,,
1891,PCGS,MS,64,2261093,Carson City,1,10.0,10.0,0.0,0.0,3668,2806,201989,238723,29834,40403,122733,88007,32205,88709,,
1879,PCGS,MS,65,2084734,San Francisco,2,10.0,10.0,1.75,0.0,1946,1983,189802,238829,26167,34338,114303,88964,30701,89111,,
1898,PCGS,MS,64,2008546,San Francisco,1,10.0,10.0,0.0,0.0,3216,1622,194563,239826,30640,38542,123131,88191,28094,83921,,
1890,NGC,MS,63,2075238,San Francisco,3,10.0,10.0,1.65,3.6,5108,4876,205001,245618,41127,53645,123043,81256,29700,93338,,
1882,PCGS,MS,65,2287710,Carson City,2,10.0,10.0,0.0,0.0,1970,1777,182306,211100,22852,36867,112197,74418,25661,79096,,
1888,NGC,MS,63,2291580,San Francisco,1,10.0,9.0,0.0,0.0,1982,1789,205946,227392,27282,34840,122073,82500,27555,77029,,
1892,PCGS,MS,63,2181407,New Orleans,2,10.0,10.0,0.0,0.0,2721,2044,169008,226463,24840,38502,109733,91717,32157,85306,,
1878,PCGS-CAC,MS,64,2293736,Philadelphia,2,10.0,9.0,0.35,0.35,6318,2800,181782,163110,30909,33688,119364,58664,26984,63883,,
1878,PCGS-CAC,MS,64,2078678,San Francisco,2,10.0,10.0,1.4,0.0,3813,1605,200276,230428,34404,36785,113712,82510,26282,86966,,
1896,PCGS,MS,65,2232119,Philadelphia,1,10.0,10.0,0.0,0.0,3886,3766,178807,218308,25147,38459,116096,75456,28015,83162,,
1888,PCGS,MS,63,1855731,Philadelphia,3,10.0,9.0,1.0,2.6,3460,3426,200626,226556,33076,46831,124190,86228,28213,81692,,
1886,PCGS,MS,61,2279784,New Orleans,3,10.0,10.0,0.0,0.0,11389,3892,209833,233271,53903,47775,122583,80203,33643,88720,,
1881,PCGS,MS,65,2257059,Carson City,2,10.0,10.0,0.0,0.0,2614,2018,163042,195858,23194,33110,103142,68301,21554,76971,,
1898,PCGS,MS,64,1855320,New Orleans,2,10.0,10.0,0.0,0.0,1921,1247,192370,243709,27486,35587,123603,90009,35532,86764,,
1880,NGC,MS,62,2222472,Carson City,3,10.0,10.0,1.65,0.35,6707,1919,183704,200429,32687,37582,113229,73307,31978,75278,,
1878,PCGS,MS,64,2156825,Philadelphia,2,10.0,10.0,0.0,0.0,2471,1852,174638,223431,31564,38196,100908,75276,27841,85874,,
1878,PCGS,MS,65,1883367,San Francisco,2,9.0,9.0,1.4,0.0,1761,1611,184394,238740,22255,38479,110255,83681,24341,88799,,
1884,PCGS,MS,65,2287715,Philadelphia,1,10.0,10.0,0.0,0.0,3167,1258,190166,219317,28217,35494,114222,80610,26620,75252,,
1897,NGC,MS,64,2128821,Philadelphia,2,10.0,10.0,0.0,0.0,4325,3098,183849,195255,28598,37279,118588,67159,26968,73058,,
1884,PCGS,AU,55,2243989,San Francisco,2,10.0,10.0,0.0,0.0,8370,2448,176812,220306,35678,40233,117205,78427,24126,86045,,
1882,PCGS,MS,65,2183882,Carson City,1,10.0,10.0,0.0,0.0,2768,1611,190508,228318,23985,34960,117123,90331,28913,84701,,
1878,PCGS,MS,65,1880897,Philadelphia,2,10.0,10.0,1.05,0.35,2021,2420,164436,223196,24555,36906,111264,82802,25604,90391,,
1881,PCGS,MS,65,2296622,Philadelphia,1,10.0,10.0,0.0,0.0,980,1060,183782,214616,20682,30953,115698,76349,30295,85924,,
1880,PCGS,MS,64,2295588,San Francisco,3,8.0,9.0,0.35,0.0,3225,1497,178622,216498,30453,38852,101382,74817,29364,76538,,
1891,NGC-CAC,MS,63,2078694,New Orleans,2,10.0,9.0,0.35,0.35,1257,2008,162155,209455,24319,38027,114893,79829,25749,75789,,
1884,PCGS,MS,63,1883791,Philadelphia,1,10.0,10.0,0.0,0.0,2994,3415,209791,219767,29508,39194,122761,76558,27544,73028,,
1880,PCGS,MS,64,2121761,Carson City,1,10.0,10.0,0.0,0.0,4133,2944,216614,244449,37017,41477,125188,86416,33791,89841,,
1888,PCGS,MS,65,2162349,New Orleans,1,10.0,10.0,0.0,0.0,1739,2245,193008,244239,23211,39986,120837,87560,29846,85678,,
1878,PCGS,MS,65,2167337,Philadelphia,1,10.0,10.0,0.0,0.0,1863,1626,186753,224411,22834,34633,115092,82683,29037,83752,,
1888,NGC,MS,65,2102786,Philadelphia,1,9.0,9.0,0.0,0.0,2779,1653,200185,221713,29514,34867,108597,75319,23591,79449,,
1879,PCGS,MS,65,2048746,San Francisco,1,10.0,10.0,1.75,0.0,3901,1291,202815,242043,31839,36230,111538,81881,29022,86009,,
1882,NGC,MS,64,2054709,New Orleans,3,10.0,9.0,5.0,3.6,2931,2816,186889,186836,30769,42923,116283,69548,33565,78345,,
1884,PCGS,MS,66,2099196,Carson City,3,10.0,10.0,3.05,1.3,1756,1947,174773,217391,23857,33218,113638,84639,29927,87918,,
1881,PCGS,MS,65,2255013,Carson City,2,10.0,10.0,0.0,0.35,4250,3382,174896,223238,30958,43945,109022,77035,20847,85218,,
1900,NGC,MS,65,2203920,New Orleans,1,10.0,10.0,0.0,0.0,3132,3045,190979,211533,25234,37575,122781,82336,26698,79544,,
1880,PCGS,MS,64,2030610,Philadelphia,2,9.0,9.0,3.05,2.3,5712,3106,188121,223194,42835,44696,125249,74074,26458,92807,,
1882,NGC,MS,66,2252667,Philadelphia,2,10.0,10.0,0.0,0.0,3308,2037,167452,199115,22490,31236,104218,76886,29456,77019,,
1887,PCGS-CAC,MS,66,2284080,Philadelphia,2,10.0,9.0,0.0,1.0,1758,1642,167271,195063,21155,32258,112254,70930,22808,71115,,
1885,PCGS-CAC,MS,65,2184414,New Orleans,2,10.0,10.0,0.0,0.0,943,1726,172204,222944,18151,34933,116562,88752,28296,83389,,
1885,PCGS,MS,65,2182956,Philadelphia,1,10.0,10.0,0.0,0.0,1513,1683,194827,237400,20175,36977,120151,89491,25521,84703,,
1893,PCGS,AU,58,2170833,New Orleans,1,10.0,10.0,0.0,0.0,1900,2773,180603,233151,21320,37489,114596,89178,31513,86354,,
1880,PCGS,MS,65,2290086,San Francisco,1,10.0,10.0,0.0,0.0,1963,1036,181777,199754,21315,35695,109489,63932,27908,81007,,
1879,PCGS,MS,63,1883839,San Francisco,2,10.0,10.0,1.75,0.35,5135,1650,182443,233373,39187,35145,110716,86645,23411,82934,,
1880,NGC,MS,65,2048759,San Francisco,1,10.0,10.0,1.75,0.0,2196,1431,187262,235546,25132,37446,115680,85122,27662,85864,,
1896,PCGS-CAC,MS,62,2442928,New Orleans,2,10.0,10.0,1.0,1.0,2864,2475,179326,241028,30442,40748,120452,88042,29571,92036,,
1885,NGC,MS,63,2274231,New Orleans,2,10.0,10.0,0.35,0.0,3177,2199,187938,216234,30183,37227,125517,84768,27578,80260,,
1879,PCGS,MS,66,2084728,San Francisco,2,10.0,10.0,1.75,0.35,2624,1833,169875,234495,26683,42232,106011,80969,28242,87820,,
1882,NGC,AU,58,2272128,Carson City,2,10.0,9.0,0.0,0.0,3582,3845,190454,203561,35181,40801,112983,75828,32302,71834,,
1904,PCGS,MS,62,2177440,Philadelphia,1,10.0,10.0,0.0,0.0,1231,2261,187903,230665,21482,33845,124811,87730,28684,81680,,
1889,PCGS,MS,65,1888311,San Francisco,1,10.0,10.0,0.0,0.0,1209,912,195184,251951,18305,35154,121934,89185,29832,88730,,
1897,PCGS,AU,58,2181376,New Orleans,1,10.0,10.0,0.0,0.0,3200,1804,204858,250462,26911,37805,125301,91440,35024,91816,,
1881,PCGS,MS,64,2160471,San Francisco,3,10.0,7.0,1.65,3.6,13848,4474,237549,257650,72124,49650,137852,82691,39921,95272,,
1896,PCGS,AU,58,2097822,New Orleans,2,10.0,10.0,0.0,0.0,2298,1504,195918,247709,27107,35492,122550,93550,31508,89858,,
1897,PCGS,MS,60,1872513,New Orleans,2,10.0,10.0,0.0,1.3,3549,1886,203288,243010,33525,39609,126696,93143,34735,89798,,
1898,PCGS,MS,64,2000035,Philadelphia,1,10.0,10.0,0.0,0.0,3527,2442,209794,256691,32396,41055,121633,90037,29805,87761,,
1900,PCGS,MS,62,2064156,New Orleans,2,10.0,10.0,0.0,0.0,2135,2631,186383,233998,29284,40125,122504,86332,31354,87654,,
1921,PCGS,MS,63,1883836,Philadelphia,2,10.0,10.0,1.0,0.0,6658,3618,202850,240346,36277,44249,127160,84339,29860,86662,,
1888,PCGS,MS,63,1883801,Philadelphia,1,10.0,10.0,0.0,0.0,2693,2126,200396,245617,27731,37966,117992,86851,32596,84647,,
1899,PCGS,MS,64,2288240,Philadelphia,2,8.0,6.0,0.0,0.0,2213,1165,180564,172298,29699,26500,105377,54199,26569,72214,,
1890,PCGS,MS,63,2068690,San Francisco,1,10.0,10.0,0.0,0.0,4511,1814,195479,232751,34157,38939,118525,86087,25581,79125,,
1888,NGC,MS,66,2203072,Philadelphia,2,10.0,10.0,0.0,0.0,1361,1533,173624,210315,22123,31829,115921,83529,24096,82188,,
1884,PCGS,MS,65,2276069,New Orleans,1,10.0,10.0,0.0,0.0,3280,3238,185364,208916,27425,40301,122809,80462,25851,81209,,
1879,NGC,MS,65,2084715,San Francisco,2,9.0,9.0,1.75,1.0,2556,1325,172334,215260,27408,34499,107657,77219,28139,88927,,
1887,PCGS,MS,64,2421980,Philadelphia,2,10.0,10.0,0.0,0.0,2465,2734,187716,220129,24093,38312,125990,84987,25459,79375,,
1882,NGC,MS,64,2298690,San Francisco,3,10.0,6.0,0.0,2.95,15092,9091,197406,224240,74417,63344,111312,59961,37474,62772,,
1896,PCGS,MS,68,2284175,Philadelphia,1,10.0,10.0,0.0,0.0,2005,1999,175097,198147,14539,36310,114738,73153,27702,76513,,
1882,NGC-CAC,MS,65,1885869,Carson City,1,9.0,9.0,1.75,0.0,2129,1581,176880,201669,21084,32363,102233,67027,26290,74545,,
1892,PCGS,MS,64,2054147,Philadelphia,1,10.0,10.0,0.0,0.0,3120,2184,195223,240365,29503,39903,117540,89822,28724,84679,,
1893,PCGS,MS,65,2057116,Philadelphia,1,10.0,10.0,0.0,0.0,3563,2457,209854,231109,26928,38461,125620,77216,32051,85904,,
1891,NGC,MS,61,2097746,Carson City,1,10.0,10.0,0.0,0.0,2897,2170,203318,245139,27774,40117,123851,92101,34636,84257,,
1881,NGC,MS,66,2273707,San Francisco,1,10.0,10.0,0.0,0.0,3601,1881,223071,225564,39083,36259,125281,78286,31185,83374,,
1880,NGC,MS,65,1853865,San Francisco,2,10.0,10.0,1.75,0.0,5629,1527,209731,228513,38771,34481,113628,83817,29459,83431,,
1885,NGC,MS,64,2274301,Philadelphia,2,10.0,10.0,0.0,0.0,1750,2133,178636,196477,23202,35217,121168,79811,25009,73115,,
1884,PCGS,MS,63,2093089,Philadelphia,3,9.0,10.0,2.4,0.0,7272,2265,185447,182011,49913,38158,109151,47551,37316,69115,,
1887,PCGS,MS,66,2182958,Philadelphia,1,10.0,10.0,0.0,0.0,1500,2518,196444,237966,23458,39802,121003,88923,28143,84207,,
1897,PCGS,MS,64,2057121,New Orleans,2,10.0,10.0,0.0,1.35,3427,5056,201187,232825,29866,49171,132331,77881,27943,84881,,
1879,PCGS-CAC,MS,65,2078681,San Francisco,1,10.0,10.0,1.75,0.0,2596,1713,187765,244148,28976,38981,110118,84586,28363,94038,,
1890,PCGS-CAC,MS,65,2008556,San Francisco,1,10.0,10.0,0.0,0.0,2036,1119,196882,220728,22827,32652,118918,77294,27022,82869,,
1904,NGC,MS,65,2110831,New Orleans,1,10.0,10.0,0.0,0.0,3188,1856,163855,194905,21893,27689,110736,74574,22035,74488,,
1921,PCGS,MS,62,2223460,San Francisco,1,9.0,9.0,1.3,1.3,6095,5343,209931,250092,40009,48386,124195,83939,31502,89184,,
1921,PCGS,MS,66,2020036,Denver,1,10.0,10.0,0.0,0.0,1347,2879,194202,233848,24535,41435,119837,88048,28532,79045,,
1883,PCGS,MS,66,1888302,Carson City,1,9.0,9.0,1.75,0.0,2586,2579,179805,214428,25117,36769,103546,74930,28087,77767,,
1921,PCGS,MS,63,2442881,San Francisco,2,10.0,10.0,0.0,0.0,6261,3835,216390,246006,40570,39966,136935,88040,37020,97909,,
1890,NGC,MS,64,2125835,Philadelphia,1,10.0,10.0,0.0,0.0,3574,2129,181669,221988,22441,37098,117592,88330,24520,79512,,
1883,NGC-CAC,AU,58,2204425,San Francisco,3,9.0,9.0,3.25,1.3,7997,4290,196595,205039,49459,44394,126278,79475,32057,81677,,
1884,NGC,MS,65,2274303,New Orleans,3,10.0,7.0,2.3,2.3,4378,5973,201751,234496,37527,57672,134394,79843,32525,86779,,
1878,PCGS,MS,64,1872556,San Francisco,1,10.0,10.0,1.4,0.0,1688,1587,188051,231483,22486,32590,114994,81447,33565,88733,,
1879,PCGS,MS,63,1883773,New Orleans,2,10.0,10.0,0.0,0.0,4968,1688,189392,230981,34723,36779,115952,86447,30500,87156,,
1881,PCGS,MS,63,2272145,San Francisco,1,10.0,9.0,0.0,0.0,5885,2814,173884,162138,35970,32541,111910,49660,21835,72904,,
1882,NGC,MS,66,2184486,San Francisco,1,10.0,10.0,0.0,0.0,2674,1182,190858,229449,22885,30606,116092,83861,28104,80872,,
1878,NGC,MS,64,2100731,Philadelphia,3,8.0,9.0,2.0,0.65,1655,1966,139449,173760,22367,36899,98985,65912,17881,66861,,
1899,PCGS,MS,63,1883845,Philadelphia,1,10.0,10.0,0.0,0.0,2239,1622,175202,220646,24715,37580,114098,90535,30823,78329,,
1901,PCGS,MS,66,2247998,San Francisco,1,10.0,10.0,0.0,0.0,3128,2107,179752,204991,23970,31457,116833,74501,27399,80068,,
1884,PCGS,MS,63,1883792,Carson City,2,10.0,10.0,1.75,0.0,6912,1872,198975,203063,40154,31354,118405,67502,32382,87925,,
1887,NGC,MS,66,2203910,Philadelphia,1,10.0,10.0,0.0,0.0,4736,1305,181178,196484,28391,32600,118705,74026,27471,74648,,
1900,PCGS,MS,62,2287722,San Francisco,2,10.0,10.0,0.0,0.0,3458,3235,177772,214688,29949,45723,110362,74687,22272,71522,,
1878,PCGS-CAC,MS,64,2236021,Philadelphia,2,10.0,10.0,0.0,0.0,4455,3448,186408,204708,30233,37208,113158,74037,24824,72540,,
1878,PCGS,MS,65,2287700,San Francisco,1,10.0,10.0,0.0,0.0,966,2698,182308,210363,18304,43535,110613,69056,24493,77344,,
1884,PCGS,MS,63,1868269,New Orleans,1,9.0,8.0,1.75,0.0,3006,1655,169692,194928,30295,33948,102074,68888,28972,76228,,
1887,PCGS,MS,63,2234011,New Orleans,2,10.0,10.0,0.0,0.0,3544,2240,183420,209965,27327,33389,116641,75133,26229,82244,,
1882,PCGS,MS,63,2248024,New Orleans,1,10.0,10.0,0.0,0.0,3598,2000,181238,212539,24751,35174,120497,79414,26267,79668,,
1879,PCGS,MS,62,2184396,San Francisco,1,10.0,10.0,0.0,0.0,5161,2204,189832,214240,31166,33285,117485,81650,30970,76648,,
1881,NGC,MS,63,2367383,San Francisco,1,10.0,10.0,0.0,0.0,1897,2398,186713,186500,24759,35927,120899,74023,27505,74067,,
1888,PCGS,AU,55,2449897,San Francisco,1,10.0,10.0,0.0,0.0,5055,3070,209116,249964,36796,43204,128596,89635,31413,87739,,
1885,NGC,MS,64,2296183,Philadelphia,3,8.0,9.0,1.0,0.0,927,1830,179732,210429,22359,40002,111138,75778,26843,78109,,
1881,PCGS-CAC,MS,67,2287094,Carson City,1,10.0,10.0,0.0,0.0,2661,2880,171529,214407,22257,29708,111589,78134,24405,80913,,
1887,PCGS,MS,64,2205918,Philadelphia,0,9.0,10.0,0.0,0.0,1274,1705,177718,218154,18408,36068,119106,85033,20818,77571,,
1882,PCGS,MS,63,1883786,New Orleans,1,10.0,10.0,0.0,0.0,2598,3894,202536,237064,28175,41733,123189,84963,30830,85547,,
1890,NGC,MS,64,1856764,Philadelphia,2,10.0,10.0,1.0,0.0,5859,4338,200690,227741,28626,42740,124037,75260,29982,86228,,
1880,NGC,MS,62,2048774,San Francisco,1,10.0,10.0,0.0,0.0,4160,1310,199456,232510,37488,37131,117838,85067,28551,84043,,
1892,PCGS-CAC,MS,64,2118230,Carson City,1,10.0,10.0,0.0,0.0,2970,1884,182010,225577,24337,35329,108227,79031,33453,75809,,
1880,NGC,MS,65,2075247,San Francisco,2,10.0,10.0,1.75,0.0,2621,1452,201160,234632,28200,38246,115302,80020,37093,84581,,
1899,PCGS,MS,64,1855214,New Orleans,1,9.0,7.25,0.0,0.0,2881,1473,209055,229766,25636,30858,118816,79236,31103,82571,,
1880,NGC,MS,64,2194954,San Francisco,1,10.0,9.0,0.0,0.0,2068,719,189576,206132,22615,27872,111789,67799,26017,73239,,
1889,NGC,MS,61,2298758,San Francisco,3,9.0,9.0,0.35,0.65,949,1858,163591,202804,20776,37743,113230,76626,25184,77690,,
1878,PCGS,MS,61,2271210,Carson City,3,9.0,9.0,0.65,0.0,5532,1928,199421,196499,42173,37756,110159,66915,39599,82257,,
1878,PCGS,MS,64,2009629,Philadelphia,1,10.0,10.0,1.05,0.0,2471,1852,174638,223431,31564,38196,100908,75276,27841,85874,,
1889,PCGS-CAC,MS,64,2206922,New Orleans,1,10.0,10.0,0.0,0.0,4537,1589,180000,225589,31418,34042,113944,84199,28228,81728,,
1898,PCGS,MS,66,2426886,Philadelphia,1,10.0,10.0,0.0,0.0,3154,2748,197525,190477,27356,33411,118159,69839,33668,78528,,
1886,PCGS-CAC,MS,66,2420399,Philadelphia,3,9.0,10.0,1.05,0.35,1716,1703,169348,206886,21850,35009,115141,79232,21165,75648,,
1890,PCGS-CAC,MS,62,2252529,San Francisco,1,10.0,10.0,0.0,0.0,5497,2339,190057,220453,35665,39185,116871,73277,22158,77747,,
1904,PCGS,MS,63,2028563,Philadelphia,3,8.0,8.0,3.95,3.95,7800,6372,226216,244833,47815,55190,127226,79765,28941,86208,,
1881,PCGS,MS,63,2155823,San Francisco,1,10.0,9.0,0.0,0.0,4318,2697,211594,235627,39989,45278,119083,74132,33203,82722,,
1884,NGC-CAC,MS,66,2284075,Carson City,1,10.0,10.0,0.0,0.0,3113,1650,176456,174324,22903,31640,115832,66937,25345,64978,,
1878,PCGS,MS,62,2381806,Philadelphia,1,10.0,10.0,0.0,0.0,5669,2839,205009,227801,35804,40899,120946,81050,27919,87922,,
1884,NGC-GSA-CAC,MS,64,2388307,Carson City,2,10.0,10.0,1.75,0.0,3191,3791,185638,210683,27532,37982,118866,85946,28624,80099,,
1883,PCGS,MS,65,1867245,Carson City,3,7.0,10.0,3.7,0.0,6602,3035,213912,223088,48685,41502,120377,78509,39921,88243,,
1884,PCGS,MS,63,2114247,Carson City,2,10.0,10.0,0.0,0.35,3618,2450,170389,216453,22288,36255,115732,85848,24640,77219,,
1884,NGC,AU,55,2274302,San Francisco,1,10.0,10.0,0.0,0.0,4303,2814,188402,227249,34297,44868,124386,85137,29345,82185,,
1878,PCGS,MS,62,2115232,Philadelphia,2,10.0,9.0,1.05,0.0,4627,3005,148086,192800,24345,37966,105577,75279,21615,76361,,
1886,NGC,MS,65,2422024,Philadelphia,3,10.0,8.0,1.75,3.6,901,2608,186327,225425,19235,39552,118285,75818,25689,82776,,
1878,PCGS,MS,64,2298789,Philadelphia,2,10.0,7.0,0.0,0.0,3420,3126,179859,227051,26760,43159,106025,78169,23765,83895,,
1898,PCGS,MS,63,1883820,Philadelphia,2,10.0,10.0,0.35,0.35,3247,1702,181202,235286,30059,36882,116215,90758,22563,81716,,
1878,NGC,MS,64,2274330,San Francisco,1,9.0,9.0,0.0,0.0,4678,2372,172697,177952,32402,34837,104642,63747,27773,70389,,
1896,PCGS,MS,63,1855742,Philadelphia,2,10.0,10.0,0.0,0.0,3069,1985,183417,247810,29035,38725,120397,91410,31553,83622,,
1881,NGC,MS,62,2125838,San Francisco,1,9.0,9.0,0.0,0.0,4549,2223,172507,183926,29309,36882,105497,56926,26334,77437,,
1885,NGC,MS,63,2274318,New Orleans,2,10.0,10.0,0.0,0.0,3321,2932,187167,220210,33202,40375,127120,83945,27605,85015,,
1879,PCGS,MS,61,2049139,Carson City,1,10.0,10.0,1.4,0.0,4131,2440,188040,219059,36029,35840,114756,82511,31898,75590,,
1896,PCGS,MS,62,2108712,New Orleans,2,10.0,10.0,0.65,0.0,3583,1935,197403,233737,35603,38778,120032,80150,36867,90676,,
1904,NGC,MS,64,2274244,New Orleans,3,9.0,9.0,0.0,0.0,2515,2777,190828,203320,30141,37728,131094,76102,26415,77843,,
1883,ANACS,MS,64,2076162,Philadelphia,3,9.0,10.0,3.7,0.65,3754,1249,186437,231037,37043,36351,115139,79720,33867,85578,,
1886,PCGS,AU,58,2155841,Philadelphia,2,10.0,10.0,0.0,0.0,4193,2249,209119,227556,38214,39087,116915,85108,31486,83394,,
1885,PCGS,MS,66,2462995,New Orleans,1,10.0,10.0,0.0,0.0,1464,2575,179815,214605,20932,37857,125921,78833,25523,82850,,
1896,PCGS,MS,65,2285247,Philadelphia,1,10.0,10.0,0.0,0.0,2298,3331,210715,248394,24875,38330,133504,88910,31102,89509,,
1882,PCGS-CAC,MS,63,2078685,Carson City,2,10.0,9.0,1.75,1.0,3089,2692,195405,223758,37603,41927,116427,83673,34736,83959,,
1890,NGC,MS,64,2291140,New Orleans,2,10.0,10.0,0.0,0.0,1644,1672,166895,198606,19936,36212,121457,70574,24603,78657,,
1880,NGC,MS,66,2065718,San Francisco,1,10.0,10.0,1.75,0.0,1492,1296,197417,238151,24902,36373,113136,84992,31366,86064,,
1921,NGC,MS,64,2093026,San Francisco,2,10.0,10.0,3.95,3.95,8816,4455,195073,226870,52988,47878,124771,78701,36727,86570,,
1879,PCGS,MS,65,2084733,San Francisco,1,10.0,10.0,1.75,0.0,3576,1462,188656,233065,28770,35355,111766,84102,28890,84929,,
1881,PCGS,MS,67,2271212,Carson City,1,10.0,10.0,0.0,0.0,1440,1651,174070,196321,19964,28826,108101,70469,27000,75256,,
1889,NGC,MS,62,2248061,San Francisco,3,10.0,9.0,0.35,1.0,3672,2575,177915,204396,27782,37468,118505,70341,24259,89573,,
1890,PCGS,MS,62,2222991,New Orleans,2,10.0,10.0,0.0,0.0,4835,2738,184419,214302,32321,39883,122105,78782,27029,82525,,
1892,PCGS,MS,62,2237492,Carson City,1,10.0,10.0,0.0,0.0,6660,2124,202008,225787,38743,34852,116751,84372,33345,80843,,
1885,PCGS-CAC,MS,65,2259624,New Orleans,2,10.0,10.0,0.0,0.0,2142,2633,177605,220226,22026,36573,119478,79715,28717,83481,,
1878,PCGS,MS,63,2090197,Carson City,2,10.0,8.0,1.7,3.25,4416,2880,211138,227506,32468,44297,123789,76773,28511,83393,,
1884,NGC,MS,64,2128820,Philadelphia,1,10.0,10.0,0.0,0.0,1732,1599,187014,239512,20985,38326,121412,89692,27706,82815,,
1884,PCGS,MS,64,2181912,Carson City,1,10.0,10.0,0.0,0.0,4126,1507,190210,221072,29526,35128,108666,75991,26274,74366,,
1890,PCGS,MS,62,2257089,San Francisco,2,10.0,10.0,0.0,0.0,5045,1864,193289,210448,32639,35873,119335,73773,26050,78785,,
1878,PCGS,MS,62,2177349,Carson City,2,10.0,10.0,0.0,0.0,5647,1827,193752,220743,31731,35966,116250,83490,28627,80809,,
1901,NGC-CAC,AU,58,2277639,San Francisco,2,10.0,10.0,0.0,0.0,2143,1238,181108,220580,29871,37202,117596,82921,28233,84718,,
1902,NGC,MS,64,2248078,Philadelphia,1,10.0,10.0,0.0,0.0,2488,1832,192797,208417,25761,33883,123474,72345,25195,73144,,
1878,PCGS,MS,62,2155805,Philadelphia,1,10.0,10.0,0.0,0.0,4992,3581,210796,241211,43415,44445,105467,77739,31147,80420,,
1885,PCGS,MS,62,2169405,Philadelphia,1,9.0,9.0,0.0,0.0,7427,3580,210408,231832,42565,43338,116737,79579,29203,83031,,
1893,PCGS,MS,60,2126248,Carson City,1,10.0,10.0,0.0,0.0,3741,2071,223082,242775,41202,42317,125200,82337,32181,86458,,
1889,NGC,MS,63,2285233,Philadelphia,2,10.0,10.0,0.0,0.0,2721,3177,192125,237411,26751,43127,120944,85465,27324,87860,,
1884,PCGS-GSA-CAC,MS,65,2286270,Carson City,1,10.0,10.0,0.0,0.0,5169,3635,154968,141874,20544,30731,85919,47675,19761,53459,,
1885,NGC,MS,65,2248090,Philadelphia,3,7.0,10.0,2.65,3.6,15744,6567,258097,210367,67401,62005,125649,61501,44596,70494,,
1884,PCGS,MS,66,2087717,New Orleans,1,10.0,10.0,1.75,0.0,3514,2518,196773,225583,30872,38818,120928,88132,30679,85813,,
1884,PCGS,MS,64,1855766,New Orleans,1,10.0,10.0,0.0,0.0,1736,1861,201321,241916,21431,36961,124333,90186,35656,91351,,
1880,PCGS-CAC,MS,66,2035625,San Francisco,1,10.0,10.0,1.75,0.0,2696,1188,198265,227243,27430,33672,115815,80408,32201,82039,,
1880,PCGS-CAC,MS,64,2255012,Carson City,1,10.0,10.0,0.0,0.0,2253,1949,172570,203176,22157,33455,105703,72101,23379,73604,,
1887,NGC,MS,62,2285313,Philadelphia,2,10.0,10.0,0.0,0.0,3489,3355,193008,226701,28632,36443,124975,89472,26417,84392,,
1883,PCGS,MS,64,1855286,New Orleans,4,9.0,10.0,5.0,1.65,2618,1863,190684,222841,30001,36067,130245,88965,29421,83801,,
1882,PCGS,MS,65,2287687,Philadelphia,2,10.0,10.0,0.0,0.0,2392,2112,190263,230712,26594,37952,112110,77666,29956,73643,,
1879,PCGS,MS,62,2443412,Philadelphia,2,10.0,9.0,1.4,0.0,5451,3204,177329,207920,36495,36539,104949,72957,26890,82496,,
1885,NGC,MS,63,2298999,San Francisco,1,10.0,10.0,0.0,0.0,2244,3202,164227,208250,23365,39354,112580,76114,26456,76876,,
1884,PCGS,MS,67,2263147,Carson City,2,10.0,10.0,0.0,0.0,1733,1667,148585,184979,16797,31672,92908,60807,22590,70623,,
1897,PCGS-CAC,MS,65,2298650,Philadelphia,2,10.0,10.0,0.0,0.0,1148,1770,210063,249328,21416,40050,129831,84756,32095,91725,,
1894,PCGS,MS,63,1877803,San Francisco,2,10.0,10.0,0.35,0.35,2504,1447,194166,234014,29266,37744,122606,87758,31716,83582,,
1894,PCGS-CAC,MS,63,2272543,New Orleans,2,10.0,10.0,0.0,0.0,2804,2136,191066,205437,25744,32929,120641,74353,25292,76110,,
1883,PCGS,MS,62,2252558,San Francisco,1,10.0,10.0,0.0,0.0,4215,2996,187711,207036,31399,36084,113570,75457,26423,69949,,
1881,NGC-CAC,MS,66,2273701,San Francisco,1,10.0,10.0,0.0,0.0,1484,2131,207619,230368,24096,40414,123408,81802,28361,80886,,
1879,PCGS,MS,62,2166412,New Orleans,1,10.0,9.0,0.0,0.0,4156,2294,185123,205999,37049,38482,107229,73510,36679,90202,,
1888,PCGS,MS,65,2255626,New Orleans,2,10.0,10.0,0.0,0.0,3802,2590,174215,208757,30196,38426,120460,79877,26680,79010,,
1888,NGC,MS,65,2273736,New Orleans,2,10.0,9.0,0.0,0.0,2404,2551,168941,223292,25467,39512,123306,82288,20409,93023,,
1893,NGC,AU,55,2270602,Philadelphia,1,10.0,10.0,0.0,0.0,7961,4301,204903,234526,38058,41321,124535,86302,30495,80498,,
1898,PCGS,MS,65,2408873,San Francisco,2,9.0,9.0,0.0,0.0,3246,2001,179709,187110,28992,31937,110667,65567,29411,69860,,
1894,PCGS,MS,61,2223498,New Orleans,2,10.0,10.0,0.0,0.0,5861,1434,191428,220896,32010,32506,122967,81646,30108,85075,,
1880,PCGS,MS,64,2291772,Carson City,1,10.0,10.0,0.0,0.0,5822,2640,189968,192633,36216,40580,108792,53025,26137,83075,,
1900,PCGS-CAC,MS,65,2258016,New Orleans,1,10.0,10.0,0.0,0.0,3592,1447,185355,225450,29019,34509,123455,82479,22545,81874,,
1882,PCGS,MS,62,2064197,New Orleans,3,10.0,10.0,2.4,0.65,4959,2478,188809,224460,37403,36805,124933,86920,28436,82114,,
1883,PCGS-CAC,MS,66,2257049,New Orleans,1,10.0,10.0,0.0,0.0,2695,1947,174095,194079,20792,33540,117797,71763,24426,77818,,
1883,PCGS-CAC,MS,67,2269085,Carson City,2,10.0,10.0,0.0,0.0,1423,1359,163314,202863,17979,33226,99678,75389,24632,74461,,
1884,PCGS,AU,58,2202950,San Francisco,2,10.0,10.0,0.0,0.0,2615,3127,177010,227555,24566,37211,114600,75578,27174,88341,,
1897,PCGS,MS,63,2084743,New Orleans,2,10.0,10.0,0.0,0.0,3734,2708,202847,236730,32573,39274,122226,87488,31128,83849,,
1899,PCGS-CAC,MS,67,2154871,New Orleans,1,10.0,10.0,0.0,0.0,847,1365,188307,227438,19462,36231,120111,88208,30764,81669,,
1887,NGC,MS,61,2285319,Philadelphia,2,10.0,10.0,0.0,0.0,3596,3951,185495,221133,33292,42971,120764,82936,24672,80122,,
1894,PCGS,AU,55,2449902,New Orleans,3,10.0,9.0,0.0,0.65,3046,4089,198015,219794,34873,43120,129217,84861,37120,88425,,
1904,NGC,MS,65,2291080,New Orleans,3,9.0,10.0,2.0,0.35,3255,1613,203789,223153,36409,35689,127779,83281,31127,94235,,
1886,PCGS,MS,67,2163350,Philadelphia,1,10.0,10.0,0.0,0.0,3087,1356,209505,235073,26004,37297,126034,80895,30134,83729,,
1879,NGC,MS,64,2075241,San Francisco,2,9.0,10.0,1.75,0.0,3238,1416,196808,234003,33338,37107,113096,83591,30586,83175,,
1890,PCGS,AU,58,2155845,San Francisco,1,10.0,10.0,0.0,0.0,4652,2024,216887,260677,38260,44073,127495,87486,29328,87457,,
1881,PCGS,MS,65,2121771,San Francisco,1,10.0,10.0,0.0,0.0,2355,2247,201128,234228,25791,40649,115200,79384,29945,84186,,
1883,NGC,MS,61,2090186,New Orleans,3,9.0,7.0,1.75,0.0,7826,5139,209801,218844,54297,48082,119027,80729,42661,94444,,
1887,NGC,AU,58,2065819,San Francisco,1,9.0,10.0,0.0,0.0,5690,2709,218064,243885,41035,41637,126764,82207,30602,83502,,
1888,NGC-CAC,MS,64,2298702,Philadelphia,3,8.0,8.0,3.3,2.95,4639,2719,215683,204791,41236,37403,130429,71335,35511,85169,,
1882,PCGS,MS,65,2296626,New Orleans,2,9.0,9.0,0.0,0.35,4481,1870,196750,217289,37059,34228,132708,76729,25603,80574,,
1885,NGC,MS,64,2192904,New Orleans,2,9.0,9.0,0.0,0.0,4623,2892,141102,165953,24906,28351,100934,61090,23787,71659,,
1900,PCGS,MS,65,2121261,New Orleans,2,9.0,10.0,0.35,0.0,2396,2549,160780,221932,23729,37349,118487,90205,18325,83575,,
1894,NGC,AU,55,2177414,New Orleans,2,10.0,10.0,0.0,0.0,5548,3173,216778,240199,39329,41587,134627,83308,39294,92836,,
1904,NGC,MS,64,2026211,New Orleans,2,10.0,10.0,0.0,0.0,1662,1672,190121,230194,25058,33421,121262,84925,26788,85542,,
1886,NGC,AU,58,2449895,New Orleans,1,9.0,9.0,0.0,0.0,8672,4660,211553,237921,48758,41709,127076,89722,33413,89362,,
1904,NGC-CAC,MS,66,2284083,New Orleans,1,10.0,10.0,0.0,0.0,2770,1925,163993,179670,19180,31018,109627,67748,21188,64060,,
1883,NGC,MS,64,2293115,New Orleans,1,7.0,5.0,0.0,0.65,4835,3447,174363,196931,42471,41362,112538,72063,30298,83124,,
1903,PCGS,MS,64,2025094,New Orleans,3,8.0,8.0,3.95,3.3,3995,3163,170475,207895,25749,44001,122903,76863,17016,75525,,
1892,NGC,AU,58,2255022,Carson City,1,10.0,10.0,0.0,0.0,5995,2877,201562,224912,37242,42073,119514,81441,24341,75511,,
1878,NGC,MS,62,2065825,San Francisco,2,10.0,10.0,1.4,0.35,4534,3743,208338,244185,36863,51496,122555,78994,32880,85414,,
1890,PCGS,MS,64,2122819,Philadelphia,2,10.0,10.0,0.35,0.0,1306,1853,163661,209021,17390,34133,113924,84949,24454,73983,,
1897,PCGS,MS,64,2092965,Philadelphia,1,10.0,10.0,0.0,0.0,2360,2334,187222,178283,22710,31892,108339,55682,26571,68346,,
1884,NGC,MS,66,2085740,New Orleans,3,9.0,10.0,5.0,0.35,6136,6499,170664,196862,37208,48136,116749,76523,17368,74777,,
1904,NGC,MS,66,2207977,New Orleans,1,10.0,10.0,0.0,0.0,1448,2170,181453,231098,17896,34335,117421,84207,28577,84490,,
1921,NGC,MS,63,1872409,Philadelphia,2,10.0,9.0,0.0,0.35,3572,2853,213131,241215,36576,40843,126437,85581,32689,91992,,
1885,PCGS,MS,64,2257075,Philadelphia,2,9.0,9.0,0.0,0.0,4500,1977,169330,177603,25394,27838,101715,60711,20255,64036,,
1921,PCGS-CAC,MS,65,2261528,Philadelphia,4,8.0,10.0,3.25,0.0,8810,2306,218272,222308,43329,36119,127115,80592,39684,77429,,
1881,NGC-CAC,MS,64,2293660,San Francisco,2,10.0,9.0,0.0,0.35,897,1423,164620,193056,18788,39797,106639,75006,22312,69711,,
1881,PCGS,MS,63,2068657,San Francisco,2,10.0,10.0,1.75,0.0,2749,1752,195481,240808,28931,40316,121011,87025,27158,82869,,
1889,NGC,MS,63,2194934,New Orleans,1,10.0,10.0,0.0,0.0,6252,1418,212842,214312,36904,37136,123647,70981,32756,84188,,
1879,PCGS-CAC,MS,65,2295082,San Francisco,1,10.0,10.0,0.0,0.0,1531,1053,187938,222649,20768,33330,111671,76577,26703,76736,,
1883,PCGS,MS,65,2291075,Philadelphia,4,6.0,9.0,0.65,0.35,3517,2999,211598,215246,33539,40530,128611,82254,33636,80479,,
1883,PCGS,MS,66,2163342,Carson City,2,10.0,10.0,0.0,0.0,1626,1741,177719,215393,20209,34607,113777,82501,28088,78925,,
1890,PCGS,AU,55,2419821,Carson City,2,9.0,10.0,0.35,0.0,4167,3152,189025,238653,32761,43634,122820,87274,32615,85883,,
1921,PCGS,MS,62,2291356,Philadelphia,1,9.0,9.0,0.0,0.0,2480,1743,189925,225069,24162,34669,128760,79934,25020,86643,,
1896,PCGS,AU,58,2271216,New Orleans,2,10.0,10.0,0.0,0.0,5467,4267,226530,251988,45072,48228,134729,92315,37803,96558,,
1887,PCGS,MS,64,1850720,Philadelphia,1,10.0,10.0,1.05,0.0,1929,2210,202379,245538,23815,39204,122344,90519,33385,93037,,
1903,NGC,MS,64,2042623,New Orleans,1,10.0,10.0,0.0,0.0,3726,2721,205427,246686,33226,42262,125063,91227,29196,87744,,
1880,PCGS,MS,64,2289575,Philadelphia,1,10.0,10.0,0.0,0.0,1604,999,192271,232496,21681,31896,113191,79050,28469,84040,,
1889,ANACS,MS,64,2252594,Philadelphia,3,9.0,9.0,3.6,3.6,2151,1275,187885,217093,32389,40166,120818,77181,32111,73763,,
1896,PCGS,AU,55,1856765,New Orleans,3,8.0,9.0,3.25,1.3,2057,2139,179802,208108,29161,33123,111503,83145,29988,78156,,
1890,PCGS,MS,62,2223531,Philadelphia,1,10.0,10.0,0.0,0.0,4185,2787,191318,214680,29994,38005,121520,74797,25542,76205,,
1878,PCGS,MS,65,2151957,Philadelphia,1,10.0,10.0,0.0,0.0,2426,1644,208499,244783,23107,38293,117095,82070,27041,90676,,
1884,NGC,MS,62,2426887,San Francisco,1,10.0,10.0,0.0,0.0,2744,2024,194106,218822,28307,38536,122262,80233,29006,82269,,
1904,PCGS,MS,63,2248053,Philadelphia,1,10.0,10.0,0.0,0.0,4295,2824,195226,216551,30269,38211,122280,72736,19197,70339,,
1898,NGC,MS,63,2260565,New Orleans,0,9.0,7.0,0.65,2.0,16090,6772,200814,226346,69791,66399,113548,60272,36555,63000,,
1890,PCGS,MS,63,2177398,Philadelphia,1,10.0,10.0,0.0,0.0,2021,1339,201272,235105,22997,32231,121925,88283,29014,82948,,
1878,PCGS,MS,63,2223536,Philadelphia,2,9.0,9.0,0.0,0.0,9253,3072,186975,186043,36209,32748,107977,68759,23568,68215,,
1878,PCGS,MS,63,2447892,Carson City,1,10.0,10.0,0.0,0.0,2609,2705,185821,211393,25758,39154,120835,79363,27136,78566,,
1889,PCGS,MS,63,2008526,Carson City,2,8.0,7.0,0.0,0.0,2874,1361,200107,211770,29542,33524,112359,67819,26592,71470,,
1881,PCGS-CAC,MS,65,1888322,Carson City,2,10.0,10.0,1.75,0.35,1301,2764,167787,224987,20153,38334,115057,88688,22550,78545,,
1904,PCGS,MS,65,2232129,New Orleans,2,10.0,10.0,0.0,0.0,3601,1870,178799,200383,26393,31216,113433,70486,27988,74356,,
1902,PCGS,MS,62,2291357,Philadelphia,3,8.0,5.0,3.25,3.25,2352,3596,188715,237929,29358,45889,117121,80725,28045,84998,,
1902,ICG,MS,62,2289688,New Orleans,3,10.0,10.0,0.0,0.35,4893,3049,207533,227253,45825,44828,122356,77923,34049,86069,,
1878,NGC,MS,63,2289092,Philadelphia,1,10.0,10.0,0.0,0.0,5451,3101,165583,197531,25264,38583,109807,80658,23729,70130,,
1882,NGC,MS,63,2125828,New Orleans,2,10.0,9.0,0.0,0.0,5091,2277,172302,199970,25703,33130,115708,77235,24501,77118,,
1882,PCGS,MS,67,2291777,Carson City,2,10.0,10.0,0.0,0.0,1481,1478,190242,227459,20748,35437,114595,85043,29567,87434,,
1885,PCGS,MS,64,1883795,New Orleans,2,10.0,10.0,0.0,0.0,6299,2582,203176,227714,39669,43195,127125,83292,29916,86313,,
1879,PCGS,MS,65,2218469,San Francisco,3,10.0,10.0,0.65,0.0,4532,2079,175071,197012,31605,34115,108348,78741,23835,79454,,
1904,PCGS,MS,64,2296238,New Orleans,1,10.0,10.0,0.0,0.0,3079,1799,179768,199588,26411,31560,116077,74994,25058,70982,,
1886,NGC-CAC,MS,66,2420401,Philadelphia,1,10.0,10.0,0.0,0.0,1321,2381,198324,224050,22314,38473,127989,80951,24860,79633,,
1894,PCGS,AU,55,2287753,Philadelphia,1,10.0,10.0,0.0,0.0,3001,2517,205478,252119,31005,41176,124667,89043,32492,85639,,
1888,PCGS,MS,64,2275094,Philadelphia,3,9.0,10.0,1.0,0.0,3197,1743,160262,185652,24314,34351,110027,70497,19963,64870,,
1889,NGC,AU,58,2208427,Carson City,1,10.0,10.0,0.0,0.0,2420,2211,195854,230152,28215,36929,119602,86622,30593,85650,,
1878,PCGS,MS,60,2388289,Philadelphia,2,10.0,10.0,1.05,0.0,3970,3863,197110,225378,40093,40741,119211,81408,25863,79442,,
1880,PCGS,MS,65,2462985,San Francisco,1,10.0,10.0,0.0,0.0,2422,2592,186866,223279,21886,38611,116888,80034,26259,78649,,
1883,NGC-GSA,MS,64,2388299,Carson City,1,10.0,10.0,0.0,0.0,2072,3123,178763,210025,24134,39341,118518,83202,25336,79195,,
1881,NGC,MS,65,2000042,San Francisco,2,9.0,9.0,2.4,1.65,10626,5443,205431,199784,44982,51560,124189,69640,30601,81845,,
1904,NGC,MS,64,2289684,New Orleans,3,9.0,9.0,2.0,1.65,11611,6268,238536,233558,69670,58532,132266,76733,46699,93730,,
1887,NGC,MS,65,2363351,Philadelphia,1,10.0,10.0,0.0,0.0,1035,2241,187579,217194,18885,33791,128087,86368,24718,83635,,
1892,PCGS,MS,62,2289650,Carson City,1,10.0,10.0,0.0,0.0,5376,1099,193395,177829,40705,27363,112908,56274,31784,70497,,
1889,PCGS,AU,55,2034085,San Francisco,1,10.0,10.0,0.35,0.0,7141,3808,223066,259266,45109,47597,126944,85456,35645,87192,,
1921,PCGS,MS,65,2244271,Denver,1,10.0,10.0,0.0,0.0,3191,1982,201155,233756,25075,34550,115521,77147,23711,78193,,
1921,PCGS,MS,64,2029069,Philadelphia,2,10.0,10.0,1.95,0.0,6731,4467,203833,226320,34472,46846,125134,71303,30732,85861,,
1883,PCGS,MS,65,2099205,Carson City,2,10.0,10.0,1.75,0.35,1396,1357,169617,227041,19535,34974,112707,88092,28011,85036,,
1883,NGC,MS,64,2285236,Philadelphia,2,9.0,9.0,0.0,0.0,1792,1859,189815,217559,20858,37015,124557,84382,25842,78767,,
1878,PCGS,MS,62,2283316,Philadelphia,2,10.0,10.0,0.0,0.0,4095,2672,189327,207087,30493,42691,114666,75117,26061,78375,,
1878,NGC-CAC,MS,61,2421862,Philadelphia,2,8.0,6.0,0.0,0.35,6450,2178,175969,189391,46722,34566,97065,65557,32668,74440,,
1904,NGC,MS,65,2285177,Philadelphia,1,10.0,10.0,0.0,0.0,4719,3686,170463,193173,25548,34592,115510,74041,13819,70497,,
1884,PCGS,MS,65,2040088,New Orleans,2,10.0,10.0,1.75,0.0,1799,2150,180895,232996,21258,38637,121350,89461,28982,94210,,
1883,PCGS,MS,67,2101702,Carson City,1,10.0,10.0,1.75,0.0,1323,1296,194395,232642,19414,33906,120377,87693,31478,85931,,
1891,PCGS,MS,63,2227521,San Francisco,1,10.0,10.0,0.0,0.0,4539,3268,202653,237341,29607,42873,123656,82719,28003,78579,,
1899,PCGS,MS,65,2290072,San Francisco,2,10.0,10.0,0.0,0.0,3432,1868,202524,219299,23678,32275,121757,78519,29888,80395,,
1885,PCGS,MS,65,2261096,Carson City,2,10.0,10.0,0.0,0.0,4820,1651,181743,200946,26065,31945,108584,74456,26926,73523,,
1879,NGC,MS,61,2203059,San Francisco,1,10.0,10.0,0.0,0.0,3387,2015,186205,204807,31828,35784,115395,80288,27794,81093,,
1890,PCGS,MS,61,2428862,Carson City,1,10.0,10.0,0.0,0.0,2742,3118,203118,231797,30130,42475,124096,81180,29501,81901,,
1879,PCGS,MS,64,2182937,San Francisco,2,10.0,10.0,0.0,0.0,2905,1527,181040,229062,27920,37218,115464,89589,27397,85607,,
1882,PCGS,MS,65,2452443,San Francisco,1,10.0,10.0,0.0,0.0,2354,1880,171058,198866,23314,37214,110635,60363,27672,76717,,
1893,NGC-CAC,MS,62,2078692,Carson City,1,9.0,9.0,0.0,0.0,3262,2015,183667,209533,32458,33422,104174,76340,29216,77174,,
1904,PCGS,MS,65,2298669,New Orleans,2,10.0,10.0,0.0,0.0,1238,2225,170773,189843,19680,35510,125485,72828,21927,76705,,
1879,PCGS,MS,66,2295084,San Francisco,1,9.0,10.0,0.0,0.0,2201,1582,193013,226383,26629,39441,116393,81881,27753,78055,,
1900,NGC,AU,55,2016283,New Orleans,2,10.0,10.0,0.35,0.0,7768,5074,222839,240523,47489,46465,129965,90159,36909,87844,,
1887,PCGS,MS,64,2421972,San Francisco,3,9.0,10.0,3.25,2.6,3489,4931,183357,246271,34763,44370,118552,89646,31972,102776,,
1902,NGC,MS,64,2274217,New Orleans,3,9.0,10.0,0.0,0.0,6485,2915,216300,208412,51711,38079,134165,83202,35189,78090,,
1881,PCGS,MS,63,1856730,San Francisco,2,10.0,10.0,1.75,0.35,5142,2078,192955,232532,38929,38286,120515,88508,29610,86185,,
1885,NGC,MS,62,2298774,San Francisco,2,9.0,9.0,0.0,0.0,3360,3130,158879,212025,24401,35724,109237,83718,22163,75645,,
1899,PCGS,MS,65,2287718,New Orleans,1,10.0,10.0,0.0,0.0,1710,1104,190464,204610,23051,32918,117929,72935,30625,79898,,
1879,PCGS,MS,61,2121240,San Francisco,1,10.0,10.0,0.0,0.0,6725,3475,207545,217243,43918,48717,117254,75248,29558,81951,,
1899,PCGS,MS,64,2090224,New Orleans,2,10.0,10.0,0.0,0.0,1973,1467,172306,216977,22612,36940,117078,87348,26474,80233,,
1887,PCGS,MS,67,2076161,Philadelphia,2,10.0,10.0,0.0,0.0,1647,1472,187096,226262,23383,37607,118330,84605,29019,87447,,
1880,NGC,MS,64,2274216,San Francisco,3,9.0,9.0,0.0,3.25,2043,2864,172027,213594,22661,44913,120523,84212,28200,86942,,
1880,NGC,MS,64,2151978,San Francisco,1,10.0,10.0,0.0,0.0,3826,2206,193069,229755,33490,39953,111253,81004,25858,78342,,
1880,NGC,MS,62,2177358,New Orleans,2,10.0,9.0,0.0,0.0,1820,1529,185875,236859,22393,33456,112709,84264,27568,87785,,
1898,PCGS,MS,62,2462927,Philadelphia,2,10.0,10.0,0.0,0.65,3657,2797,193899,229870,31934,38299,120117,85755,25958,77910,,
1893,PCGS,MS,64,2224448,Philadelphia,1,10.0,10.0,0.0,0.0,2263,3382,173525,218315,20336,38064,114661,79775,26659,81426,,
1882,NGC-GSA,MS,65,1855752,Carson City,2,10.0,10.0,4.35,0.0,2215,2177,184764,237447,25614,36189,115661,89808,29448,84355,,
1899,PCGS-CAC,MS,67,1880919,New Orleans,0,10.0,10.0,0.0,0.0,1484,1691,195939,247143,17141,37099,122807,89953,34036,86249,,
1904,PCGS,MS,63,2261130,New Orleans,0,10.0,10.0,0.0,0.0,1987,2020,173000,194395,21559,31369,114119,71848,20949,71008,,
1878,PCGS,MS,62,2381602,Philadelphia,1,10.0,10.0,0.0,0.0,3202,2723,191880,223531,25345,38994,119109,80126,30423,84248,,
1881,NGC,MS,63,2295596,San Francisco,3,9.0,10.0,0.35,0.0,5536,1792,200288,198409,41940,42120,116557,66232,30815,77876,,
1885,NGC-CAC,MS,67,2270555,New Orleans,1,10.0,10.0,0.0,0.0,2670,3023,178484,212255,18025,34090,118173,77408,29909,80932,,
1878,PCGS-PQ,MS,66,2075311,Carson City,1,10.0,10.0,1.4,0.0,1861,2108,178255,220078,23233,38016,110777,81036,23828,82508,,
1880,PCGS,MS,63,1855787,San Francisco,2,9.0,9.0,2.4,0.65,2334,1428,196060,234951,29253,34042,119851,87342,28889,85900,,
1901,PCGS,AU,58,2291402,Philadelphia,2,10.0,10.0,0.0,0.0,1776,3327,187928,209021,24354,36557,121567,77266,28128,74329,,
1886,PCGS,MS,64,2110845,San Francisco,3,10.0,10.0,0.0,0.0,3064,2564,199248,254389,27590,41400,120139,88864,27277,89027,,
1884,PCGS,MS,64,2289084,Carson City,2,9.0,9.0,0.0,0.0,3039,1637,197216,207425,28109,33449,121308,76471,25792,71616,,
1921,NGC,AU,55,2120298,San Francisco,3,8.0,9.0,3.25,3.6,9246,5388,238315,267344,56120,55303,138169,88110,40301,98493,,
1889,PCGS,MS,64,2048149,Philadelphia,1,9.0,9.0,0.0,0.0,2109,1739,193039,232907,24205,32719,107691,74943,31973,83867,,
1883,NGC,MS,61,2298963,New Orleans,1,9.0,8.0,0.0,0.0,3147,3331,153404,158785,32485,33066,109629,64649,28444,75331,,
1880,ANACS,MS,62,2457000,Philadelphia,1,10.0,10.0,0.0,0.0,3068,2767,194242,236431,29218,42231,125941,88532,28323,86890,,
1881,PCGS-GSA,MS,64,2064219,Carson City,2,10.0,10.0,2.4,0.0,3015,2553,171681,224660,31707,35863,116717,90244,25166,88544,,
1878,PCGS,MS,64,2184401,San Francisco,1,10.0,10.0,0.0,0.0,3192,1393,188358,222741,25444,35693,113179,84087,27484,80648,,
1884,PCGS,MS,64,2445943,New Orleans,3,4.0,10.0,5.0,0.35,4198,3037,189644,212730,38413,45720,122525,82018,31136,73129,,
1885,PCGS,MS,63,2064193,Philadelphia,1,7.0,5.0,0.0,0.0,6064,3171,202809,206010,44050,36050,109819,69961,38357,86434,,
1903,PCGS,MS,65,2259690,Philadelphia,2,10.0,10.0,0.0,0.0,2651,2187,194516,210688,26469,34678,123915,75626,27405,83636,,
1889,PCGS-CAC,AU,58,2053610,New Orleans,2,10.0,10.0,0.0,0.35,1295,2678,183423,245879,21919,38910,118589,91588,26911,91634,,
1885,PCGS,MS,64,2093096,Philadelphia,3,10.0,10.0,1.75,0.65,3491,3877,204071,237346,35382,43545,127188,83795,35908,93351,,
1898,PCGS,MS,64,2248030,New Orleans,3,7.0,10.0,2.35,0.0,8097,2470,253445,227641,62254,40741,136437,79076,46483,89439,,
1893,PCGS,MS,62,2259033,Carson City,1,10.0,10.0,0.0,0.0,6339,2815,193966,236805,37831,37243,117449,84033,32626,86532,,
1896,NGC,MS,64,2248086,Philadelphia,4,10.0,8.0,2.35,3.6,4311,4400,186584,261297,32118,57041,113321,89895,23114,97414,,
1902,NGC,MS,63,2274254,New Orleans,3,10.0,10.0,0.0,0.0,1952,4538,197175,232859,24536,41776,124520,89396,30983,84024,,
1898,PCGS,MS,62,2248152,New Orleans,3,9.0,9.0,3.6,2.95,5197,2995,173434,177228,44813,38329,111457,56477,35290,75080,,
1898,NGC,MS,64,2274209,New Orleans,2,10.0,10.0,0.0,0.0,4096,3621,203334,225119,34556,38739,126162,88921,29081,85044,,
1898,NGC,MS,63,2296659,New Orleans,1,8.0,6.5,0.0,0.0,4507,1377,199045,190838,41926,32693,123050,65738,32387,75480,,
1898,PCGS,MS,65,2463605,San Francisco,1,10.0,10.0,0.0,0.0,2718,2660,195882,233939,28205,39009,127158,82793,28157,82826,,
1885,NGC,MS,61,2298959,San Francisco,2,9.0,10.0,0.0,0.35,4602,3074,154347,198978,26984,34138,97411,82499,21128,73054,,
1901,PCGS,MS,63,1883852,New Orleans,2,10.0,10.0,0.0,0.0,2603,1460,212014,249739,31660,34113,126155,91138,34388,84456,,
1893,PCGS,MS,64,1873866,Carson City,2,9.0,10.0,0.0,0.0,3155,1445,210334,249342,30181,37041,122665,89870,36819,87755,,
1886,NGC,MS,67,2035574,Philadelphia,1,10.0,10.0,1.75,0.0,1206,1393,196509,240020,20257,34597,122412,89254,27067,79828,,
1890,PCGS,MS,62,2440124,New Orleans,2,10.0,10.0,0.0,0.35,4202,3495,187294,205447,32860,37514,122532,82574,24425,73881,,
1885,PCGS,MS,63,2071183,Philadelphia,1,7.0,5.0,1.75,0.0,5612,3059,188553,196990,41147,37053,105997,68612,39771,87153,,
1880,NGC,AU,58,2120278,New Orleans,1,9.0,9.0,0.0,0.0,4697,2519,199868,244887,32899,42177,126075,89270,29048,89169,,
1885,PCGS,MS,65,1885885,Philadelphia,3,9.0,9.0,5.0,3.6,3531,4508,180647,229532,33046,43922,116259,85131,32894,89424,,
1879,PCGS,MS,63,2287705,New Orleans,1,10.0,10.0,0.0,0.0,2458,1814,184854,214411,27554,38149,114570,76277,26163,75241,,
1899,PCGS,MS,65,2235992,Philadelphia,3,10.0,10.0,0.0,0.65,2921,1811,174846,190309,25854,34698,116492,76707,25863,72149,,
1881,PCGS,MS,65,2287685,San Francisco,1,10.0,10.0,0.0,0.0,1960,1628,182880,198443,23967,35181,121304,71719,24272,72130,,
1882,PCGS,MS,63,2010027,New Orleans,2,9.0,9.0,1.75,0.35,3370,2568,185038,232375,33000,41675,123353,88104,26257,83500,,
1886,PCGS,MS,66,2291078,Philadelphia,3,10.0,3.0,0.0,1.95,15448,7930,205295,256244,79509,64680,128310,54718,41175,55151,,
1888,PCGS,MS,65,2291079,New Orleans,3,10.0,6.0,0.0,2.3,13711,7911,184197,200784,62286,57564,98413,51466,35029,50619,,
1882,NGC,MS,64,2252499,San Francisco,3,10.0,9.0,0.0,0.0,4495,3908,145310,188160,28221,42756,92985,68632,21359,67081,,
1881,NGC-CAC,MS,65,1867735,San Francisco,2,8.0,6.0,1.75,0.35,3876,1099,189980,195023,33278,32167,107306,66113,27399,69025,,
1901,PCGS,MS,64,2097786,New Orleans,1,10.0,10.0,0.0,0.0,1643,1886,200126,244538,23473,36881,122575,89843,33239,86867,,
1889,NGC,MS,65,2293674,Philadelphia,1,10.0,10.0,0.0,0.0,2648,1489,200318,238868,28681,39015,123057,81340,29809,87267,,
1884,NGC,MS,62,2090185,New Orleans,1,9.0,7.0,1.75,0.0,6987,2867,184561,156541,45622,35658,113199,49614,38335,76730,,
1886,PCGS,MS,65,2287733,Philadelphia,2,10.0,10.0,0.0,0.35,1622,2141,174781,191739,24112,34046,114975,72290,18829,69041,,
1885,NGC,MS,61,2223456,San Francisco,2,10.0,10.0,0.0,0.0,7025,2240,170822,205437,39800,36275,110294,73246,25639,80531,,
1881,PCGS-CAC,MS,65,2252556,Carson City,2,10.0,10.0,0.0,0.0,1405,2320,171286,211131,19351,37609,106534,79327,26214,79946,,
1878,PCGS,MS,62,2212503,Philadelphia,1,10.0,10.0,0.0,0.0,3541,2020,193046,210960,29920,31190,114683,75635,28016,78052,,
1903,PCGS,MS,65,2125938,New Orleans,1,10.0,10.0,0.0,0.0,2927,1666,214423,249120,29917,39137,126289,82599,29933,85390,,
1898,NGC,MS,64,1879876,Philadelphia,4,6.0,5.0,2.65,1.35,3204,2153,215333,207381,33339,39849,124957,70480,30791,77404,,
1878,PCGS,MS,65,2290574,Carson City,1,10.0,10.0,0.0,0.0,1703,2299,169402,197472,21919,34030,109059,73189,21370,78063,,
1886,PCGS,MS,63,1855725,Philadelphia,5,4.0,2.0,3.6,3.25,4693,2136,216410,233165,45907,38444,123194,84006,34620,90952,,
1885,PCGS-CAC,MS,65,1888315,New Orleans,2,10.0,10.0,1.75,0.0,1535,1844,188732,236112,20976,36023,115630,88239,34832,88444,,
1883,NGC,MS,63,1855706,New Orleans,2,10.0,10.0,1.75,0.0,3312,2558,178602,228166,30891,38651,119508,91015,27080,82936,,
1884,NGC-CAC,MS,65,2298646,New Orleans,3,10.0,10.0,0.35,0.35,1782,1972,153584,188107,22970,37364,115925,75333,14181,71840,,
1880,PCGS,MS,63,2151920,San Francisco,1,10.0,10.0,0.0,0.0,4316,1628,183217,215155,23691,29346,105361,74438,27448,75755,,
1880,NGC,MS,63,2260538,San Francisco,3,9.0,10.0,3.95,3.6,5855,2362,236421,234140,51858,44695,121081,84191,46430,86277,,
1903,NGC,MS,64,2293113,Philadelphia,1,10.0,10.0,0.0,0.0,1480,3396,185709,225516,19985,37782,126393,87229,25331,86322,,
1893,PCGS-CAC,MS,65,2282619,San Francisco,0,9.0,9.0,1.65,1.0,5124,2942,208172,214909,38070,38597,108463,72984,43800,82598,,
1880,NGC-CAC,MS,66,2198396,San Francisco,1,10.0,10.0,0.0,0.0,3984,1052,197875,220300,27114,32002,110935,78900,29584,80759,,
1899,NGC,MS,60,2289151,Philadelphia,2,10.0,10.0,0.0,0.0,4913,3888,218879,242856,43527,49136,134820,92328,34928,89432,,
1880,NGC,MS,64,2285241,Philadelphia,1,10.0,10.0,0.0,0.0,1733,1542,193145,214138,24986,34595,119709,72623,24880,76909,,
1902,PCGS,MS,62,2087693,San Francisco,1,10.0,10.0,0.0,0.0,6973,3297,217028,224404,45682,40830,127351,81026,30108,80086,,
1886,PCGS-CAC,MS,66,2284082,Philadelphia,1,10.0,10.0,0.0,0.0,1194,3470,178796,193593,17575,38528,116957,69951,20844,70408,,
1894,PCGS,MS,64,2408879,Philadelphia,2,10.0,10.0,0.35,0.35,1685,2628,176731,207319,26665,39167,118697,78540,23138,78811,,
1886,PCGS,MS,65,2289662,Philadelphia,2,10.0,9.0,0.0,0.0,2414,1582,178966,205189,27778,30507,99066,67492,24770,75637,,
1883,PCGS,MS,64,2036078,Carson City,1,10.0,10.0,1.75,0.0,3984,2159,192083,227194,31486,33064,116231,84913,33895,83486,,
1884,PCGS,AU,55,2270218,San Francisco,1,10.0,10.0,0.0,0.0,4103,2152,184766,208791,28195,36887,115049,75067,28409,76846,,
1896,NGC,MS,60,2172336,New Orleans,1,10.0,10.0,0.0,0.0,4591,1956,183531,218917,29210,33641,115232,86788,33432,82133,,
1903,PCGS,MS,64,2241061,Philadelphia,2,10.0,10.0,0.0,0.0,2909,2059,194021,215514,26564,35831,122693,75393,23820,70186,,
1887,PCGS-CAC,MS,65,2406348,Philadelphia,2,10.0,10.0,0.0,0.0,2636,4064,196537,223732,26345,42028,124199,83707,27353,81065,,
1897,NGC,MS,65,2151967,San Francisco,2,10.0,10.0,1.3,0.0,3130,1987,214658,252617,32022,43080,125735,85448,37269,90879,,
1880,NGC,MS,64,2075243,San Francisco,3,9.0,7.0,3.7,2.95,3652,2834,190454,213607,33395,48221,112697,76940,33536,81841,,
1883,PCGS-CAC,MS,65,2121766,Carson City,2,10.0,10.0,0.0,0.0,3171,2363,216644,252752,29993,38822,122331,85325,34920,90554,,
1881,NGC,MS,64,2420365,San Francisco,1,5.0,10.0,3.05,0.0,4928,2116,194330,199554,43534,40969,119670,73434,31140,77134,,
1888,PCGS,MS,62,2380927,New Orleans,2,10.0,10.0,0.0,0.0,5847,4654,200319,235009,42013,45714,123594,84890,31190,85340,,
1898,SEGS,MS,64,2154842,Philadelphia,1,10.0,10.0,0.0,0.0,4249,2525,198629,209396,29582,33838,114969,76562,32267,80924,,
1900,PCGS,MS,67,2408894,New Orleans,1,10.0,10.0,0.0,0.0,1042,2178,184761,230876,18165,37647,123371,85133,25213,80719,,
1883,PCGS,MS,64,2295600,New Orleans,3,8.0,10.0,1.65,0.65,2902,1649,171694,211874,32705,38927,103695,76412,31832,83416,,
1899,NGC,MS,63,2462453,Philadelphia,2,10.0,10.0,0.0,0.0,2647,1942,188471,213618,27900,40382,125103,84101,27202,81506,,
1899,PCGS,MS,66,2057125,San Francisco,1,10.0,10.0,0.0,0.0,6048,1215,210124,218786,40114,34291,124756,74339,30181,83401,,
1921,PCGS,MS,63,2241151,San Francisco,2,10.0,10.0,0.0,0.0,3335,3274,179501,220701,27152,35002,115869,79752,28056,83436,,
1902,PCGS,MS,63,2234687,San Francisco,2,10.0,10.0,0.0,0.0,4959,2924,191645,213874,30218,38339,119752,76846,23263,75379,,
1878,NGC,MS,63,2212626,Philadelphia,2,10.0,10.0,0.0,0.0,3204,1730,176338,209793,30779,35823,114514,79099,29918,83987,,
1890,PCGS,MS,64,2020038,Carson City,2,10.0,10.0,1.95,0.0,4009,2184,215746,241021,39136,39212,122561,88150,35847,84108,,
1903,NGC,MS,64,2259719,Philadelphia,2,10.0,10.0,0.0,0.0,1926,1508,222512,244374,27972,37043,132617,85278,40461,88765,,
1904,PCGS,MS,65,2296239,New Orleans,1,10.0,10.0,0.0,0.0,2228,2078,178591,179261,22632,31120,122641,69914,21019,72643,,
1890,PCGS,MS,64,2008535,San Francisco,4,6.0,5.0,5.0,3.3,11188,6876,248799,240699,70421,54460,134071,81006,36222,95191,,
1882,PCGS,MS,66,2295598,San Francisco,3,9.0,10.0,0.35,0.35,1045,1416,164384,197093,18525,36184,105744,65405,22900,74622,,
1895,PCGS,AU,58,1871758,New Orleans,1,10.0,9.0,0.0,0.0,2349,1761,197224,263064,28414,40590,126911,91378,34377,94595,,
1886,ANACS,MS,63,2177383,Philadelphia,2,10.0,10.0,0.35,0.35,4612,2929,210242,235111,35413,41118,125507,85577,34289,82552,,
1921,PCGS,MS,63,2177447,Denver,1,10.0,10.0,0.0,0.0,1491,2185,203275,244418,22533,38971,124053,88354,27708,81995,,
1881,PCGS,MS,62,2155828,San Francisco,2,10.0,10.0,0.0,0.0,4636,1634,208929,208546,47566,34757,116922,65318,28894,78865,,
1893,NGC,AU,58,2032133,New Orleans,0,10.0,10.0,0.0,0.0,2790,2292,206325,259785,29763,41666,124029,91361,35651,90347,,
1880,NGC-GSA,MS,62,2170895,Carson City,2,10.0,10.0,0.0,0.0,3303,1853,175646,206691,22881,33886,113428,82309,32262,76985,,
1885,PCGS,MS,65,2236066,San Francisco,1,10.0,10.0,0.0,0.0,3326,2151,178320,223600,23406,36689,106173,74726,24819,78358,,
1882,PCGS,MS,65,2296625,Philadelphia,1,10.0,10.0,0.0,0.0,1849,2071,188089,210250,20669,35769,111053,75227,25637,75672,,
1883,NGC-GSA,MS,65,2054162,Carson City,1,10.0,10.0,0.0,0.0,2053,1627,192509,237094,22501,38056,117529,86703,31706,84712,,
1879,PCGS,AU,58,2401350,San Francisco,2,10.0,10.0,1.75,0.0,5046,3220,179261,214036,31669,43086,116211,80789,29524,78815,,
1886,PCGS-CAC,MS,67,2291782,Philadelphia,1,10.0,10.0,0.0,0.0,2681,1322,183452,191985,26232,33760,112785,65245,28231,74026,,
1921,PCGS-CAC,MS,66,2212593,Philadelphia,2,10.0,10.0,0.0,0.0,1209,2491,171234,218208,18025,40903,120753,76950,16488,71724,,
1887,NGC,MS,64,1883391,Philadelphia,1,10.0,10.0,1.05,0.0,2475,1457,204507,234716,27139,35723,120010,88941,27617,80562,,
1898,NGC,MS,61,2293177,Philadelphia,3,10.0,10.0,0.35,0.0,3686,3777,182747,235367,35369,46124,127757,92820,29106,88211,,
1880,PCGS,MS,66,2247600,Philadelphia,1,10.0,10.0,0.0,0.0,2834,2122,189644,232692,24533,34621,115987,82836,26126,82343,,
1884,NGC,MS,63,1855771,New Orleans,2,10.0,10.0,1.75,0.65,2794,1813,198152,227171,31537,36384,122063,87696,32699,90031,,
1878,NGC-CAC,MS,65,2204424,San Francisco,2,10.0,10.0,0.35,0.0,2374,1478,146779,164255,23045,26816,102338,65312,22233,65747,,
1880,PCGS,MS,66,2420360,San Francisco,1,9.0,8.0,1.75,0.0,2672,2740,175267,202501,29029,34968,108509,67597,26007,73015,,
1880,PCGS-CAC,MS,66,2284079,San Francisco,1,10.0,10.0,0.0,0.0,3445,2114,169375,202435,26791,40198,110192,74652,25866,76244,,
1883,NGC-GSA,MS,64,2399387,Carson City,1,9.0,9.0,1.75,0.0,3945,3777,156093,176922,31509,39241,95639,56549,28777,72223,,
1881,PCGS,MS,65,2016260,Philadelphia,1,10.0,10.0,0.0,0.0,1707,1453,201698,247260,23790,35937,117131,87202,31400,89948,,
1886,PCGS,MS,64,1875413,Philadelphia,1,10.0,10.0,0.7,0.0,1476,1491,190689,243681,22247,35687,121529,89278,26939,87419,,
1900,PCGS,MS,65,2180880,New Orleans,1,10.0,10.0,0.0,0.0,1250,1783,197093,235378,18948,33899,124297,87553,29661,80965,,
1879,PCGS,MS,62,2212027,San Francisco,2,10.0,9.0,0.0,0.0,2973,2071,175169,205304,31449,40572,115033,72035,27138,75205,,
1880,PCGS,MS,64,2034639,Carson City,1,10.0,9.0,0.0,0.0,3356,2357,181552,208537,32099,40740,113047,75333,28653,82834,,
1883,PCGS,MS,64,2291455,Philadelphia,2,9.0,8.0,0.0,0.0,3753,1664,200876,202017,33400,35421,113336,68766,36924,84357,,
1882,NGC,MS,64,2275078,San Francisco,3,9.0,10.0,2.95,0.0,6700,1493,179547,188954,37294,33069,115804,71909,25999,69023,,
1889,PCGS,AU,55,2270299,San Francisco,3,10.0,10.0,0.0,0.0,6870,3916,183957,223758,31257,41660,115147,82247,28160,82357,,
1885,PCGS,MS,65,2224442,New Orleans,1,10.0,10.0,0.0,0.0,2998,2377,180375,210967,24107,37798,115969,79096,31366,77473,,
1882,ANACS,MS,64,2457007,San Francisco,1,10.0,10.0,0.0,0.0,2187,2869,181993,222555,24395,41772,120435,82501,25156,78156,,
1882,PCGS,MS,63,2068660,New Orleans,2,10.0,10.0,0.0,0.0,3069,1590,192673,237454,30877,36165,125032,85674,26896,89688,,
1880,NGC,MS,65,2075254,San Francisco,3,9.0,9.0,5.0,3.95,7908,3189,201997,180376,56101,42075,121971,64216,30368,76287,,
1880,NGC,MS,62,2065821,San Francisco,3,7.0,5.0,2.4,3.3,5317,2367,190880,165517,41563,32483,107966,55572,39272,67706,,
1879,PCGS,MS,65,2044587,San Francisco,3,9.0,9.0,5.0,3.25,3406,1648,177456,186774,36907,36334,103058,56385,33747,74033,,
1880,PCGS-CAC,MS,64,2078682,Philadelphia,1,10.0,10.0,0.0,0.0,2587,1806,201793,256884,25817,33640,114774,87392,33436,91664,,
1885,NGC,MS,63,2234010,Carson City,1,10.0,10.0,0.0,0.0,4406,2004,170832,201573,26976,32122,106876,77784,27356,78518,,
1886,NGC,MS,64,2029130,Philadelphia,3,5.0,10.0,5.0,0.0,12369,3501,288633,235495,78145,47260,145192,78320,49511,91455,,
1898,PCGS,MS,65,2000499,New Orleans,1,10.0,10.0,0.0,0.0,1236,1230,177193,232027,23858,35391,117816,84923,31356,86122,,
1885,PCGS,MS,65,2252137,San Francisco,3,9.0,10.0,0.65,0.35,3109,1571,157092,203622,26713,37569,107436,74202,24509,75625,,
1878,NGC,MS,62,2062876,Philadelphia,1,10.0,10.0,0.7,0.0,2438,2178,186269,223946,28934,34079,105705,81587,26778,90068,,
1898,NGC,MS,63,2274313,New Orleans,2,10.0,10.0,0.0,0.0,2778,2455,189158,228097,29717,39204,123383,84842,27926,86936,,
1921,PCGS,MS,65,2218487,Philadelphia,0,10.0,10.0,0.0,0.0,3589,2130,206819,240172,29885,37929,124192,81498,25033,83074,,
1879,PCGS,MS,65,2295083,San Francisco,2,10.0,10.0,0.0,0.35,2745,1651,192993,223933,29901,37200,125645,84517,25535,83788,,
1885,PCGS,MS,64,2276064,San Francisco,1,10.0,10.0,0.0,0.0,5638,2007,158942,179233,28438,33169,103273,65639,24506,68182,,
1884,PCGS,MS,63,2260547,New Orleans,3,8.0,5.0,3.0,0.0,2669,3389,163694,246934,27408,42785,99266,83809,38547,97851,,
1887,NGC,AU,55,2212628,San Francisco,2,10.0,10.0,0.0,0.0,6209,2665,182020,224483,30496,40262,115266,81417,31691,86423,,
1880,PCGS,MS,65,2296668,Philadelphia,2,10.0,10.0,0.0,0.0,3716,1638,211633,225883,34518,35623,130915,82257,30786,86783,,
1904,NGC,MS,64,2000043,New Orleans,4,8.0,9.0,3.6,2.95,5151,3308,218123,242045,41215,42189,129809,82959,34454,98544,,
1883,NGC,MS,64,2295605,New Orleans,3,9.0,10.0,0.35,0.0,1945,2022,170234,213641,22272,39055,117596,76595,24685,79558,,
1881,PCGS-CAC,MS,63,2445949,San Francisco,3,3.0,10.0,3.7,0.0,5013,2425,189595,211986,41241,44739,115247,73305,27386,75424,,
1921,PCGS,MS,65,2125875,Denver,1,10.0,10.0,0.0,0.0,3322,2073,200610,226574,25739,36908,121292,86108,25483,79313,,
1888,NGC,MS,64,2064211,New Orleans,2,10.0,9.0,0.35,0.65,3201,2179,185614,232005,30404,37777,122490,86387,33830,89282,,
1886,PCGS,MS,67,2063704,Philadelphia,1,10.0,10.0,0.7,0.0,1902,1894,194695,235904,24707,36241,122717,89698,26513,79744,,
1894,PCGS,AU,55,2279712,San Francisco,4,5.0,9.0,3.6,0.65,8399,3321,252691,241740,66924,45990,141626,83270,45819,93710,,
1884,NGC,MS,64,2296652,Philadelphia,2,10.0,10.0,0.0,0.0,2156,2643,192995,220624,26512,38596,122036,86028,28571,80019,,
1921,PCGS,MS,62,2454613,Denver,1,10.0,10.0,0.0,0.0,4470,2976,197283,218913,24439,36047,124460,81343,25223,72966,,
1884,PCGS,MS,64,2257069,Philadelphia,2,10.0,10.0,0.0,0.0,4445,9562,187104,188862,30570,58980,114102,52319,33628,61520,,
1898,PCGS,MS,65,2463814,Philadelphia,2,10.0,10.0,0.0,0.0,1571,2295,187707,225531,25035,36826,115023,77562,27401,86441,,
1880,PCGS-CAC,MS,68,1888290,San Francisco,1,10.0,10.0,1.75,0.0,878,1359,174919,234700,18282,34339,98853,83359,30608,88392,,
1889,PCGS,MS,64,2257085,San Francisco,1,10.0,10.0,0.0,0.0,3425,1231,191577,215040,27257,31533,115076,71053,26135,79972,,
1898,PCGS,MS,62,2102821,New Orleans,1,10.0,10.0,0.0,0.0,5696,1579,201389,233886,40885,34078,121338,86231,32760,83842,,
1881,PCGS,MS,66,2160327,Carson City,2,10.0,10.0,0.0,0.0,2262,1714,176929,208946,25283,37248,106689,67628,22867,80745,,
1902,PCGS,MS,64,2296694,Philadelphia,0,10.0,10.0,0.0,0.0,2218,1587,181571,207117,24825,35220,123991,73625,20055,76276,,
1883,PCGS,MS,64,2125939,New Orleans,3,8.0,9.0,3.05,0.0,3970,2629,161608,191418,25005,32888,102159,72036,26282,76668,,
1896,PCGS,MS,64,2029095,Philadelphia,3,9.0,9.0,3.6,3.25,7147,3322,190725,207750,38832,37871,113363,76267,35194,88890,,
1898,PCGS,MS,66,2087719,New Orleans,1,10.0,10.0,0.0,0.0,1328,1704,200912,232559,22931,34022,124810,86043,31109,86592,,
1891,PCGS,MS,66,2291785,Carson City,1,10.0,10.0,0.0,0.0,1834,1229,174876,203729,23925,29893,109583,74577,28839,78098,,
1900,PCGS,MS,66,2295125,New Orleans,1,10.0,10.0,0.0,0.0,1836,2744,214527,232651,25574,38077,132502,80315,29289,79359,,
1902,PCGS-CAC,MS,64,2078699,Philadelphia,2,9.0,9.0,0.0,0.0,1819,1026,202764,241022,23242,33593,118747,80942,29631,83428,,
1886,PCGS,MS,68,2261017,Philadelphia,2,10.0,10.0,0.0,0.0,2087,2377,188473,224454,20787,34361,119552,81458,27273,81519,,
1891,PCGS,MS,63,2288241,San Francisco,1,10.0,10.0,0.0,0.0,5174,2427,203412,216042,37140,38267,123540,81112,24225,73642,,
1885,NGC,MS,65,2295612,New Orleans,2,10.0,10.0,0.35,0.0,1903,2310,158529,201020,20402,42692,106231,70254,23864,76642,,
1894,PCGS,MS,65,2247995,San Francisco,2,10.0,10.0,0.0,0.0,2721,3054,185825,217045,24262,39602,117793,75449,27274,73358,,
1884,PCGS,MS,67,2234009,Philadelphia,1,10.0,10.0,0.0,0.0,1885,1501,188519,213900,19329,32479,112491,77412,33817,81629,,
1890,PCGS,MS,63,2151911,New Orleans,3,9.0,10.0,3.6,2.65,7181,4454,200710,205371,50930,45343,125141,74274,35125,75554,,
1880,NGC,MS,64,2075239,San Francisco,3,9.0,7.0,4.35,3.6,7559,3659,193655,197994,52612,43586,106728,68368,34276,82063,,
1891,NGC,AU,55,2177403,Carson City,3,9.0,8.0,3.6,3.25,6392,4632,227932,237526,54917,47473,127020,90943,42843,88112,,
1898,PCGS,MS,62,1857745,Philadelphia,3,10.0,10.0,1.0,1.0,2815,1318,181264,227538,25453,37777,123484,92154,28159,81974,,
1887,NGC,MS,63,2128826,Philadelphia,1,10.0,10.0,0.0,0.0,3641,1925,193759,239952,32084,37894,118293,89038,29377,84722,,
1880,NGC,MS,63,2248531,San Francisco,1,10.0,10.0,0.0,0.0,5212,2350,174912,208455,32391,33419,99509,78832,26014,78593,,
1878,PCGS,MS,64,2223476,San Francisco,2,9.0,10.0,0.0,0.0,4325,2567,189938,191706,31234,34003,109791,66599,29051,70409,,
1881,PCGS,MS,64,2155824,San Francisco,2,10.0,10.0,0.0,0.0,3262,1473,214314,238769,29012,34331,115267,78292,32061,83001,,
1899,NGC,MS,62,2227519,Philadelphia,2,10.0,10.0,0.0,0.0,5016,2484,187817,211103,33299,39876,121249,76393,24217,78516,,
1881,NGC,MS,65,2413378,San Francisco,1,10.0,10.0,0.0,0.0,2558,2529,184683,200927,25291,41139,115758,75374,26430,76143,,
1881,PCGS,MS,63,2270304,San Francisco,2,9.0,10.0,0.0,0.0,4348,3088,174254,207137,28267,37361,113170,75880,25671,79105,,
1880,NGC,MS,64,2030665,San Francisco,1,7.0,8.0,0.0,0.0,4145,1341,176577,201164,37553,33422,104277,73188,29333,74659,,
1880,PCGS,MS,64,2258085,San Francisco,1,9.0,9.0,0.0,0.0,4579,2923,171189,195337,27953,35816,98923,63771,25323,66910,,
1881,PCGS,MS,64,2429488,San Francisco,3,9.0,10.0,1.75,0.0,2539,1269,173266,200199,27988,34809,109552,74364,18846,75705,,
1884,PCGS,MS,63,1857754,Philadelphia,1,10.0,10.0,1.75,0.0,3660,1643,194625,242822,35391,37025,122361,89845,30361,85792,,
1879,NGC,MS,64,2399316,San Francisco,1,10.0,10.0,0.0,0.0,4496,1219,180994,206870,36593,35726,110873,78353,25654,72187,,
1884,PCGS,MS,64,2093091,Philadelphia,1,10.0,10.0,1.75,1.3,2670,1823,182182,218472,25511,35929,114297,84991,28806,83775,,
1881,NGC,MS,67,2270240,Carson City,3,9.0,10.0,2.35,0.35,10244,8245,195941,200009,55676,61996,89909,59498,41788,67244,,
1889,PCGS,MS,64,2298358,New Orleans,2,10.0,10.0,0.0,0.0,2256,3300,190115,255590,24193,44348,124613,93067,30721,89176,,
1904,NGC,MS,63,2224467,New Orleans,1,10.0,10.0,0.0,0.0,4304,2860,179548,211268,29067,37279,122827,75078,22739,77588,,
1898,PCGS,MS,66,2289083,New Orleans,1,10.0,10.0,0.0,0.0,1874,2268,203985,243917,23249,38849,133222,88751,29883,87827,,
1880,PCGS-CAC,MS,63,2279071,Carson City,1,10.0,10.0,0.0,0.0,3739,1455,204840,217834,33116,37684,112917,64293,32275,87799,,
1898,PCGS,MS,65,2063653,New Orleans,2,10.0,10.0,0.0,0.0,1891,2474,190838,252957,24887,41180,118320,87978,33897,88892,,
1880,PCGS,MS,63,2288131,New Orleans,3,9.0,9.0,0.0,0.0,1890,2295,187459,232845,26596,37048,123171,84090,29917,83741,,
1921,PCGS,MS,65,2104712,Denver,1,10.0,10.0,0.0,0.0,1231,1511,206403,242077,22566,38003,124271,87633,26243,82713,,
1878,PCGS-CAC,MS,65,2298322,Philadelphia,1,10.0,10.0,0.0,0.0,2954,1328,203370,234821,26628,35093,117614,74839,29732,93738,,
1882,PCGS,MS,66,1875403,Carson City,1,10.0,10.0,0.0,0.0,1783,1218,196188,227140,19819,33102,118405,85890,33230,81841,,
1884,PCGS,MS,65,2257071,Carson City,2,10.0,10.0,0.0,0.0,4166,1621,172135,184776,29805,34800,112183,70772,26334,74535,,
1900,PCGS,MS,63,2177434,New Orleans,2,10.0,9.0,0.35,2.95,6623,3647,199213,227513,43590,42023,130466,83696,23972,87508,,
1881,PCGS,MS,64,2270301,Philadelphia,1,10.0,10.0,0.0,0.0,3256,1720,192245,217312,22200,36932,113656,71984,26448,77068,,
1883,NGC,MS,64,2462450,Carson City,2,10.0,10.0,1.75,0.0,1482,1550,170380,201717,21020,32400,114667,76756,27192,78729,,
1879,PCGS,MS,64,1883840,San Francisco,2,10.0,10.0,1.75,0.35,2490,788,182555,248823,24521,37987,111738,87853,25569,92026,,
1893,NGC,MS,63,2121343,New Orleans,1,10.0,10.0,0.0,0.0,4486,1522,200928,242348,28880,34643,118503,88802,33707,87041,,
1880,NGC,MS,64,2030664,San Francisco,1,7.0,8.0,0.0,0.0,3683,1020,172201,195859,32074,33312,105215,71851,23282,71911,,
1890,PCGS,MS,62,2462925,Philadelphia,1,10.0,10.0,0.0,0.0,2655,1744,195507,226223,25723,35330,120094,82860,30488,84214,,
1888,NGC,MS,61,2087167,New Orleans,1,10.0,10.0,0.0,0.0,3511,2521,205910,248617,34344,38048,124132,91894,35502,88187,,
1898,PCGS,MS,67,2408876,New Orleans,2,9.0,8.0,0.0,0.0,973,1928,170374,190266,17460,31821,114362,72867,24323,70735,,
1901,PCGS-CAC,AU,55,2044593,Philadelphia,2,10.0,10.0,0.0,0.0,1745,2774,178457,223336,26344,40376,120736,86020,28114,79891,,
1885,NGC,MS,63,2274316,New Orleans,3,10.0,10.0,0.0,0.0,4692,3071,175547,221372,34755,43938,124768,86424,25821,82912,,
1904,PCGS,MS,65,2462458,New Orleans,1,10.0,10.0,0.0,0.0,3059,2581,190710,210826,31938,37263,120940,76637,29006,73802,,
1880,PCGS,MS,66,2408817,Philadelphia,2,10.0,10.0,1.75,0.0,2247,1402,166698,221668,22583,34770,121566,80628,22046,79925,,
1883,NGC,MS,62,1883388,Philadelphia,3,10.0,9.0,1.75,0.0,3460,1403,202052,236132,32173,34538,120655,89978,33514,84939,,
1879,PCGS,MS,62,1883774,San Francisco,1,10.0,10.0,1.75,0.0,5936,1033,193896,233688,47789,35462,119905,87646,27187,86323,,
1878,NGC,MS,64,2272054,Carson City,3,10.0,10.0,2.65,1.0,3871,3314,209825,233648,40364,43422,129019,85087,37779,103924,,
1893,PCGS,MS,61,2461065,Carson City,1,10.0,10.0,0.0,0.0,4766,1748,202573,210449,40162,35564,121032,75551,30213,79862,,
1903,PCGS,MS,64,2064153,New Orleans,2,10.0,10.0,0.65,0.0,1313,2460,191983,234153,25008,36950,119774,87120,26723,83274,,
1881,NGC,MS,67,1888285,San Francisco,1,10.0,10.0,1.75,0.0,3620,1743,214223,244191,28382,37533,123384,85351,31764,85428,,
1904,NGC,AU,58,2289121,New Orleans,3,9.0,7.25,0.0,0.0,2496,3027,188049,225068,27151,40061,127911,87996,28347,86684,,
1886,PCGS,MS,65,2224443,Philadelphia,2,10.0,10.0,0.0,0.0,4888,1614,179014,197823,28696,33782,119106,75948,23332,73676,,
1897,NGC,MS,61,2120292,Philadelphia,1,10.0,10.0,0.0,0.0,5050,1658,200939,230754,38482,37130,117428,86449,30214,84468,,
1881,PCGS,MS,66,2105706,San Francisco,2,10.0,10.0,0.0,0.0,2673,3080,200158,232791,26038,41809,111857,74630,27923,79883,,
1904,ANACS,MS,64,2285310,New Orleans,3,9.0,7.0,0.65,0.35,3870,2551,168573,184358,27164,30948,107126,69695,22190,70812,,
1878,NGC,MS,63,2289145,San Francisco,1,10.0,10.0,0.0,0.0,3627,1490,193335,184527,30485,31363,117784,61805,22926,76893,,
1883,NGC-GSA,MS,65,2260066,Carson City,2,10.0,10.0,0.0,0.0,2252,3254,167630,215191,25989,36339,110440,81555,29693,82229,,
1921,NGC,MS,64,2194946,San Francisco,2,10.0,10.0,0.0,0.0,2978,2944,179851,219738,26309,41468,121331,82189,29861,91293,,
1884,PCGS-CAC,MS,66,2154823,Carson City,2,10.0,10.0,0.0,0.0,5272,1821,174263,213868,26470,34640,112991,88165,22793,76998,,
1889,PCGS,MS,64,2071215,San Francisco,3,9.0,9.0,1.0,2.0,10620,9616,238472,272434,59508,64100,129770,90220,53278,111007,,
1885,NGC,MS,65,2257579,Philadelphia,3,10.0,8.0,0.35,3.25,3493,4850,177573,218586,29003,46532,115672,81426,25528,75275,,
1881,NGC,MS,66,2184446,San Francisco,1,10.0,10.0,0.0,0.0,3198,2240,198304,234465,29775,39255,125917,88527,23896,81684,,
1878,PCGS,MS,63,2187394,Philadelphia,2,10.0,10.0,0.0,0.0,2693,2673,161665,227992,22926,34571,88496,84642,20187,77179,,
1895,NGC,MS,61,2105711,New Orleans,2,10.0,10.0,0.35,3.95,2922,2105,205486,228479,35240,38721,132463,82935,35639,88042,,
1879,PCGS,AU,55,1871763,Carson City,2,10.0,10.0,1.4,0.0,2502,3331,204437,245225,31807,43700,118147,91728,38208,83688,,
1881,PCGS,MS,64,2160473,San Francisco,1,10.0,10.0,0.0,0.0,4156,2092,211652,237651,34204,34992,116668,78730,29181,82184,,
1878,ICG,MS,64,2275098,Philadelphia,3,3.0,10.0,2.95,0.0,5171,2180,171915,189616,42717,36596,108618,69899,29393,69080,,
1880,NGC,MS,63,2465568,San Francisco,3,6.0,10.0,5.0,0.35,2830,1422,193990,200934,32222,32214,113213,74166,28316,73197,,
1880,PCGS-CAC,MS,63,2258044,New Orleans,1,10.0,9.0,0.0,0.0,6359,2012,156856,178721,32902,27692,91058,57158,29074,79402,,
1897,PCGS,MS,65,2295119,Philadelphia,2,10.0,10.0,0.0,0.0,4257,3077,214589,242512,39892,44473,125054,86631,35121,87316,,
1879,PCGS,MS,67,2298618,San Francisco,1,10.0,10.0,0.0,0.0,1014,1043,162533,204439,17183,32867,98076,74959,23125,73392,,
1881,PCGS,MS,64,2015054,Carson City,2,9.0,9.0,1.75,0.0,2291,1710,162508,207059,26935,34326,101837,70526,21417,75384,,
1886,PCGS,MS,63,2296633,San Francisco,1,10.0,10.0,0.0,0.0,4171,1302,216645,247883,37202,37032,131715,85639,29056,85699,,
1898,NGC,MS,65,2296658,New Orleans,2,10.0,10.0,0.0,0.0,2472,1401,194862,237499,26877,39171,127147,87633,32405,94149,,
1887,PCGS,MS,65,1885882,Philadelphia,4,9.0,9.0,4.3,3.6,5726,2263,199469,214450,43783,44829,118580,74412,32696,84978,,
1899,PCGS,MS,64,2097787,New Orleans,1,10.0,10.0,0.0,0.0,2540,1605,185403,231003,24880,35242,117085,87495,28211,81554,,
1878,PCGS,MS,63,2298747,Philadelphia,2,10.0,10.0,0.0,0.0,4495,2129,179248,230407,28961,39222,110730,85484,24289,85774,,
1887,PCGS,MS,63,2122818,New Orleans,2,10.0,10.0,0.0,0.0,3955,2436,197330,228503,27324,36764,122404,85936,32724,82089,,
1881,PCGS,MS,64,2182944,New Orleans,2,10.0,10.0,0.0,0.0,4493,2305,188690,232710,30202,35880,116927,86222,32215,87463,,
1888,PCGS,MS,66,2295113,Philadelphia,2,10.0,10.0,0.0,0.0,1651,2006,207546,238805,24342,37571,132568,87068,26181,92572,,
1890,PCGS,AU,58,2034074,San Francisco,1,10.0,10.0,0.0,0.0,1708,1613,196238,237365,22327,35689,121873,87770,33227,80557,,
1883,PCGS-CAC,MS,66,2257066,Carson City,1,10.0,10.0,0.0,0.0,2272,1959,186019,210335,22145,32336,114928,79262,27749,78880,,
1891,NGC,MS,62,2192927,Carson City,1,10.0,10.0,0.0,0.0,2397,1423,202334,247889,27347,36736,121838,88532,33376,83288,,
1902,PCGS,MS,66,2295128,New Orleans,2,10.0,10.0,0.0,0.0,1490,2194,195393,238400,24177,43471,121660,84508,29723,87568,,
1902,PCGS,MS,64,1883830,New Orleans,1,10.0,10.0,0.0,0.0,3700,1982,208539,226262,29734,36525,128287,75115,31056,84944,,
1881,PCGS,MS,64,2296624,New Orleans,0,10.0,10.0,0.0,0.0,3290,1570,195721,209349,27950,34573,117404,74470,26941,75479,,
1900,PCGS,MS,66,2204045,Philadelphia,1,10.0,10.0,0.0,0.0,2560,1891,180109,210455,22584,35293,113870,80059,32291,77387,,
1888,NGC,MS,64,2298760,New Orleans,2,10.0,10.0,0.0,0.0,2885,1086,178141,229113,24633,38269,123835,81739,25014,86452,,
1896,NGC,MS,64,2274315,Philadelphia,2,10.0,9.0,0.0,1.95,2521,2937,193919,196038,26920,41356,126143,73307,27071,78633,,
1883,NGC,MS,64,2194947,Philadelphia,1,10.0,10.0,0.0,0.0,2122,1768,192144,229555,23478,34925,119909,88084,29509,83461,,
1885,PCGS,MS,67,2288130,Philadelphia,2,10.0,10.0,0.0,0.0,860,1706,183200,209067,18951,34523,117291,77467,25869,76575,,
1895,PCGS,AU,58,2452008,New Orleans,2,9.0,9.0,0.65,1.95,1641,2242,199582,228890,26494,38279,130413,84526,30188,84090,,
1885,PCGS,MS,66,2270563,New Orleans,2,10.0,10.0,0.0,0.0,4358,2005,167934,209743,23992,32513,102521,77705,32243,82318,,
1880,PCGS,MS,65,2420352,San Francisco,3,9.0,9.0,3.7,2.6,1535,1463,187479,181033,20807,33296,110717,63516,35491,80307,,
1884,NGC,MS,64,2248084,Carson City,4,9.0,9.0,3.6,3.6,12133,4560,229572,246588,59645,58261,125935,82945,33856,82500,,
1903,PCGS-CAC,MS,65,2065157,New Orleans,2,9.0,9.0,1.95,1.65,1742,1721,190371,227920,27913,36723,124630,87962,34881,85921,,
1885,PCGS,MS,64,2029083,Philadelphia,2,10.0,10.0,2.4,0.0,2952,1362,202611,230230,29439,35361,121915,84279,30101,81932,,
1882,PCGS,MS,62,2203063,New Orleans,1,10.0,9.0,0.0,0.0,3844,2530,170917,189837,28190,35708,102452,74385,26302,78201,,
1888,NGC,MS,63,2291134,Philadelphia,1,9.0,9.0,0.0,0.0,2515,1860,186157,208874,28738,38415,122816,81252,24215,77643,,
1892,PCGS,MS,65,1888298,Carson City,1,10.0,10.0,0.0,0.0,2185,1386,202810,239616,27244,36567,121884,90031,32661,83569,,
1899,PCGS,MS,66,2203919,New Orleans,2,10.0,10.0,0.0,0.0,4050,1713,192075,208716,29694,34503,120092,76044,30861,79788,,
1921,PCGS,MS,66,2184375,Denver,1,10.0,10.0,0.0,0.0,2518,2184,199242,229569,21756,37259,124661,88423,24327,72080,,
1878,NGC-GSA,MS,63,2193392,Carson City,1,9.0,9.0,0.0,0.0,3663,1871,175126,199385,30569,32375,99890,69812,23321,72921,,
1882,PCGS,MS,63,1855284,San Francisco,3,9.0,5.0,2.4,2.6,3797,2636,202355,226779,36254,40091,116818,73149,28019,82419,,
1891,PCGS,MS,63,2170862,Carson City,3,9.0,10.0,1.0,0.0,3627,3019,183540,212357,34694,40534,118320,77366,24785,85933,,
1883,PCGS,MS,64,2458502,Carson City,2,10.0,10.0,0.0,0.0,3331,1953,188412,227839,29858,38713,119499,84798,28486,84587,,
1897,PCGS,MS,65,2408890,New Orleans,2,10.0,10.0,0.0,0.0,1429,1763,179385,220789,19386,36334,123459,81269,25432,83555,,
1879,PCGS,AU,55,1885870,New Orleans,2,10.0,10.0,0.0,0.0,7692,4382,219942,246549,48170,48232,126390,83600,30634,84273,,
1886,NGC,MS,64,1888337,Philadelphia,1,10.0,8.0,0.0,3.6,2890,4847,202808,224719,26363,53400,125076,81371,30435,86282,,
1921,PCGS,MS,64,2288245,Denver,1,10.0,10.0,0.0,0.0,3790,1867,234363,254286,36186,38833,138046,88946,30587,87728,,
1921,PCGS,MS,65,2079719,Philadelphia,2,10.0,10.0,0.0,0.0,1944,2313,199717,245162,25210,39186,115048,87107,28585,82290,,
1894,PCGS,MS,63,2193384,San Francisco,2,8.0,8.0,0.0,0.0,4757,2053,203457,216864,37930,36098,122923,77504,28536,76340,,
1921,NGC-CAC,MS,66,2273749,Philadelphia,2,10.0,10.0,0.0,0.0,2259,2558,204596,234970,23649,40325,132709,85317,27554,84985,,
1881,PCGS-CAC,MS,63,2283413,San Francisco,1,9.0,9.0,0.0,0.0,2075,1856,181073,198140,28119,41185,126342,67517,23915,73458,,
1892,PCGS,MS,62,2453880,Philadelphia,1,10.0,10.0,0.0,0.0,2684,2740,189179,233089,27187,39497,121901,86013,29894,80510,,
1883,NGC,AU,58,2032139,San Francisco,2,10.0,10.0,1.75,0.0,3503,1933,200852,239405,35479,41583,115659,85216,32450,87782,,
1880,NGC-CAC,MS,65,2274211,San Francisco,1,10.0,10.0,0.0,0.0,1639,1792,169718,201929,21364,35776,103156,73889,24109,72557,,
1921,PCGS,MS,65,2120274,Philadelphia,1,10.0,10.0,0.0,0.0,2157,2256,198720,239687,23923,41329,122376,87855,28017,78496,,
1883,PCGS,MS,62,1857743,Philadelphia,2,10.0,10.0,1.75,0.0,2099,1734,195907,242133,26936,38308,121916,91176,32925,86917,,
1884,NGC,MS,64,2176861,Carson City,1,10.0,10.0,0.0,0.0,2569,2027,182633,224562,21422,34427,115469,86999,28861,78537,,
1921,PCGS,MS,64,2286666,Philadelphia,2,10.0,10.0,0.0,0.0,4259,2531,197253,229733,30952,36339,123744,82753,22438,76233,,
1886,PCGS-CAC,MS,66,2281310,Philadelphia,1,10.0,10.0,0.0,0.0,1275,1560,187088,214283,20420,34820,114836,74681,24402,76705,,
1882,PCGS,MS,64,2225976,Philadelphia,1,10.0,10.0,0.0,0.0,2729,1863,188483,245190,23026,36713,114332,87865,28944,86876,,
1882,NGC,MS,68,2075354,San Francisco,1,10.0,10.0,0.0,0.0,798,1138,198792,229403,20290,38510,119041,79140,27289,83539,,
1878,PCGS,MS,64,1879965,Philadelphia,2,10.0,10.0,1.05,0.0,1976,1180,199718,230038,25535,31141,114574,75970,28720,91978,,
1889,PCGS,MS,65,2232116,Philadelphia,1,10.0,10.0,0.0,0.0,2941,3026,184800,219734,23116,36677,119977,83106,19360,74801,,
1881,PCGS,MS,65,2296672,San Francisco,1,10.0,10.0,0.0,0.0,3062,2686,210718,228719,29924,41119,129389,79113,26800,79606,,
1884,PCGS,MS,62,2451034,Carson City,1,10.0,10.0,0.0,0.0,4436,2404,199797,213575,33931,34177,119666,80322,28959,78834,,
1884,PCGS,MS,63,2457152,Carson City,1,10.0,10.0,0.0,0.0,2699,2866,177195,218712,27504,41305,117954,80517,25176,78554,,
1878,PCGS,MS,62,1883771,San Francisco,2,9.0,10.0,2.05,1.65,5251,1587,203503,233540,45204,38406,123272,88015,31354,88248,,
1884,NGC,AU,58,2102787,San Francisco,2,9.0,10.0,2.4,0.65,5310,2692,214021,240639,37719,43536,123524,80610,31521,87151,,
1884,PCGS,MS,67,2443671,Carson City,1,10.0,10.0,0.0,0.0,1516,2582,177960,213508,18553,37070,118179,84199,25882,79212,,
1887,PCGS,MS,61,2025069,New Orleans,1,10.0,10.0,0.0,0.0,3197,2098,210964,255468,29145,38852,124084,90900,33193,90907,,
1892,PCGS-CAC,AU,55,2248560,San Francisco,2,10.0,10.0,1.3,0.65,5634,3417,188718,200127,40958,36109,115707,78868,30438,78242,,
1881,PCGS,MS,65,2183881,Carson City,1,10.0,10.0,0.0,0.0,3738,2327,193249,233148,27301,37942,118737,88498,30257,81269,,
1883,NGC,MS,67,2419810,Philadelphia,3,9.0,10.0,2.4,1.0,1231,2557,160355,195011,20879,37743,115232,85419,21215,72122,,
1887,PCGS,MS,65,2291871,Philadelphia,3,9.0,10.0,4.3,0.0,3598,3340,188865,209476,32474,36629,120316,80706,26178,77288,,
1886,NGC,MS,64,2248073,Philadelphia,1,10.0,10.0,0.0,0.0,3309,1721,195258,216858,27452,36218,121266,77001,22950,76655,,
1883,PCGS,MS,66,2087685,Carson City,1,10.0,10.0,1.75,0.0,1812,1865,184100,231908,23668,38808,111813,85601,29470,82428,,
1897,PCGS,MS,64,2257099,San Francisco,2,10.0,10.0,0.0,0.0,3701,1857,192967,217006,25655,35015,119309,74319,30792,78841,,
1891,PCGS,MS,64,1863777,San Francisco,1,9.0,9.0,0.0,0.0,4048,1846,207241,223082,39280,33025,112465,78660,26807,78354,,
1897,NGC,MS,62,2044591,San Francisco,1,10.0,10.0,0.0,0.0,4269,1387,196863,233753,37712,36555,118758,86857,27477,79083,,
1885,PCGS,MS,63,2049158,San Francisco,2,10.0,10.0,1.75,0.0,4376,1909,189376,238869,37670,38318,121555,88012,29156,84739,,
1903,NGC,MS,64,2203077,Philadelphia,1,10.0,10.0,0.0,0.0,1030,2019,192784,222039,17493,37379,122740,79149,25421,78488,,
1882,NGC,MS,65,2203906,San Francisco,1,10.0,9.0,0.0,0.0,5048,1966,155741,189996,33579,33655,95798,63852,25447,73777,,
1885,PCGS,MS,62,2298794,Carson City,2,10.0,10.0,0.0,0.0,5626,1711,209711,222368,30922,33675,125651,79304,28549,80089,,
1895,PCGS,MS,63,2105713,San Francisco,2,10.0,10.0,0.0,0.0,4065,1254,190384,223289,35987,34069,107951,77896,24812,78459,,
1885,PCGS-CAC,MS,66,2078774,New Orleans,2,9.0,8.0,2.4,2.3,755,2341,164929,199278,17783,32305,108432,67213,28462,84772,,
1884,NGC,MS,64,2026209,New Orleans,1,10.0,10.0,0.0,0.0,1760,2046,188723,221869,23801,37853,119716,86844,24908,81560,,
1901,NGC,MS,66,2295126,New Orleans,1,10.0,10.0,0.0,0.0,2362,1611,205689,231180,27949,35935,130803,84684,30251,80857,,
1880,PCGS,MS,63,2218532,New Orleans,2,10.0,9.0,0.0,0.0,2605,1020,177951,207762,22401,28264,114928,77413,26825,82051,,
1885,PCGS-CAC,MS,66,2120301,Philadelphia,1,10.0,10.0,0.0,0.0,2268,2515,207250,254305,27153,40711,120737,87930,37737,95712,,
1900,PCGS,MS,66,2286253,New Orleans,1,10.0,10.0,0.0,0.0,4920,3401,195605,206680,27941,36950,116776,73881,29160,80831,,
1897,PCGS,MS,65,2463001,Philadelphia,1,10.0,10.0,0.0,0.0,2325,2339,204389,248740,25028,37367,129512,90485,29986,89766,,
1900,PCGS,MS,62,2462454,New Orleans,2,10.0,10.0,0.35,0.0,1533,2454,196457,231456,24684,37840,128812,85275,29024,82042,,
1894,PCGS,MS,63,2426881,San Francisco,3,10.0,10.0,3.25,3.25,5541,6194,191361,230798,42906,47666,124516,85003,34135,94909,,
1879,NGC-CAC,MS,67,2295086,San Francisco,1,10.0,9.0,0.0,0.65,1787,1344,191072,248413,20485,39681,116225,87880,32843,87323,,
1881,PCGS,MS,65,2075320,Carson City,1,7.25,7.0,1.75,0.0,3968,1870,162573,186741,33921,32646,102036,60081,34812,76120,,
1898,NGC,AU,58,2291470,San Francisco,2,7.0,7.0,0.0,0.0,3510,2736,209786,228283,37806,38740,124737,80341,32882,83615,,
1887,NGC,MS,61,2285316,Philadelphia,2,10.0,10.0,0.0,0.0,2919,3247,192830,226470,30989,40554,122752,90130,30970,86131,,
1879,PCGS,MS,62,2155813,San Francisco,1,10.0,10.0,0.0,0.0,6558,3104,202678,238921,45622,45224,114062,84384,25146,79043,,
1900,PCGS,MS,66,2120316,New Orleans,2,10.0,10.0,0.0,0.0,1967,1469,195735,232970,23805,37145,122332,81312,30158,78824,,
1881,PCGS,MS,61,2169387,New Orleans,2,9.0,8.0,0.0,0.0,5770,3805,194733,203219,44316,48540,105444,59014,42486,92053,,
1879,PCGS,MS,67,2043101,Philadelphia,1,10.0,10.0,1.4,0.0,2339,1428,193547,227457,25781,32741,113248,80998,27153,84703,,
1880,NGC,MS,65,2260537,Carson City,3,6.0,8.0,2.65,3.6,6454,3686,221577,235301,53691,50186,120712,82600,41730,89484,,
1891,NGC,AU,55,2274205,Carson City,1,10.0,10.0,0.0,0.0,8924,6503,201656,215823,42448,48344,121461,78208,32589,78750,,
1899,ANACS,MS,63,2457032,Philadelphia,2,10.0,10.0,0.35,0.35,3027,3681,183192,221300,30157,40158,122256,89616,27302,76869,,
1879,PCGS,MS,66,1888309,Philadelphia,1,10.0,10.0,1.4,0.0,1475,787,171245,224473,20146,30780,110018,82696,29859,84835,,
1882,PCGS,MS,64,2068662,Philadelphia,2,10.0,10.0,1.75,0.0,2331,1805,186112,244961,21796,36626,113848,87852,28680,86576,,
1883,NGC,MS,65,2254512,Carson City,1,10.0,10.0,0.0,0.0,3448,1532,185970,216886,26825,33373,113457,77072,28823,81404,,
1883,PCGS,MS,65,2040087,New Orleans,2,10.0,9.0,1.75,1.65,2686,1975,173869,196849,28610,37848,117704,85343,23210,69596,,
1885,PCGS,MS,64,2296675,San Francisco,2,10.0,10.0,0.35,0.0,4712,1648,187328,235145,36781,42928,120622,77770,23418,85579,,
1883,PCGS,MS,66,2247545,Carson City,1,10.0,10.0,0.0,0.0,3629,1135,187472,214220,25219,30673,116138,78778,30520,82979,,
1887,PCGS-CAC,MS,64,2234501,New Orleans,1,10.0,10.0,0.0,0.0,4183,1698,193058,242409,31267,36108,115015,88349,35092,87909,,
1881,PCGS,MS,65,2040089,San Francisco,1,10.0,10.0,1.75,0.0,2311,1330,206131,234268,28648,36045,125399,81222,32237,83888,,
1883,PCGS,MS,65,2160343,Carson City,1,10.0,10.0,0.0,0.0,1964,1602,184385,223437,24230,32223,114345,87237,32967,80594,,
1880,PCGS-CAC,MS,65,2287776,San Francisco,3,7.0,10.0,2.6,0.0,4466,1184,182560,193947,35778,31750,100421,76623,35589,73687,,
1887,PCGS,MS,64,2036082,New Orleans,1,10.0,10.0,0.0,0.0,1823,2886,194674,239531,24424,40508,118611,86171,35290,86946,,
1886,PCGS,MS,62,1883797,Philadelphia,2,10.0,10.0,2.4,0.35,9296,3362,222220,225109,45517,40501,127455,73163,32283,80943,,
1898,NGC,AU,58,2274249,San Francisco,2,10.0,10.0,0.0,0.0,6668,3106,200203,207169,37449,41255,123141,77119,29436,79094,,
1883,PCGS,MS,65,2296627,Carson City,2,10.0,10.0,0.0,0.0,1406,1476,197463,237349,21732,39091,121591,85086,30790,84531,,
1880,PCGS-CAC,MS,62,2231509,New Orleans,1,10.0,8.0,0.0,0.0,8721,3284,159362,158543,38233,35209,91985,48860,28455,74282,,
1898,PCGS-CAC,MS,67,2087168,New Orleans,1,10.0,10.0,0.0,0.0,862,1709,186458,243485,17849,34715,120820,88464,33371,88599,,
1886,PCGS,MS,64,2079708,Philadelphia,1,10.0,10.0,0.7,0.0,1870,2008,187723,240736,23511,36059,120244,88760,25211,82259,,
1893,PCGS,MS,63,2129357,New Orleans,1,10.0,10.0,0.0,0.0,4029,1878,216310,250806,33962,38267,127139,87403,36614,93723,,
1881,PCGS,MS,66,2034563,San Francisco,2,9.0,10.0,2.4,0.0,2040,1438,188818,221035,25295,35452,123574,79883,22979,80489,,
1896,NGC,MS,64,2291334,Philadelphia,1,9.0,9.0,0.0,0.0,2843,2361,189732,204652,31242,37187,120330,75899,28221,80564,,
1904,NGC,MS,64,2274253,New Orleans,3,10.0,10.0,0.0,0.0,2066,3643,184492,211016,23407,39997,130277,81315,24213,79942,,
1878,PCGS,MS,62,2259688,Philadelphia,1,10.0,9.0,0.0,0.0,4888,1912,165886,193894,31569,30461,93590,65884,25709,73453,,
1886,PCGS,MS,65,2296230,Philadelphia,2,10.0,10.0,0.0,0.0,4663,2908,217651,237477,31632,37830,134732,85535,27233,88167,,
1891,NGC,MS,62,2449899,Philadelphia,2,10.0,10.0,0.0,0.0,2257,2525,189301,214457,28358,38959,125543,82594,24513,79880,,
1878,PCGS,MS,65,2252086,San Francisco,2,10.0,10.0,0.0,0.0,2659,1368,188860,209834,23350,33048,110198,72855,28898,79658,,
1880,PCGS,MS,64,2092731,San Francisco,2,10.0,10.0,1.75,0.0,3746,1568,172255,209271,31240,35376,97558,74595,21183,74967,,
1882,PCGS,MS,65,1885872,San Francisco,4,5.0,3.0,5.0,3.95,6447,3524,231520,222806,54679,49029,127398,73953,38880,89042,,
1881,NGC,MS,63,2065728,San Francisco,3,9.0,9.0,3.05,2.0,6244,2009,198915,199733,48603,41482,118419,75062,35343,70586,,
1882,PCGS,MS,64,2291879,Philadelphia,1,10.0,10.0,0.0,0.0,3621,2561,176273,207489,32739,36995,115272,78290,23718,75687,,
1888,PCGS,AU,55,2291135,San Francisco,2,9.0,10.0,0.0,0.0,4341,3374,223388,238843,39803,42467,126779,84571,34644,80060,,
1888,PCGS,MS,63,2248028,New Orleans,2,10.0,10.0,0.0,0.0,4339,2410,182745,227971,32034,37878,119836,82543,32615,91029,,
1878,PCGS,MS,66,1880898,Carson City,2,10.0,10.0,1.05,0.0,2554,1407,184155,223806,24608,34296,116849,85742,31726,85378,,
1891,PCGS-CAC,MS,65,2014589,San Francisco,1,10.0,10.0,0.0,0.0,4847,2135,203765,227929,24997,36489,120415,73525,27091,77648,,
1882,PCGS,MS,64,2255213,New Orleans,2,10.0,9.0,0.0,0.7,2776,2319,180926,190879,24587,34366,119943,74794,25751,71606,,
1893,PCGS,MS,61,2252534,Philadelphia,2,10.0,10.0,0.0,0.0,4721,2135,178164,217783,38077,31851,109855,80143,28030,76372,,
1879,NGC-CAC,MS,63,2276603,San Francisco,1,10.0,10.0,0.0,0.0,5140,2789,173953,181590,29585,37345,103341,68590,23585,64644,,
1921,PCGS,MS,64,2248026,San Francisco,2,10.0,10.0,0.0,0.0,5362,2632,197715,232373,35698,37888,126743,88718,24469,84325,,
1887,PCGS-CAC,MS,63,2298129,Philadelphia,3,7.0,10.0,1.0,0.0,2911,1892,212393,227696,31363,39497,125573,85295,33033,87301,,
1883,PCGS,MS,63,2182953,Carson City,1,10.0,10.0,0.0,0.0,1913,1299,192469,236252,23846,35569,116525,88609,32012,84533,,
1904,PCGS,MS,65,2287674,New Orleans,1,10.0,10.0,0.0,0.0,1364,1015,177783,200276,21334,28735,115166,72076,19824,74961,,
1886,NGC,MS,65,2203069,Philadelphia,1,10.0,10.0,0.0,0.0,880,2008,188501,206645,18129,35693,122392,78552,29828,78927,,
1884,NGC,AU,58,2290076,San Francisco,1,10.0,10.0,0.0,0.0,4244,1648,198098,227813,33314,39389,122827,86311,28029,79726,,
1897,PCGS,MS,63,1883819,San Francisco,2,10.0,10.0,0.0,0.0,2898,1406,191052,236363,29574,38503,121045,90336,32971,83406,,
1901,PCGS,AU,55,2016554,Philadelphia,2,10.0,9.0,0.0,2.6,2923,1811,206176,238615,31322,34833,128041,81244,33911,88590,,
1899,NGC,MS,64,2048701,San Francisco,1,9.0,9.0,0.0,0.0,2688,1364,204909,224736,31062,32837,120726,77806,30116,84627,,
1887,PCGS,MS,61,2252132,Philadelphia,1,10.0,10.0,0.0,0.0,7792,1363,203425,218990,41147,36682,122163,79187,24203,78882,,
1904,PCGS,AU,58,1863768,Philadelphia,4,10.0,9.0,0.65,2.3,3785,3653,204702,237854,34355,44601,127564,85492,29037,90046,,
1881,NGC,MS,65,2291074,San Francisco,3,5.0,5.0,3.6,2.95,4427,2441,198628,220387,37409,45056,118733,74148,36379,85702,,
1894,PCGS-CAC,MS,64,2016576,Philadelphia,2,10.0,10.0,0.65,0.0,1569,1538,192935,233009,24480,38201,118915,86734,35890,85041,,
1893,PCGS,MS,65,2222447,Philadelphia,2,10.0,10.0,0.0,0.0,1737,2594,190521,229776,21538,41157,122581,80718,30615,81099,,
1881,NGC,MS,63,2093113,Philadelphia,1,10.0,10.0,0.0,0.0,1928,1542,194918,237677,20177,34339,119598,89513,28027,86187,,
1900,NGC,MS,63,2456790,New Orleans,2,10.0,10.0,0.35,0.35,2437,2449,193594,217348,27709,38709,126962,83335,22855,73575,,
1881,PCGS,MS,63,2248034,San Francisco,3,10.0,5.0,0.0,3.6,17849,9013,189183,217102,69469,59587,107213,56454,27414,54485,,
1899,PCGS,MS,63,1856796,New Orleans,1,10.0,10.0,0.0,0.0,2288,2323,190332,236291,25387,39729,122997,90657,29310,83983,,
1878,NGC,MS,63,2192924,Philadelphia,3,10.0,7.0,1.95,3.6,3232,5138,209651,259983,33971,55925,121143,87313,36585,102933,,
1881,PCGS-CAC,MS,65,1875399,San Francisco,1,10.0,10.0,1.75,0.0,1893,1262,207436,238887,21465,35731,123204,85372,32369,84005,,
1880,NGC,MS,65,1868763,San Francisco,3,9.0,8.0,1.75,0.35,4015,1609,187407,204733,34470,34801,108868,71823,29050,78827,,
1885,PCGS,MS,66,2075332,Philadelphia,1,9.0,8.0,1.75,0.0,3384,2352,184062,206007,29043,32891,105674,67140,34141,80145,,
1879,NGC,MS,61,2261153,San Francisco,1,10.0,10.0,0.0,0.0,9099,4367,225789,209487,53907,47044,125169,69476,35173,85149,,
1888,PCGS,MS,65,2279687,New Orleans,1,10.0,10.0,0.0,0.0,1314,2170,185256,232423,20987,39082,118425,81728,25618,84076,,
1904,NGC,MS,64,2151975,New Orleans,1,10.0,10.0,0.0,0.0,6158,3362,188994,177059,42412,38292,113131,56080,36525,69325,,
1888,PCGS-CAC,MS,64,2078667,New Orleans,1,10.0,10.0,0.0,0.0,1800,1539,198430,252137,25177,32573,119856,89481,34906,91370,,
1881,PCGS,MS,63,2291832,San Francisco,1,7.0,8.0,0.0,0.0,2476,1888,163688,186686,32188,36872,110852,69974,30436,69384,,
1894,PCGS,AU,55,2087689,New Orleans,1,10.0,10.0,0.0,0.0,8190,3751,225625,250246,47209,43384,127966,84541,35140,89772,,
1878,ANACS,MS,63,2453562,Philadelphia,1,10.0,10.0,0.0,0.0,2497,2635,204686,228279,29922,37628,124858,83432,31697,89756,,
1880,PCGS,MS,63,2249071,New Orleans,2,10.0,10.0,0.0,0.0,7900,3252,192484,223422,40726,38634,112150,79338,27336,78568,,
1889,PCGS,MS,66,2284607,Philadelphia,1,10.0,10.0,0.0,0.0,1660,1432,174831,191185,20862,33632,115989,66759,21616,74813,,
1884,PCGS,MS,62,2057115,San Francisco,1,10.0,10.0,1.75,0.0,5413,2699,194862,205738,37307,41466,117607,65045,29341,74615,,
1880,PCGS,MS,65,2291392,San Francisco,2,10.0,10.0,0.0,0.0,3028,2772,183127,189231,27600,34928,109300,62603,27547,73395,,
1882,NGC,MS,66,2029184,San Francisco,1,10.0,9.0,1.75,0.0,3708,1728,189657,235914,29274,38786,115426,83119,25850,85412,,
1886,PCGS,MS,65,2125967,Philadelphia,2,10.0,10.0,0.0,0.0,2222,2002,199117,248194,24951,36637,123502,87063,28847,85732,,
1880,NGC,MS,65,2241045,Carson City,2,10.0,10.0,0.0,0.0,1979,2114,147170,213420,20920,35792,96263,83213,21352,76999,,
1896,PCGS,MS,65,2203914,Philadelphia,2,10.0,10.0,0.0,0.0,4301,2797,186555,211958,32385,37347,118209,77405,26675,80148,,
1879,NGC-CAC,MS,66,2259714,San Francisco,1,10.0,10.0,0.0,0.0,5085,1335,193241,225493,32153,38483,114684,74888,32488,85766,,
1887,NGC,MS,62,2285312,Philadelphia,2,10.0,10.0,0.0,0.0,1623,2693,187636,219171,23432,36679,126411,86846,25908,83628,,
1899,PCGS-CAC,MS,67,2165858,New Orleans,3,10.0,10.0,1.35,1.35,1444,2661,192950,227135,27030,43929,124033,82390,26906,79536,,
1889,PCGS,MS,61,2184395,San Francisco,2,9.0,9.0,0.0,0.0,5692,4239,187054,199417,30126,37673,107432,72663,29310,72316,,
1896,NGC,MS,63,2160483,Philadelphia,3,10.0,9.0,2.65,2.65,7578,2621,196369,203744,45354,42848,120618,83311,30745,69314,,
1894,PCGS-CAC,MS,64,2263149,New Orleans,2,10.0,10.0,0.0,0.0,2944,1617,205399,235927,29018,35722,125113,82453,32557,85533,,
1881,NGC-CAC,MS,65,2184460,San Francisco,2,10.0,10.0,0.0,0.0,4175,2731,176343,201515,27521,42978,119795,75264,20328,72278,,
1884,NGC,MS,64,2232069,New Orleans,0,10.0,10.0,0.0,0.0,4600,3696,184891,223716,28315,38664,120870,85864,26683,83839,,
1893,PCGS,MS,64,1885938,New Orleans,1,10.0,10.0,0.0,0.0,2517,1728,189610,237652,29700,34057,113507,79998,30040,89066,,
1878,PCGS,MS,66,2298361,Philadelphia,1,10.0,10.0,0.0,0.0,2530,2386,206056,243642,28201,38919,125258,87668,26492,89545,,
1902,PCGS,MS,65,2152015,Philadelphia,3,10.0,9.0,0.35,3.25,2005,2355,183339,238456,25961,40872,124964,81970,24679,91842,,
1901,PCGS,MS,65,2232125,New Orleans,2,10.0,10.0,0.0,0.0,2397,3356,179147,222519,26419,39978,115799,82534,27651,86241,,
1883,PCGS,MS,65,2177372,New Orleans,2,10.0,10.0,0.0,0.0,2239,1621,152719,215687,20816,32593,106353,81681,29134,83261,,
1887,PCGS,MS,65,2049147,Philadelphia,2,9.0,9.0,0.0,0.35,1867,1482,193127,232653,23174,35814,114201,79370,27438,85759,,
1897,PCGS,MS,65,2295118,Philadelphia,2,10.0,10.0,0.0,0.0,2755,2430,206719,242005,30663,41793,133078,87523,28734,86905,,
1884,PCGS-CAC,MS,64,2445945,New Orleans,3,5.0,10.0,5.0,1.0,3085,3692,180273,226624,32363,39035,113603,86532,30775,82556,,
1888,PCGS,AU,58,1853805,San Francisco,2,10.0,10.0,0.35,0.0,6792,3778,211933,221882,40112,42660,133538,82085,35954,80676,,
1887,PCGS,MS,64,2084731,Philadelphia,1,10.0,10.0,0.0,0.0,1725,1784,192711,248048,22464,35088,120878,91521,32414,88116,,
1887,NGC,MS,65,2398836,Philadelphia,1,10.0,10.0,0.0,0.0,2410,4080,186601,212122,25269,41050,120646,82663,24612,80482,,
1887,PCGS,MS,64,1855283,Philadelphia,2,10.0,10.0,1.05,0.35,2510,2152,190465,234390,24821,38357,123244,91418,26660,84004,,
1881,PCGS,MS,66,2408826,Philadelphia,2,10.0,10.0,1.75,0.0,1756,2932,182113,217744,24256,39398,122572,79517,23001,72853,,
1883,PCGS,MS,63,2125918,Philadelphia,2,10.0,10.0,0.0,0.0,1726,1935,199825,246069,23179,37584,119146,89334,28525,85337,,
1882,NGC,MS,62,2075234,New Orleans,2,8.0,7.0,1.75,0.35,4205,1752,158503,166744,28129,33273,100094,50384,24707,64757,,
1878,PCGS-CAC,MS,63,2187403,Philadelphia,3,5.0,10.0,1.65,0.0,2518,2158,177028,236205,25005,31681,101516,83930,29012,80567,,
1880,NGC-CAC,MS,66,2061147,San Francisco,1,10.0,10.0,1.75,0.0,2373,1616,186433,236572,26797,36253,116464,85819,26560,85520,,
1885,PCGS,MS,63,2287731,San Francisco,1,10.0,10.0,0.0,0.0,2549,1439,156845,185932,27898,32615,103012,68833,20425,70039,,
1896,PCGS,MS,65,2287688,Philadelphia,2,10.0,10.0,0.0,0.0,1208,2336,185745,226193,21626,37032,114905,78652,24899,82565,,
1878,NGC,MS,65,2295584,San Francisco,2,10.0,10.0,0.35,0.0,2567,1893,156756,186056,23595,37684,99636,72335,23915,68612,,
1878,PCGS,MS,65,2284604,Philadelphia,2,10.0,10.0,0.0,0.0,3794,1658,180584,213113,32492,40273,109264,77082,23785,75416,,
1878,PCGS,MS,65,2049138,Philadelphia,3,8.0,10.0,4.3,0.0,6221,1561,190265,217161,53527,37563,112968,85354,36716,78748,,
1880,NGC,MS,66,2296650,San Francisco,2,10.0,10.0,0.0,0.0,1234,1379,163772,205662,19536,37847,110789,74429,23728,76829,,
1921,NGC,MS,63,2223441,Philadelphia,0,10.0,10.0,0.0,0.0,7096,2321,223760,239545,39101,34799,126359,83313,26159,78254,,
1884,PCGS,MS,66,2064151,Carson City,1,10.0,10.0,1.75,0.0,1145,1935,187713,227432,20227,38029,115348,86542,30962,83520,,
1883,PCGS,MS,65,2290081,Carson City,2,10.0,9.0,0.0,0.0,5604,1855,170438,190200,30770,32715,106890,71184,34348,73509,,
1921,NGC,MS,64,2288200,Philadelphia,3,10.0,10.0,0.0,0.0,1781,1712,207139,239001,25596,40718,129396,85794,24044,83697,,
1904,PCGS,MS,62,2242979,New Orleans,4,8.0,9.0,3.6,3.6,4947,3795,177900,189001,35584,42085,111743,70781,29252,77632,,
1885,PCGS,MS,67,2252651,Carson City,1,10.0,10.0,0.0,0.0,1575,1428,174959,215677,19303,31722,112152,80204,27622,79737,,
1900,PCGS,MS,65,2156830,Philadelphia,2,10.0,10.0,0.0,0.0,2363,1555,199022,237100,29484,36516,123902,90772,31983,89109,,
1890,PCGS-CAC,MS,64,2276558,New Orleans,1,10.0,10.0,0.0,0.0,4647,2237,213466,249857,38314,38804,128057,88245,29239,95900,,
1881,NGC,MS,68,2298209,San Francisco,2,10.0,10.0,0.0,0.0,2998,1995,169058,210880,22029,36579,106711,74007,24420,78236,,
1889,NGC,MS,62,2291138,San Francisco,1,10.0,10.0,0.0,0.0,3963,1667,180529,202121,30387,37060,107808,73447,23084,76897,,
1882,PCGS,MS,64,2182947,Philadelphia,1,10.0,10.0,0.0,0.0,2575,2016,175011,225145,27312,36876,106498,91029,25106,78827,,
1883,PCGS,AU,55,1872511,San Francisco,2,10.0,10.0,1.75,0.0,3238,1504,206099,258492,35234,40458,124593,94128,33008,89004,,
1888,PCGS,MS,66,2076153,New Orleans,1,10.0,10.0,0.0,0.0,2039,1426,186031,243292,25021,37069,117094,87535,31542,85833,,
1894,NGC-CAC,AU,58,2236057,Philadelphia,2,10.0,10.0,0.0,0.0,4164,2596,178202,220298,31623,42205,115778,84903,28822,81586,,
1921,NGC,MS,63,2274258,Philadelphia,2,10.0,10.0,0.0,0.0,2652,2209,204748,235300,28444,38235,128769,89377,26844,83810,,
1882,PCGS,MS,65,2048704,Carson City,1,8.0,5.0,1.75,0.0,2641,2508,176097,187645,27090,32945,102775,67398,30257,76271,,
1885,PCGS-CAC,MS,67,1875410,Philadelphia,1,10.0,10.0,1.75,0.0,1684,1223,192216,233954,19560,32746,120929,86383,28885,84255,,
1878,PCGS,MS,63,2447890,San Francisco,1,10.0,10.0,0.0,0.0,1941,1790,187432,216171,25106,37672,122804,74440,23435,86789,,
1878,PCGS,MS,61,2262068,Carson City,3,10.0,10.0,0.0,0.0,6104,3456,169310,193551,34196,33855,111075,75652,25540,78073,,
1904,ANACS,MS,64,2177437,New Orleans,3,10.0,10.0,0.35,1.65,6411,4385,210136,228430,40137,47004,133282,82361,43506,95563,,
1886,PCGS,MS,65,2000032,Philadelphia,2,10.0,9.0,1.35,0.65,1504,1448,194162,235002,25615,35496,120988,89302,27501,85360,,
1887,PCGS,MS,60,2034072,San Francisco,2,10.0,9.0,0.35,0.0,7268,3698,218731,218436,42678,41159,117660,59769,38318,84739,,
1878,PCGS,MS,63,2255685,Carson City,2,10.0,10.0,0.0,0.0,5789,2767,167502,188076,29981,30744,102167,61191,25628,66521,,
1904,PCGS-CAC,MS,64,2165827,San Francisco,2,10.0,10.0,0.7,0.35,4160,2979,209968,229717,36795,38567,125425,82603,33199,83240,,
1878,PCGS,MS,63,2257050,Carson City,2,10.0,10.0,0.0,0.0,4460,2283,177017,191031,29029,38513,115396,69192,20947,71917,,
1883,PCGS,MS,67,2063702,Carson City,1,10.0,10.0,0.0,0.0,1116,1444,190673,234846,19922,33376,117328,86517,34204,82380,,
1898,PCGS,MS,65,2026076,San Francisco,1,9.0,9.0,0.0,0.0,3642,2320,186547,210220,33464,34024,106480,70925,31062,76631,,
1921,PCGS,MS,65,1885857,Philadelphia,1,10.0,10.0,0.0,0.0,5164,2725,216254,259749,35350,41439,121260,82335,30549,85550,,
1881,PCGS,MS,63,1863744,Philadelphia,1,10.0,10.0,0.0,0.0,3062,1649,202588,239049,29321,36682,113114,91665,38725,85934,,
1898,PCGS,MS,64,2458933,New Orleans,1,10.0,10.0,0.0,0.0,1795,2703,195064,233495,24800,39398,125996,85701,29121,87171,,
1885,PCGS-CAC,MS,63,2078662,Carson City,1,10.0,10.0,1.75,0.0,2938,1678,205511,246990,27442,37688,121547,90890,29568,85553,,
1897,NGC,MS,64,2381822,San Francisco,1,10.0,10.0,0.0,0.0,4093,2964,199342,215744,34002,38607,127201,81938,30140,78856,,
1883,NGC-GSA,MS,64,2388300,Carson City,1,10.0,10.0,0.0,0.0,3049,3867,188765,211739,27851,39397,116830,80667,27509,80620,,
1879,NGC,MS,62,2374774,San Francisco,1,10.0,9.0,0.0,0.0,3751,3796,187158,204785,32849,44842,120231,72288,25725,81505,,
1883,NGC,MS,63,2075236,Carson City,1,10.0,10.0,1.75,0.0,3259,1827,192354,245103,31983,34937,112237,89451,29745,87026,,
1879,NGC,MS,62,2097792,New Orleans,2,9.0,10.0,2.4,0.0,3615,1703,171725,224953,36753,37814,117130,91819,20956,80895,,
1880,PCGS,MS,64,2034099,San Francisco,1,9.0,8.0,0.0,0.0,3512,999,171857,198142,28849,29510,98083,63871,26472,73278,,
1881,PCGS,MS,64,1883783,San Francisco,1,10.0,10.0,1.75,0.0,3473,2932,190805,206416,33528,44953,120253,70123,23718,77682,,
1902,PCGS,MS,65,2236078,New Orleans,2,10.0,10.0,0.0,0.0,3323,2461,202028,199817,26278,34607,123053,71857,28157,71832,,
1892,PCGS,MS,64,2286586,Carson City,1,10.0,10.0,0.0,0.0,3098,2423,167027,205027,25228,37597,105065,66525,26411,78461,,
1879,PCGS,MS,63,2184398,San Francisco,1,10.0,10.0,0.0,0.0,1910,1010,183415,209302,20241,28614,109494,72266,25536,76870,,
1903,NGC,MS,64,2187881,Philadelphia,1,9.0,9.0,0.0,0.0,6274,3865,201097,202509,35237,35228,123717,73623,24193,76952,,
1894,NGC,MS,62,1885939,New Orleans,1,10.0,10.0,0.0,0.0,2823,1477,210535,261447,25549,34047,126032,91061,38222,89638,,
1884,PCGS,MS,65,2090223,Carson City,1,10.0,10.0,1.75,0.0,2678,2241,207667,239279,28007,39302,117606,80220,36960,86270,,
1901,NGC,AU,55,2289574,Philadelphia,2,10.0,10.0,0.0,0.65,4757,4572,213147,245904,44967,48397,131705,92842,35089,92119,,
1882,NGC,MS,64,2169447,Carson City,2,9.0,9.0,0.0,0.0,3684,1837,169438,198537,29496,30998,105573,72793,27696,77584,,
1886,PCGS,MS,64,2065124,New Orleans,2,10.0,10.0,1.05,0.0,3202,2987,185944,236213,32226,40361,119244,87816,28644,86101,,
1883,PCGS-CAC,MS,65,2278065,Carson City,2,10.0,9.0,0.0,0.0,4339,1456,149952,151459,24783,28994,99153,55039,22387,62853,,
1884,PCGS-GSA-CAC,MS,64,2286271,Carson City,1,9.0,9.0,0.0,0.0,4640,3202,159907,132955,25676,32221,95555,39261,23509,49627,,
1881,PCGS,MS,63,2034102,San Francisco,1,8.0,6.0,1.75,0.0,5673,1811,186093,193381,42303,34004,109833,68193,26618,78001,,
1883,PCGS,MS,63,2068664,New Orleans,2,10.0,10.0,1.75,0.0,2423,2860,188230,224439,26702,39601,118528,85476,32852,84469,,
1878,NGC-CAC,AU,55,2053607,Carson City,3,10.0,10.0,1.7,0.65,4601,3850,204248,219834,38528,43878,115599,77581,36233,90014,,
1883,NGC,MS,63,2291883,New Orleans,3,10.0,9.0,0.0,0.0,4092,4668,186677,210787,37455,45636,121378,78376,25238,80481,,
1883,PCGS,AU,55,2296673,San Francisco,2,10.0,10.0,0.0,0.0,3110,1579,194204,229126,30996,40487,116975,80631,31282,82153,,
1903,NGC,MS,65,2248060,New Orleans,1,10.0,10.0,0.0,0.0,2036,1886,179472,192343,23309,36010,124619,71613,21759,66186,,
1881,NGC,MS,64,2274214,San Francisco,3,9.0,8.0,0.65,1.3,5523,2357,174434,209476,32747,33995,115233,73377,21535,80717,,
1886,NGC,AU,58,2289085,New Orleans,3,9.0,9.0,0.0,0.65,3315,3507,172285,198995,33984,37860,114385,80590,25313,76571,,
1881,NGC,MS,64,2065730,San Francisco,3,8.0,8.0,5.0,3.95,7522,7285,223076,230648,51585,56566,129519,82321,41189,91518,,
1884,PCGS-CAC,MS,65,2105211,Carson City,1,9.0,8.0,0.0,0.0,4906,2997,198250,200461,40048,41907,112536,66098,30904,75060,,
1881,PCGS-CAC,MS,64,2445942,San Francisco,3,2.0,10.0,5.0,0.0,2920,2304,184980,216290,31197,40570,123062,76948,26024,80594,,
1881,PCGS,AU,58,2200399,San Francisco,3,8.0,6.0,3.25,2.6,4286,2356,200471,233683,35772,43447,120061,78237,34538,92423,,
1887,NGC-CAC,MS,65,2298643,Philadelphia,4,8.0,10.0,3.6,1.3,3677,1695,163503,186570,33620,36864,112390,82762,25079,73254,,
1903,NGC,MS,66,2151987,Philadelphia,2,10.0,10.0,0.0,0.0,1924,2825,201093,230718,28941,39710,127251,83328,31041,84942,,
1891,PCGS,MS,64,2285225,San Francisco,2,10.0,10.0,0.0,0.0,3325,2859,179072,202355,25799,35046,117966,76248,24776,75118,,
1887,PCGS,MS,64,2446895,Philadelphia,1,10.0,10.0,0.0,0.0,3235,2744,193282,203630,30066,36773,120780,77625,27987,74568,,
1885,PCGS,MS,65,2258082,New Orleans,2,10.0,10.0,0.0,0.0,2197,2051,169520,201543,22680,36738,116967,81614,23052,80302,,
1878,PCGS,MS,64,2249072,San Francisco,3,9.0,9.0,1.0,1.65,3877,2267,203469,232590,33343,43050,119342,74063,39624,103339,,
1885,PCGS,MS,66,2101703,Philadelphia,1,9.0,8.0,1.75,0.0,3384,2352,184062,206007,29043,32891,105674,67140,34141,80145,,
1884,NGC,MS,65,2274304,New Orleans,3,9.0,10.0,1.65,0.35,6520,3750,161384,198957,33167,37062,115696,80339,21515,77501,,
1878,NGC,MS,62,2203900,Philadelphia,1,10.0,10.0,0.0,0.0,4308,2672,207337,216311,34952,38928,122340,81987,28799,77167,,
1880,PCGS,MS,65,2295587,San Francisco,3,10.0,10.0,0.35,0.0,2549,1185,148423,202516,24065,32944,96674,72950,19430,74910,,
1904,PCGS,MS,63,2068717,New Orleans,1,9.0,9.0,0.0,0.0,1569,1220,201474,227677,22750,32681,119752,78150,28873,80819,,
1887,PCGS-CAC,MS,64,2287747,New Orleans,1,10.0,10.0,0.0,0.0,1671,2775,179194,215163,22492,37587,115955,75516,25135,78745,,
1881,PCGS-CAC,MS,67,2063700,San Francisco,1,10.0,10.0,0.0,0.0,2086,1938,207897,232322,28767,40975,125888,80848,28764,86664,,
1887,NGC,MS,65,2363352,Philadelphia,1,10.0,10.0,0.0,0.0,2327,2066,189446,212794,26902,35034,125125,81190,25571,82654,,
1921,PCGS,MS,62,2090228,San Francisco,1,10.0,10.0,0.0,0.0,4976,1825,216572,211344,39017,34881,125449,83725,31178,78513,,
1903,PCGS,AU,55,2279054,San Francisco,3,9.0,9.0,2.95,1.95,9226,4603,230476,289846,37758,50794,126811,89751,41505,106796,,
1885,PCGS,MS,65,2293731,San Francisco,1,10.0,10.0,0.0,0.0,1118,1055,169708,196115,19855,27467,106995,70353,24001,73385,,
1878,PCGS,MS,65,2270121,Philadelphia,1,10.0,9.0,0.0,0.0,4877,2137,205678,235616,31422,43906,120818,78733,31588,84786,,
1904,PCGS,MS,64,2270302,New Orleans,2,10.0,10.0,0.0,0.0,2558,4080,164116,202882,19275,38425,115157,76673,22342,78472,,
1879,PCGS,MS,65,2440371,San Francisco,1,10.0,10.0,0.0,0.0,2612,3051,184980,216235,26813,38954,118460,81830,23915,77666,,
1891,PCGS,MS,63,2227523,New Orleans,1,10.0,10.0,0.0,0.0,5989,3161,169423,210884,33407,36523,113916,75624,22096,75318,,
1885,NGC,MS,64,2340171,New Orleans,2,10.0,10.0,0.0,0.0,3906,2301,181135,215029,29096,41993,124959,80539,26182,84576,,
1921,PCGS,MS,66,1875314,Philadelphia,1,10.0,10.0,0.0,0.0,2724,2343,203338,231423,32769,40663,118579,85398,30769,78728,,
1884,PCGS,MS,64,2064154,Carson City,1,9.0,9.0,0.0,0.0,2040,2314,191508,212518,25962,37434,109237,73398,29092,71699,,
1879,PCGS,MS,66,1879970,San Francisco,1,8.0,9.0,1.75,0.0,4589,2232,195521,232366,29505,38547,105417,76232,33255,84191,,
1888,PCGS-CAC,MS,65,2182962,Philadelphia,1,10.0,10.0,0.0,0.0,1701,1620,176319,234341,22303,36933,118510,87190,26395,81648,,
1885,NGC,MS,66,2287573,New Orleans,1,10.0,10.0,0.0,0.0,3239,2135,161273,185128,20697,32509,104323,75270,23881,74548,,
1893,NGC,AU,58,2151903,Philadelphia,3,9.0,10.0,3.25,1.3,5570,4006,235998,251921,53054,50838,127424,92345,41720,89859,,
1885,PCGS,MS,65,2252570,San Francisco,1,10.0,10.0,0.0,0.0,3582,1903,186080,219564,24326,35412,111437,74269,25949,77549,,
1880,NGC,MS,64,2295592,San Francisco,2,10.0,9.0,0.0,0.35,2289,2301,162142,198509,27089,42081,104641,71033,18369,68222,,
1887,PCGS-CAC,MS,65,2296676,Philadelphia,1,10.0,10.0,0.0,0.0,1170,2398,188615,221266,20105,36101,118665,81822,25255,79188,,
1878,PCGS,MS,63,2155809,San Francisco,2,10.0,10.0,0.0,0.0,2802,3892,215798,235827,33894,47819,121876,80199,35783,79698,,
1890,PCGS,MS,60,2458504,Carson City,2,10.0,10.0,0.35,0.0,6163,2805,192932,193315,37722,37005,111522,68335,31550,75951,,
1892,PCGS,MS,64,2105708,Carson City,2,10.0,10.0,0.0,0.0,2620,1159,196183,231763,31586,33447,121080,81363,35205,88482,,
1880,PCGS,MS,65,2291773,Carson City,1,10.0,10.0,0.0,0.0,3405,1969,162384,196173,29968,34496,94283,65031,27745,69031,,
1899,NGC,AU,58,2056643,New Orleans,2,9.0,9.0,0.65,0.0,2003,1728,201248,234909,28289,37616,127111,91176,36431,90987,,
1881,NGC,MS,63,2248085,San Francisco,3,8.0,9.0,2.0,3.6,17495,8415,225143,233386,62624,68369,107337,70343,37943,76818,,
1881,NGC-CAC,MS,64,2257039,Carson City,2,10.0,10.0,0.0,0.0,2449,1971,167099,210152,22753,32108,100723,73798,25266,78676,,
1921,PCGS,MS,66,2067700,Philadelphia,2,10.0,10.0,0.0,0.0,4827,2208,219490,237242,32912,39407,126861,75453,31092,79853,,
1878,PCGS,MS,63,1883843,Philadelphia,2,10.0,10.0,1.05,0.0,4341,1663,191566,234650,38708,40399,123502,88000,26921,84602,,
1884,PCGS,MS,63,2254634,Carson City,2,10.0,9.0,0.0,0.35,4777,5454,186933,204161,30562,50339,112546,65139,24048,80511,,
1883,PCGS,MS,64,2016220,Carson City,1,10.0,10.0,1.75,0.0,2058,1622,192177,226757,28788,34196,112082,84621,30573,84915,,
1882,NGC-CAC,MS,66,1885874,San Francisco,3,9.0,10.0,5.0,1.65,4441,1427,221379,161756,43159,33550,129209,51929,42612,71631,,
1884,PCGS,MS,64,2180371,Carson City,3,10.0,10.0,3.6,0.0,5039,2316,220255,227157,38671,40413,128219,75116,35674,88676,,
1894,PCGS,AU,55,2253515,Philadelphia,2,10.0,10.0,0.0,0.0,5593,2788,199984,229072,33756,37035,119623,83056,31937,81582,,
1887,PCGS,MS,62,2252085,New Orleans,3,10.0,9.0,0.0,2.95,4505,3799,194808,246258,38798,53650,125019,90474,33724,89437,,
1903,PCGS,MS,62,2207948,New Orleans,1,10.0,10.0,0.0,0.0,3342,2494,197771,236159,27562,37057,122979,84775,29071,84642,,
1896,PCGS,MS,62,2242978,Philadelphia,3,9.0,10.0,1.35,0.0,7666,1386,181293,208058,44671,34090,109423,75837,29165,80248,,
1892,PCGS,MS,64,2247689,New Orleans,3,10.0,10.0,0.0,0.35,4647,1714,190773,214138,35775,35276,118571,82190,30293,79655,,
1878,PCGS,MS,63,2265072,Carson City,2,10.0,10.0,0.0,0.0,6720,2456,189921,204186,32681,37123,109168,75692,23795,73322,,
1891,PCGS,MS,64,1883815,San Francisco,1,10.0,10.0,0.35,0.35,6939,4307,208227,230833,43108,43930,126412,77330,27197,85029,,
1882,NGC,MS,64,2225451,New Orleans,3,10.0,10.0,3.25,3.6,14584,6385,206311,204198,62199,52314,129716,72556,31306,87002,,
1878,PCGS,MS,66,2244487,Carson City,1,10.0,10.0,0.0,0.0,2449,1578,174612,206197,19468,33140,114574,78724,26017,78332,,
1898,NGC,MS,62,2169367,Philadelphia,1,10.0,10.0,0.0,0.0,3984,1514,203611,232383,34383,36194,120730,89168,31445,78346,,
1880,ANACS-GSA,MS,63,2457114,Carson City,1,10.0,10.0,0.0,0.0,2348,1662,175537,204517,26575,34989,99190,72167,26482,76696,,
1901,PCGS,MS,62,2181424,San Francisco,4,8.0,7.0,3.6,3.6,10503,8847,196596,242078,53360,57407,118488,83257,33000,95925,,
1883,PCGS-CAC,MS,67,2022055,Carson City,2,10.0,9.0,1.75,1.0,1373,3551,175735,236673,24973,41484,115141,89273,28795,95336,,
1900,PCGS,MS,64,2248022,San Francisco,2,10.0,10.0,0.0,0.0,4859,3531,175025,196995,33013,39917,118645,75347,24932,78925,,
1899,PCGS-CAC,MS,65,2231591,San Francisco,2,10.0,10.0,0.0,0.0,2905,1830,177130,210811,27530,35462,119650,75285,27865,83647,,
1888,PCGS,MS,65,2287744,New Orleans,1,10.0,10.0,0.0,0.0,1991,1339,181316,197767,22716,32573,119442,73003,27929,76354,,
1887,NGC-CAC,MS,67,2128808,Philadelphia,2,10.0,10.0,0.0,0.0,1851,1395,202367,238086,23835,33271,118454,79739,27324,88589,,
1881,NGC-CAC,MS,65,2274213,San Francisco,2,9.0,9.0,0.0,0.0,2449,1536,179652,170794,25558,31183,114384,68567,27305,70398,,
1885,PCGS,MS,63,2462919,New Orleans,2,10.0,10.0,1.75,0.35,4455,2791,194291,218730,36480,41949,121075,84436,27902,82928,,
1888,NGC,MS,64,2255625,New Orleans,1,10.0,10.0,0.0,0.0,2538,1526,184950,232215,25684,32739,122361,83622,32682,88596,,
1899,PCGS,MS,64,2458490,Philadelphia,2,10.0,10.0,0.0,0.0,2012,1375,194322,221603,24935,35464,122998,80609,27997,80112,,
1884,NGC,AU,58,2259663,San Francisco,3,10.0,9.0,3.6,3.6,3784,2508,192527,225824,35306,47339,128031,74927,40971,94713,,
1886,PCGS,MS,66,2295105,Philadelphia,1,10.0,10.0,0.0,0.0,1070,1175,185169,213236,19151,35940,115312,76525,24240,75976,,
1899,PCGS,MS,64,2000495,New Orleans,3,8.0,8.0,3.6,3.25,2203,3897,180984,232781,28467,42195,117126,80757,28251,92648,,
1887,ANACS,MS,63,2295614,Philadelphia,3,9.0,10.0,0.0,0.0,3884,1613,175627,191796,33328,36760,103048,70215,28714,68209,,
1888,PCGS-CAC,MS,62,2078668,San Francisco,1,10.0,10.0,0.0,0.0,3167,2251,199654,237339,33167,39795,117020,84110,30136,86877,,
1878,NGC,MS,62,2289611,Philadelphia,1,10.0,10.0,0.0,0.0,3935,2698,221346,234863,40417,41504,130382,89077,34106,85608,,
1882,PCGS,MS,63,2257062,Carson City,1,10.0,10.0,0.0,0.0,3538,1753,191748,214012,27677,34861,110438,76446,27560,77723,,
1889,NGC,MS,65,2211967,Philadelphia,2,10.0,10.0,0.0,0.0,2757,2010,175692,191162,22739,36949,115693,72773,25576,69590,,
1886,PCGS,MS,63,1872324,Philadelphia,1,9.0,8.0,0.35,0.0,2809,2050,205760,237703,28634,35377,109854,79427,31464,82512,,
1883,PCGS,MS,62,2232068,Philadelphia,2,10.0,10.0,0.0,0.0,4703,2378,192559,220909,30549,35149,119048,80410,30502,78690,,
1880,PCGS,MS,65,2119238,San Francisco,1,10.0,10.0,1.75,0.0,2102,1328,198241,253990,24004,34840,120311,88970,32907,93383,,
1886,PCGS-CAC,MS,63,2078665,San Francisco,1,10.0,10.0,1.05,0.0,4077,1769,202149,238534,31156,37866,120378,82866,30600,83179,,
1900,NGC,MS,64,2298705,New Orleans,3,6.0,10.0,3.25,0.0,8121,2538,225904,244907,51607,38802,136330,85046,39658,93282,,
1902,NGC,MS,62,2206915,San Francisco,3,10.0,9.0,1.3,1.65,3793,3557,194792,238867,30258,50123,125545,83326,30247,90467,,
1881,NGC,MS,68,2207971,San Francisco,3,7.0,10.0,2.0,0.0,4135,2520,193715,198590,37223,34515,110208,69990,34902,79224,,
1879,NGC,MS,63,2170855,San Francisco,1,9.0,10.0,0.0,0.0,5796,1701,169710,227823,41224,43677,99025,84888,32651,78087,,
1888,NGC,MS,65,2110866,Philadelphia,2,10.0,10.0,0.0,0.0,1572,1518,181540,224815,21662,33036,117297,87385,25566,80681,,
1891,PCGS,MS,63,2287664,Philadelphia,3,10.0,10.0,0.0,0.0,4950,2597,196158,221375,40149,41716,120603,81113,31777,77181,,
1886,PCGS-CAC,MS,66,1885883,Philadelphia,1,10.0,10.0,0.0,0.0,1232,1584,190684,244741,18827,37004,117342,88844,28096,88625,,
1891,PCGS,MS,63,2090277,Philadelphia,2,10.0,10.0,0.0,0.0,3724,1767,171068,217687,28351,34068,112632,86965,25306,82869,,
1885,PCGS-CAC,MS,66,2056607,Carson City,2,10.0,10.0,1.75,0.0,1377,1178,181217,209764,19869,32551,108653,80052,30169,81093,,
1882,PCGS,MS,65,2462987,Philadelphia,1,10.0,10.0,0.0,0.0,2344,3548,190177,217268,26504,39784,125753,84148,24758,75454,,
1887,PCGS,MS,65,2071211,Philadelphia,2,9.0,10.0,2.35,0.35,1510,1502,180022,227699,21844,35633,121193,88386,26593,81851,,
1880,NGC,MS,64,2048767,San Francisco,1,10.0,10.0,0.0,0.0,2795,1070,192414,230957,29001,35674,117700,84918,25588,85436,,
1891,NGC-CAC,MS,63,2430382,Carson City,3,9.0,5.0,3.95,2.6,4522,6059,193388,215486,40207,48209,120217,82915,33220,82782,,
1888,NGC,MS,63,2192908,New Orleans,3,10.0,9.0,0.0,0.0,4212,1466,166125,201481,30408,27717,107426,75839,28220,76944,,
1879,PCGS,MS,63,2248051,New Orleans,1,10.0,10.0,0.0,0.0,2959,1913,186060,223401,25927,36118,112120,77870,25657,73676,,
1888,NGC,MS,63,2218496,San Francisco,1,10.0,10.0,0.0,0.0,4210,2844,184546,213052,26660,35758,114528,76701,26307,80923,,
1884,NGC,MS,64,2125826,Philadelphia,1,10.0,10.0,0.0,0.0,2210,1748,189281,233091,23067,33633,122591,90039,26354,79500,,
1880,PCGS,MS,65,2291829,San Francisco,3,9.0,9.0,0.35,0.35,2432,1876,177511,214269,25975,37029,115555,78899,26420,78107,,
1880,NGC,MS,64,2453898,Philadelphia,2,10.0,10.0,1.75,0.0,2136,2947,190698,217782,26251,39415,121024,82854,27634,83141,,
1880,PCGS,MS,65,1854715,San Francisco,1,10.0,10.0,0.0,0.0,3179,963,201415,232516,32449,31789,112137,79152,30619,84241,,
1901,NGC,MS,63,2274255,New Orleans,3,10.0,10.0,0.0,0.0,3674,3512,197575,213092,31907,41004,124854,77770,24828,78890,,
1883,PCGS-CAC,MS,64,2034640,San Francisco,1,10.0,10.0,1.75,0.0,2775,1694,194303,232012,28324,35945,114935,83250,32345,85435,,
1880,PCGS,MS,65,2203902,San Francisco,2,10.0,10.0,0.0,0.35,3108,1598,174071,195210,23178,31762,105719,73458,23154,70853,,
1880,PCGS,MS,65,2285248,San Francisco,1,10.0,10.0,0.0,0.0,1459,1023,167981,209969,17770,34627,103541,71655,19697,74341,,
1878,PCGS,AU,58,2200398,Philadelphia,1,10.0,10.0,0.0,0.0,3088,2183,181348,239051,28390,34647,116247,81600,28334,94421,,
1890,PCGS,MS,63,2177401,San Francisco,2,10.0,10.0,0.0,0.0,2237,1667,184876,234937,29176,37222,119278,90694,27963,84047,,
1900,PCGS,AU,58,2223020,San Francisco,3,9.0,9.0,1.3,0.65,5948,3662,201720,261348,37659,42162,127077,89840,31285,92599,,
1885,PCGS,MS,64,2090184,New Orleans,1,9.0,9.0,0.0,0.0,5479,2851,186341,200629,42357,42227,109104,68229,35078,83477,,
1878,PCGS,MS,65,2436367,Philadelphia,4,9.0,10.0,3.0,2.3,4427,4130,168692,194506,30248,38706,94060,76547,29831,69893,,
1885,PCGS,MS,63,2151939,New Orleans,2,9.0,8.0,0.7,0.0,7135,3361,174726,191851,44815,39492,97890,60030,38059,88577,,
1885,NGC,MS,65,2260553,Carson City,2,10.0,7.0,0.0,1.65,4187,4662,178791,199993,28757,40755,112728,72818,26099,76607,,
1881,NGC,MS,65,2034579,San Francisco,2,9.0,10.0,4.35,0.0,2943,1490,205006,231913,35196,39113,127017,83447,34638,82519,,
1897,NGC,MS,60,2291639,New Orleans,2,10.0,10.0,0.0,0.0,3045,1431,176847,214689,26887,34440,118622,77132,25223,75916,,
1898,PCGS,MS,64,2278550,New Orleans,1,10.0,10.0,0.0,0.0,2322,2254,184094,210359,23099,33675,121854,83953,23842,80149,,
1882,PCGS,MS,66,2097760,Philadelphia,2,10.0,10.0,1.75,0.35,2019,1511,183308,232744,21711,36807,114915,86895,29128,85283,,
1881,NGC,MS,65,2065720,San Francisco,3,10.0,5.0,1.75,3.3,1895,3261,179854,234434,22987,43074,115017,83012,29125,89735,,
1880,PCGS,MS,63,2297146,San Francisco,1,10.0,10.0,0.0,0.0,2612,2224,165347,188352,24852,34062,111362,75442,21302,70701,,
1880,PCGS,MS,63,2125935,San Francisco,3,8.0,9.0,5.0,0.0,4958,3385,195959,212655,42165,40907,109619,65243,35861,82179,,
1884,PCGS-CAC,MS,63,2247619,Carson City,2,10.0,10.0,0.0,0.0,3590,1561,188749,185050,29141,32477,108400,59846,26974,60348,,
1880,PCGS,MS,66,2121770,San Francisco,1,10.0,10.0,0.0,0.0,3081,2566,187913,230464,30832,42790,116268,83510,23790,76818,,
1879,NGC,MS,64,2067143,San Francisco,1,10.0,10.0,0.0,0.0,2317,1507,181765,237352,25781,36762,117127,87896,25288,82665,,
1900,NGC,MS,65,2029180,Philadelphia,1,10.0,10.0,0.0,0.0,1391,2248,198317,233706,22443,38697,121838,87045,27012,78051,,
1882,PCGS,MS,63,2155830,Carson City,1,10.0,9.0,0.0,0.0,6015,2690,197593,216359,40311,38375,106455,67190,25588,72436,,
1883,NGC,AU,55,2421094,San Francisco,2,9.0,9.0,1.75,0.0,3527,3177,207247,245505,31681,46263,123569,86924,31014,86828,,
1885,NGC,MS,63,2260555,New Orleans,4,10.0,4.0,1.0,0.0,13849,6763,207737,256161,66415,64614,112648,58906,46744,65715,,
1886,NGC,MS,66,2296654,Philadelphia,1,10.0,10.0,0.0,0.0,1289,1298,178608,216591,21079,39236,122593,78211,25304,79739,,
1887,PCGS,MS,61,2025071,New Orleans,1,10.0,10.0,0.0,0.0,3746,1825,205111,253101,31908,35960,122565,91318,32419,85972,,
1881,NGC,MS,61,2093115,New Orleans,2,10.0,10.0,0.0,0.0,3541,1951,193752,230421,28284,35026,123670,86947,32729,88401,,
1887,NGC,MS,64,2260557,Philadelphia,4,9.0,9.0,3.3,2.3,5742,1790,223970,228378,55128,39870,124813,81760,37673,85835,,
1883,NGC-CAC,MS,65,2280621,Carson City,1,10.0,10.0,0.0,0.0,2138,1420,191041,228657,27194,40239,121712,78985,29529,86940,,
1878,PCGS,MS,64,2121235,Philadelphia,2,10.0,10.0,1.05,0.35,3767,1410,143400,188019,21478,30044,99075,79323,17186,75703,,
1891,NGC,MS,63,2293124,New Orleans,3,9.0,9.0,0.65,0.65,3934,1511,184453,229846,33697,39455,125616,85953,27100,88605,,
1886,NGC,MS,64,2194956,Philadelphia,1,10.0,10.0,0.0,0.0,1181,1975,183655,226205,17589,34191,121101,88653,20297,75743,,
1880,PCGS,MS,66,2016065,Carson City,2,10.0,10.0,1.75,0.0,657,1394,172117,219778,18498,35001,104822,85454,34335,80781,,
1882,PCGS,MS,65,2121763,Carson City,2,10.0,10.0,0.0,0.0,3094,2238,211458,233379,29873,37855,122017,85100,34480,88891,,
1883,PCGS,MS,67,2408834,Philadelphia,2,10.0,10.0,1.75,0.0,832,2359,174905,199968,16061,36486,116110,76913,24049,75261,,
1878,PCGS-CAC,MS,64,2198399,Carson City,3,10.0,10.0,0.65,1.3,6121,1980,175172,171046,33005,35679,114022,52683,31801,67672,,
1880,NGC,MS,65,2062858,San Francisco,2,10.0,9.0,1.75,0.0,1738,1969,170843,212738,21340,37180,109640,77903,25398,81462,,
1878,PCGS,MS,63,2129359,San Francisco,2,10.0,10.0,0.0,0.0,4325,1455,176579,218177,26510,37182,102036,83254,24041,80927,,
1888,PCGS,MS,64,2068683,Philadelphia,1,10.0,10.0,0.0,0.0,1963,1916,198525,232719,23651,35325,126458,85335,27397,85090,,
1891,PCGS,MS,64,2272085,Carson City,1,10.0,10.0,0.0,0.0,7843,3210,180731,206096,27755,34439,111258,78759,27013,78762,,
1904,PCGS,MS,66,2203926,New Orleans,1,10.0,10.0,0.0,0.0,1822,1432,164211,175092,19785,30306,113072,60931,19145,65056,,
1879,PCGS,MS,65,2232105,Philadelphia,2,10.0,10.0,0.0,0.0,3530,2406,185332,210394,24488,35002,102779,74539,26391,72677,,
1879,NGC,MS,65,2097789,San Francisco,2,10.0,10.0,1.75,0.35,1415,1385,167207,227095,24359,38257,96955,82432,29539,79485,,
1879,PCGS,MS,66,2121769,San Francisco,1,10.0,10.0,0.0,0.0,1922,1579,199246,240158,21214,36033,110244,80354,30868,83920,,
1881,PCGS,MS,67,1875398,San Francisco,2,10.0,10.0,1.75,0.0,1775,1533,189701,234494,18672,34885,122804,86781,29210,81295,,
1879,PCGS,MS,64,2166413,San Francisco,1,9.0,9.0,0.0,0.0,4484,2567,177306,213008,38504,44946,99387,66302,32420,81717,,
1883,NGC,MS,64,2223439,Carson City,2,10.0,10.0,0.0,0.0,2316,2505,172852,199243,25714,37704,107188,77680,31035,80797,,
1904,PCGS,MS,65,2110806,New Orleans,1,10.0,10.0,0.0,0.0,3398,1578,179418,212765,21505,30004,121214,80809,24167,76984,,
1903,PCGS-CAC,MS,66,2198401,Philadelphia,2,10.0,10.0,0.0,0.0,1044,1647,153739,203281,20861,33044,117726,82072,15303,76754,,
1888,PCGS-CAC,MS,64,2260060,San Francisco,1,9.0,9.0,0.0,0.0,5280,2326,183124,183549,29282,34060,113424,62557,23770,73909,,
1884,NGC,MS,64,2289682,New Orleans,1,10.0,10.0,0.0,0.0,4035,4106,203930,233701,36726,49559,127102,77451,32478,90701,,
1898,PCGS,MS,65,1854716,New Orleans,4,6.0,7.0,3.6,3.6,8652,10842,230526,259544,57322,67914,136512,85126,42361,101238,,
1879,PCGS,MS,63,2076157,San Francisco,1,10.0,9.0,1.75,0.0,4221,1935,207005,221584,34670,40580,116938,78182,33918,80421,,
1886,PCGS,MS,64,2296186,Philadelphia,3,9.0,9.0,3.6,2.95,8840,4291,184884,212294,35171,40940,122425,84883,24371,77430,,
1891,PCGS,MS,61,2447933,Carson City,1,10.0,10.0,0.0,0.0,2512,2825,210571,242638,30957,41980,128513,93209,32454,86976,,
1901,PCGS-CAC,MS,64,2009564,San Francisco,2,10.0,10.0,0.0,0.0,3179,1756,197652,219399,34171,36221,121158,80744,27237,80840,,
1879,PCGS-CAC,MS,63,2260570,New Orleans,2,10.0,10.0,0.0,0.0,7019,2504,167723,176631,33094,31842,103903,63699,24525,69604,,
1903,PCGS-CAC,MS,65,2296695,Philadelphia,2,10.0,10.0,0.0,0.0,2706,1402,192176,216970,24878,33771,116194,73294,26618,79046,,
1880,PCGS,MS,65,2440372,San Francisco,2,10.0,10.0,1.75,0.65,2026,2565,184871,204589,25349,32798,121052,80695,25441,77339,,
1883,PCGS,MS,64,2260525,San Francisco,3,9.0,6.0,3.25,3.25,4267,4044,190663,231775,34487,48467,116260,78662,27294,83336,,
1879,NGC,AU,58,1871761,Carson City,1,9.0,9.0,1.4,0.0,4255,3613,216698,254718,32487,44993,121379,86685,36301,85736,,
1887,NGC,MS,65,2413368,Philadelphia,1,10.0,10.0,0.0,0.0,1725,1883,194352,220355,23650,36510,122554,81425,25824,79665,,
1880,NGC,MS,63,2125823,Philadelphia,4,7.25,9.0,5.0,3.25,9805,6357,214553,223498,61355,60656,128751,88177,35436,90800,,
1883,PCGS,MS,67,2241047,Carson City,1,10.0,10.0,0.0,0.0,1150,1699,188257,224470,17744,32122,112377,74984,30262,84175,,
1882,PCGS-CAC,MS,67,2270215,San Francisco,1,10.0,10.0,0.0,0.0,1210,1361,166714,183744,19188,36343,118617,66086,19629,69596,,
1878,PCGS,MS,63,2234538,San Francisco,3,9.0,9.0,2.0,2.65,9409,4468,213870,238730,55330,57574,119663,84863,36298,98659,,
1887,PCGS,MS,63,1855729,Philadelphia,2,10.0,10.0,1.05,0.0,2001,1167,183422,237669,22509,34370,123118,84796,26864,85218,,
1896,PCGS-CAC,MS,65,2110811,Philadelphia,1,10.0,10.0,0.0,0.0,1691,1359,197107,232928,20393,32227,121848,87541,29550,78908,,
1887,PCGS,MS,61,2025074,New Orleans,1,10.0,10.0,0.0,0.0,2334,2400,199451,246309,26082,39544,126335,90344,34087,87445,,
1878,NGC,MS,63,2065828,San Francisco,2,10.0,10.0,1.4,0.7,5031,1990,198503,226880,38393,39718,118970,83520,32245,90817,,
1882,PCGS,MS,64,2296224,San Francisco,2,9.0,9.0,1.3,2.3,2044,1735,180406,176669,28837,38454,121229,65959,28302,73509,,
1921,PCGS,MS,62,1883846,Denver,3,9.0,9.0,2.65,2.95,7254,7188,209663,242767,51040,56543,125272,83129,30792,89688,,
1880,PCGS,MS,64,2084732,San Francisco,2,10.0,10.0,1.75,0.0,3456,1666,202307,252672,29667,37188,112435,89721,31218,89051,,
1890,PCGS,MS,62,2255222,New Orleans,2,10.0,10.0,0.0,0.0,4828,2530,189454,205415,34261,33103,118186,77349,24658,79049,,
1893,PCGS-CAC,MS,63,2257096,Carson City,1,10.0,10.0,0.0,0.0,4662,1386,204293,212897,30452,31718,118575,75846,31309,81489,,
1886,NGC-CAC,MS,64,2248069,Philadelphia,1,10.0,10.0,0.0,0.0,4272,1239,198188,224274,28458,37430,123105,78437,23660,81025,,
1901,NGC,AU,55,2289172,Philadelphia,2,10.0,10.0,0.0,0.0,4206,4295,213865,260823,35305,49083,135843,93750,33041,97531,,
1880,NGC,MS,65,2363340,San Francisco,1,10.0,10.0,0.0,0.0,1559,2451,161732,185461,19906,35130,111888,72278,22125,73872,,
1880,PCGS,MS,66,2049144,San Francisco,2,10.0,10.0,1.75,0.0,2823,2662,178886,241833,26349,39869,105873,89693,26307,89829,,
1888,PCGS,MS,65,2270564,New Orleans,3,10.0,10.0,0.35,0.0,3183,1052,151050,205286,25719,29058,111326,77773,19131,85990,,
1882,NGC,MS,65,2296651,Philadelphia,2,10.0,10.0,0.0,0.0,2036,3277,176905,228605,21654,43492,116406,86615,24972,77879,,
1892,NGC,AU,55,1872485,San Francisco,2,9.0,9.0,0.65,0.65,2694,2460,207277,254250,28283,39637,126881,90236,35154,92323,,
1883,PCGS-CAC,MS,62,2242977,New Orleans,4,10.0,5.0,0.0,2.3,16631,10101,192109,185218,60211,64640,106409,62044,28321,57458,,
1885,PCGS,MS,64,2177380,Carson City,2,10.0,9.0,0.0,0.65,2421,2963,179025,224922,23792,41062,119287,91998,27184,85223,,
1880,NGC,MS,64,2456751,Carson City,3,10.0,10.0,1.75,0.0,3416,2805,196023,208371,31878,35683,122939,84521,33236,79033,,
1894,PCGS,MS,66,2080664,San Francisco,2,10.0,10.0,0.0,2.3,1887,2089,176585,231091,21904,38262,119890,86154,26294,85065,,
1882,NGC-GSA,MS,64,2409844,Carson City,1,10.0,10.0,0.0,0.0,888,1384,174984,204315,16827,33545,115104,73826,27986,77558,,
1901,PCGS,MS,66,2105704,San Francisco,1,10.0,9.0,0.0,0.0,2831,1773,207187,224123,27129,36861,125266,74444,29995,83127,,
1881,PCGS,MS,65,2247601,New Orleans,1,9.0,9.0,0.0,0.0,5132,2506,158790,166345,29126,29647,101429,61470,21052,70521,,
1878,PCGS,MS,66,2184371,San Francisco,1,10.0,10.0,0.0,0.0,2269,710,186582,212209,23636,29283,114722,76836,28006,75814,,
1903,PCGS-CAC,MS,65,2193395,Philadelphia,3,10.0,10.0,1.35,2.3,3935,2839,196526,219020,34564,42226,125265,76065,28152,85777,,
1882,PCGS,MS,65,2260524,Carson City,1,10.0,10.0,0.0,0.0,2843,2376,182405,220784,26848,36107,118296,80386,25595,79944,,
1878,PCGS,MS,65,2097783,San Francisco,3,9.0,9.0,2.05,3.3,6004,3732,201118,239323,46502,48573,116708,76297,37543,91533,,
1882,NGC,MS,63,2291644,Carson City,2,10.0,10.0,0.0,0.0,3134,1036,206797,232800,30252,37112,123626,80738,27880,81923,,
1894,NGC,AU,58,2280623,New Orleans,1,10.0,10.0,0.0,0.0,5970,3823,197272,230212,30303,41107,123510,84930,31307,84895,,
1900,PCGS,MS,64,2248023,New Orleans,2,10.0,10.0,0.0,0.0,3189,2769,186567,204920,27572,36582,120220,75573,30100,79771,,
1890,PCGS-CAC,MS,64,2284608,Carson City,3,10.0,8.0,0.0,3.0,6239,2772,181015,243113,33297,46202,105191,83753,37358,85646,,
1883,PCGS,MS,65,2071180,Carson City,2,10.0,10.0,1.75,0.0,1471,2180,168776,207010,23403,36919,113665,80301,25321,77851,,
1885,PCGS,MS,65,2115233,New Orleans,3,10.0,10.0,1.75,1.3,1773,3699,170918,222171,21207,45216,114566,86575,27530,80901,,
1903,PCGS,MS,62,2364264,Philadelphia,1,10.0,10.0,0.0,0.0,2731,3136,193608,211055,28144,37766,129642,79170,27525,72054,,
1878,NGC,MS,62,2065826,San Francisco,2,8.0,8.0,2.05,1.3,4663,1744,188089,206533,39674,39041,109032,70753,27176,83998,,
1881,NGC-CAC,MS,66,2204422,San Francisco,1,10.0,9.0,0.0,0.0,2890,1680,181491,227233,27085,36986,108590,84545,24737,85309,,
1883,NGC-GSA,MS,66,2054163,Carson City,1,10.0,10.0,0.0,0.0,1522,2142,190712,229260,21493,35784,114627,85475,33724,85420,,
1884,NGC-GSA,MS,63,2243992,Carson City,1,10.0,10.0,0.0,0.0,6385,4344,176848,212669,33776,37365,113511,83542,27015,79921,,
1884,NGC-GSA,MS,65,2099218,Carson City,1,10.0,10.0,0.0,0.0,3010,1961,198508,211098,25705,33268,122057,76682,31402,82351,,
1889,PCGS,MS,64,2034686,New Orleans,1,10.0,10.0,0.0,0.0,2266,2185,200540,234321,26547,37097,115087,84260,32285,87882,,
1884,NGC,MS,61,2285315,New Orleans,2,10.0,10.0,0.0,0.0,3718,2579,186563,214897,36255,36922,124621,80670,30051,81939,,
1885,PCGS,MS,64,2280760,Carson City,2,10.0,9.0,0.0,0.0,5430,2645,157400,154326,28223,31437,92475,51089,27798,62736,,
1900,NGC,MS,63,1883394,New Orleans,4,7.0,7.0,3.95,4.3,10067,4987,241053,231505,60786,50214,135698,79676,37618,88931,,
1880,PCGS,MS,64,2084730,San Francisco,1,9.0,9.0,0.0,0.0,5845,1717,187414,196947,40597,31457,98488,63936,31493,66167,,
1894,PCGS,AU,58,2208000,New Orleans,1,10.0,10.0,0.0,0.0,2562,1700,206755,251988,26781,32436,119116,88886,35041,90326,,
1881,PCGS,MS,65,1883364,San Francisco,3,10.0,9.0,5.0,0.35,6439,2446,213236,182405,48608,36276,120543,57937,43809,70210,,
1881,PCGS,MS,66,2258080,San Francisco,1,10.0,10.0,0.0,0.0,2873,2418,182178,212315,21288,39413,112262,74684,23711,74634,,
1883,PCGS,MS,64,2079704,Carson City,1,10.0,10.0,1.75,0.0,2613,2330,185647,229506,27943,36091,115984,88706,30535,84782,,
1886,PCGS,MS,65,2115239,Philadelphia,2,10.0,10.0,0.0,0.0,2384,1660,175000,216656,20948,34385,117671,86972,21351,78823,,
1880,NGC,MS,65,2295591,San Francisco,1,9.0,9.0,0.0,0.0,3484,2967,179886,196066,34779,42730,107924,68399,32816,73407,,
1883,PCGS-CAC,MS,63,2248032,New Orleans,4,9.0,7.0,3.25,1.65,15416,8370,240719,221037,61891,71816,108093,70673,33882,82695,,
1890,PCGS,AU,55,2257087,Carson City,3,9.0,10.0,0.0,0.0,4387,2703,186527,217221,36682,41895,116440,78504,27831,79365,,
1882,PCGS,MS,66,2216942,New Orleans,1,10.0,10.0,0.0,0.0,3739,1757,189387,213030,21217,29984,116410,79745,28000,76538,,
1881,PCGS,MS,65,2071212,San Francisco,2,10.0,10.0,3.05,0.0,2123,1623,190543,233243,27041,39263,116334,84517,27040,87521,,
1884,PCGS,MS,63,1853827,Carson City,2,10.0,9.0,1.75,3.25,3426,3698,190957,234539,31547,46858,115260,84281,34867,86857,,
1879,PCGS,MS,64,2257054,Philadelphia,1,10.0,10.0,0.0,0.0,2817,1727,176311,208269,24671,35221,114659,76954,23605,76395,,
1894,NGC,AU,58,2223449,New Orleans,2,10.0,10.0,0.0,0.0,4580,1751,185584,218082,32266,35337,125436,82792,29958,85943,,
1881,NGC,MS,62,2247491,New Orleans,3,8.0,8.0,1.0,2.0,5545,2505,179628,194432,36673,40582,107173,54628,26572,78909,,
1882,NGC,MS,65,2273711,Philadelphia,1,10.0,10.0,0.0,0.0,1549,1780,196881,224214,23239,36416,127578,82516,27506,84067,,
1884,NGC,MS,64,2273727,New Orleans,3,7.0,6.0,0.65,0.35,6265,3989,189935,208203,41880,45360,113490,70940,48538,90947,,
1887,PCGS,MS,62,2025067,New Orleans,1,10.0,10.0,0.0,0.0,3333,1879,209116,255845,31539,34595,125208,91208,34839,88775,,
1886,PCGS,MS,67,2241103,Philadelphia,2,10.0,10.0,0.0,0.0,2379,1873,180758,203196,21299,32840,117798,71364,20377,72984,,
1892,PCGS,MS,65,2032127,New Orleans,1,10.0,10.0,0.0,0.0,1514,1884,199933,234028,24911,32306,119383,87586,33923,85607,,
1884,PCGS,MS,65,2257073,New Orleans,1,10.0,10.0,0.0,0.0,2534,8496,173463,175449,20806,60030,119115,47818,24657,50788,,
1879,NGC,MS,67,2251147,San Francisco,1,10.0,10.0,0.0,0.0,3027,976,183878,193127,23492,29826,107493,69060,24560,68284,,
1880,PCGS,MS,63,2049092,San Francisco,1,10.0,9.0,0.0,0.0,4051,1863,194332,228928,33416,36920,111716,74199,26935,83051,,
1886,PCGS,MS,62,2287734,New Orleans,3,10.0,10.0,0.0,0.0,3250,1936,187586,223452,31550,42158,121161,82170,30714,84640,,
1899,NGC,MS,65,2030660,New Orleans,3,10.0,7.0,0.35,2.3,1887,3571,176368,192419,18087,39109,121354,71011,27477,75983,,
1921,PCGS,AU,58,2200401,San Francisco,2,10.0,10.0,0.0,0.0,5618,3154,177706,206170,21503,31694,113552,75955,28251,84215,,
1881,NGC,MS,61,2272192,New Orleans,2,7.0,7.0,0.0,0.0,4837,4114,171400,185701,32542,39616,103666,66979,27794,72523,,
1886,PCGS,MS,65,2212630,Philadelphia,1,10.0,10.0,0.0,0.0,1630,1526,194841,217965,22483,34380,120540,75132,25069,74754,,
1899,PCGS,MS,65,2296689,New Orleans,2,10.0,10.0,0.0,0.0,2500,1800,206693,245842,28795,40451,131773,89237,27971,88097,,
1893,PCGS,MS,65,1880908,Philadelphia,1,10.0,10.0,0.0,0.0,1708,1746,184890,247971,21211,35933,113101,89627,28577,85609,,
1887,PCGS,MS,64,2463786,New Orleans,1,10.0,10.0,0.0,0.0,3124,3196,158779,182993,27912,34078,104138,72561,25174,76219,,
1898,PCGS,MS,62,2177427,San Francisco,3,10.0,9.0,3.25,2.6,5124,2453,218214,235486,41783,42237,124076,67342,39837,92948,,
1896,PCGS,MS,61,2009620,New Orleans,1,10.0,10.0,0.0,0.0,2482,2045,195451,235008,33601,38492,120765,89021,32846,84320,,
1881,NGC-Redfield,MS,63,2014072,San Francisco,2,9.0,10.0,2.4,0.35,1836,1386,178169,206445,26161,35772,119080,83852,22607,75830,,
1882,PCGS,MS,65,2034613,Carson City,1,10.0,10.0,1.75,0.0,2947,1954,199021,231362,28371,34937,114091,85648,31886,82710,,
1890,NGC-CAC,MS,64,2291141,San Francisco,1,10.0,10.0,0.0,0.0,1711,1289,165726,190791,18464,34812,108608,63760,22108,79381,,
1888,PCGS,MS,65,2462999,New Orleans,1,10.0,10.0,0.0,0.0,1912,1607,178446,210176,22117,37159,123523,79820,28743,80693,,
1887,SNGC,MS,62,2279084,New Orleans,1,10.0,10.0,0.0,0.0,6047,2905,173459,205058,29965,37982,115882,77578,28293,78180,,
1878,NGC,MS,62,2110731,Philadelphia,1,8.0,8.0,0.0,0.0,5149,2419,198640,219601,45443,38625,104760,72431,38235,81956,,
1878,NGC,MS,64,2248089,San Francisco,3,10.0,6.0,0.0,1.3,3984,4615,181310,214508,33993,42939,112253,77930,29282,80491,,
1889,NGC,MS,66,2038597,San Francisco,2,10.0,10.0,0.35,0.35,6903,2660,217277,236672,37143,44418,123356,81359,38950,97018,,
1881,NGC,MS,64,2295597,San Francisco,3,9.0,10.0,0.7,0.35,1996,2264,173564,190249,25944,42423,109620,62503,23493,74089,,
1880,PCGS,MS,61,2034069,New Orleans,1,10.0,10.0,1.75,0.0,3988,2230,202052,231262,32946,36789,120532,86184,33309,83513,,
1887,PCGS,MS,63,1855781,Philadelphia,2,10.0,10.0,1.05,0.0,3906,1258,206038,240737,30494,33704,114115,82046,30811,85650,,
1882,NGC,MS,64,2462448,Carson City,1,10.0,10.0,0.0,0.0,1973,2161,182429,213386,26342,37402,120562,80298,24258,80106,,
1904,PCGS-CAC,MS,63,2283417,New Orleans,3,9.0,9.0,0.0,0.0,1716,2714,174076,194844,20696,38908,123808,79168,25525,76107,,
1878,PCGS-CAC,MS,66,2252686,Carson City,2,10.0,10.0,0.0,0.35,2201,2583,155132,184593,21430,35766,104910,72958,19982,70319,,
1898,PCGS,MS,67,2234689,New Orleans,2,10.0,10.0,0.0,0.0,1742,2547,178653,204334,18793,35597,115348,76307,32496,78626,,
1898,NGC,MS,63,2274322,New Orleans,1,10.0,10.0,0.0,0.0,2653,3180,188048,240678,28966,39367,123763,88985,30891,90555,,
1884,PCGS,AU,55,2447918,San Francisco,3,9.0,10.0,3.05,0.65,5695,4376,186077,206854,40857,34962,122772,83894,36300,79514,,
1883,NGC,MS,66,2087721,New Orleans,2,10.0,10.0,3.7,2.95,1654,1866,165816,218775,25890,35459,121461,88552,22371,86698,,
1879,NGC,MS,64,2296179,San Francisco,3,10.0,10.0,0.35,0.0,2694,2275,166665,206017,27141,39840,109178,80197,23408,79209,,
1887,PCGS-CAC,MS,65,2255606,Philadelphia,3,7.0,10.0,0.35,0.0,3540,1705,210943,220955,30462,40210,125218,79320,35869,83188,,
1897,PCGS,MS,64,2170860,San Francisco,4,7.0,6.75,2.95,3.25,5893,4382,184582,253458,41205,53410,115725,84008,36751,102573,,
1882,PCGS,MS,65,2064166,Carson City,2,10.0,10.0,3.05,0.0,2023,1791,196339,225715,26200,38852,114622,83728,30330,81459,,
1881,NGC,MS,62,2462445,Carson City,1,10.0,10.0,0.0,0.0,3520,2081,185707,204603,33746,35294,118448,80598,29313,78309,,
1884,PCGS,MS,64,2090176,New Orleans,3,10.0,10.0,1.75,0.7,4491,5446,165864,202193,27076,45025,116325,74707,19821,78299,,
1888,PCGS,MS,63,1855763,New Orleans,2,10.0,10.0,0.0,0.0,9529,1985,205771,219272,46748,39570,128825,77492,33127,89536,,
1884,PCGS-CAC,MS,63,2188918,New Orleans,2,9.0,9.0,0.0,0.0,4008,3665,177426,219414,31532,43573,96868,72479,34033,91005,,
1886,PCGS,MS,66,2295106,Philadelphia,1,10.0,10.0,0.0,0.0,1109,1489,187777,220659,20199,37739,117691,74319,21951,78341,,
1885,PCGS-CAC,MS,65,2078663,New Orleans,2,10.0,10.0,1.75,0.0,1622,2460,174400,223024,23653,40216,112631,88949,32463,83671,,
1884,INS,MS,65,2049094,New Orleans,2,10.0,10.0,1.75,1.0,2316,1705,168040,216832,25888,38994,115926,84074,29525,86791,,
1902,PCGS,MS,64,2177450,New Orleans,2,10.0,10.0,0.0,0.0,3533,2745,195938,220026,30608,32600,113616,79519,31946,78115,,
1881,PCGS,MS,63,2010021,Carson City,2,10.0,10.0,3.05,1.3,2393,2324,187531,225369,26322,36819,109433,87657,31527,84555,,
1883,PCGS,MS,67,2408837,New Orleans,2,10.0,10.0,1.75,0.0,1456,2437,169339,205211,18661,38787,116766,76691,25818,81406,,
1881,PCGS,MS,64,1855260,San Francisco,2,9.0,9.0,1.75,0.0,4194,2069,206766,242585,38957,39552,116044,76859,28789,86963,,
1882,PCGS,MS,61,2182948,Carson City,1,10.0,10.0,0.0,0.0,2479,1377,190997,227039,28619,33781,114349,84717,30298,83448,,
1881,PCGS,MS,65,2151953,New Orleans,3,9.0,9.0,2.95,2.0,7619,2485,219141,205278,58454,38706,137153,76142,37970,86420,,
1921,NGC,MS,62,2093024,San Francisco,1,10.0,10.0,0.0,0.0,4064,3124,192866,221182,32087,35732,120185,80233,31924,88895,,
1884,PCGS,MS,63,2275093,New Orleans,3,3.0,10.0,3.6,0.0,9880,4050,183273,185653,51192,40315,125117,69088,26397,72362,,
1885,PCGS,MS,63,2054145,Philadelphia,1,7.0,5.0,0.0,0.0,5173,2918,185335,197960,41858,35373,108569,68081,37783,81281,,
1889,PCGS,MS,63,2291137,New Orleans,1,10.0,10.0,0.0,0.0,3014,2402,182979,226458,26966,36936,111743,77759,27369,81273,,
1886,PCGS,MS,67,2127319,Philadelphia,1,10.0,10.0,0.0,0.0,2943,3011,209885,250494,28514,40304,122906,84086,25577,87037,,
1883,PCGS,MS,62,2097754,Philadelphia,2,8.0,6.0,1.75,0.7,6015,3188,179834,183598,38868,39284,94901,48534,28015,75958,,
1883,PCGS-CAC,MS,65,2445944,New Orleans,3,4.0,10.0,5.0,0.35,5972,3320,191432,201232,43609,36197,122988,84348,32455,78582,,
1885,PCGS,MS,63,2287732,Carson City,1,10.0,10.0,0.0,0.0,3015,1616,194745,210711,30068,32866,116461,73195,26557,74907,,
1879,NGC-CAC,MS,66,2273695,San Francisco,3,8.0,9.0,3.6,3.6,5301,2048,164695,176221,36842,29553,104157,67501,27475,69563,,
1921,PCGS-CAC,AU,58,2251148,Philadelphia,4,8.0,9.0,4.3,2.65,7841,3901,263133,269795,59276,53476,143652,92052,46075,100447,,
1895,PCGS,AU,55,2252563,New Orleans,2,10.0,10.0,0.0,0.0,4630,2550,181603,208907,30754,38042,124482,78539,26274,78833,,
1892,PCGS,MS,61,2283321,New Orleans,2,10.0,10.0,0.0,0.0,8480,2578,193081,210365,43061,37191,117254,78757,34062,82332,,
1892,PCGS,MS,65,2461457,New Orleans,2,10.0,10.0,0.35,0.35,1662,1814,171755,215341,24053,35744,119691,83324,25590,82732,,
1880,NGC-CAC,MS,64,2279087,San Francisco,3,9.0,9.0,3.95,2.6,4871,1071,199120,164827,37678,28901,108372,50257,34672,67194,,
1880,PCGS,MS,64,2160363,Philadelphia,3,9.0,7.0,0.0,2.6,6187,2987,201566,227670,39737,43129,123421,77127,37968,86082,,
1878,PCGS,MS,64,2382459,Philadelphia,3,8.0,7.0,3.0,3.25,9035,5852,195306,232233,44880,48101,113827,82265,28232,87469,,
1890,PCGS,MS,63,2090226,New Orleans,1,10.0,10.0,0.0,0.0,2184,3377,203322,230968,28080,43571,124408,77675,31547,87500,,
1883,PCGS,MS,64,2248025,New Orleans,2,10.0,10.0,0.0,0.0,2828,2096,179071,197025,22611,34855,118555,76079,19595,72436,,
1883,PCGS,MS,66,2064149,Carson City,1,10.0,10.0,0.0,0.0,1677,1289,186958,222559,22388,35052,114993,81770,30062,81383,,
1884,NGC,MS,64,2381823,Carson City,2,10.0,10.0,1.75,0.0,2103,3070,178191,212032,23294,38101,113948,77996,25379,79480,,
1898,NGC-CAC,MS,64,2273745,San Francisco,2,10.0,10.0,0.0,0.0,2322,1192,182109,214972,27016,36555,108083,81133,24868,80524,,
1893,PCGS-CAC,AU,55,2024541,San Francisco,2,9.0,8.0,0.0,0.65,3418,3141,190735,243340,35652,40321,115907,84419,28631,89656,,
1887,NGC-CAC,MS,63,2443450,Philadelphia,1,10.0,10.0,0.0,0.0,2213,2100,192950,224173,28094,36168,124576,84263,24633,81986,,
1880,PCGS-CAC,MS,64,2241046,New Orleans,1,10.0,10.0,0.0,0.0,5051,1682,185813,203852,30666,31403,116876,71291,24338,69529,,
1903,PCGS,MS,64,2223030,Philadelphia,2,10.0,10.0,0.0,0.0,2309,3225,183244,213501,24557,38005,122456,75414,26223,74953,,
1885,NGC,MS,63,2274299,New Orleans,3,9.0,10.0,1.65,0.0,4942,2569,160434,204109,37280,37892,113823,81914,12026,82977,,
1887,PCGS,MS,63,1883798,Philadelphia,2,10.0,10.0,1.05,0.0,2359,2338,192585,234758,27823,40433,120846,90419,34369,89757,,
1878,NGC,MS,63,2248529,San Francisco,3,10.0,9.0,0.0,0.0,3682,2923,190622,209061,30111,38145,111761,74604,25572,80272,,
1897,PCGS,AU,58,2090234,New Orleans,1,10.0,10.0,0.0,0.0,4634,4886,226501,255613,39447,53369,131951,82194,38676,91023,,
1880,NGC,MS,64,2274215,San Francisco,3,9.0,4.0,1.75,3.25,1665,2597,180141,215445,23355,37919,117360,82876,26124,88304,,
1891,NGC,MS,61,2223454,San Francisco,2,10.0,10.0,0.0,0.35,5094,2528,172136,177376,31310,37670,116127,71403,22244,58785,,
1888,NGC,MS,65,2453899,New Orleans,1,10.0,10.0,0.0,0.0,874,2880,186620,233972,18918,42721,119291,84804,29471,85009,,
1904,PCGS,MS,66,2178872,New Orleans,2,10.0,10.0,0.0,0.0,990,2373,162478,221605,20540,38226,119948,85992,22778,81117,,
1881,PCGS,MS,64,2389817,San Francisco,2,9.0,10.0,1.75,0.0,2734,2458,168952,200885,25337,38691,114132,75950,22091,77787,,
1900,PCGS-CAC,MS,66,2166398,New Orleans,1,10.0,10.0,0.0,0.0,1606,2155,188098,226789,18119,35598,117149,87121,29105,81408,,
1881,NGC-CAC,MS,66,2273700,San Francisco,2,10.0,10.0,0.0,0.0,2169,1060,176359,200493,27639,38010,116018,73396,26272,71670,,
1878,PCGS,MS,62,2289610,Philadelphia,2,9.0,10.0,0.0,0.0,6900,1745,209085,220012,42129,37198,121086,79297,29808,85282,,
1883,PCGS-GSA,MS,63,2391894,Carson City,1,10.0,10.0,0.0,0.0,3692,2594,188758,205208,31459,34973,119707,80407,28200,78932,,
1878,PCGS,MS,63,2289116,San Francisco,2,10.0,10.0,0.0,0.0,1533,1144,183619,207621,23535,30542,111752,75679,25628,87081,,
1901,NGC,MS,63,2125833,New Orleans,1,10.0,10.0,0.0,0.0,3196,1690,178856,220361,21093,32089,119956,83608,28792,78341,,
1883,PCGS,MS,64,2025062,Carson City,1,10.0,10.0,1.75,0.0,1759,1423,195220,232179,25546,35528,117374,85361,32981,86774,,
1879,NGC,MS,63,2065833,Philadelphia,1,10.0,10.0,0.0,0.0,2418,1980,198611,251052,21851,36194,118877,88826,31569,91711,,
1921,ANACS,MS,63,2291898,Philadelphia,3,10.0,10.0,0.0,0.0,3921,2918,200449,222829,32269,39240,125966,83027,25505,81206,,
1887,PCGS,MS,65,2462997,Philadelphia,1,10.0,10.0,0.0,0.0,1136,1989,191136,227594,18766,35892,123640,83908,29051,86817,,
1885,PCGS,MS,62,2169406,Philadelphia,1,9.0,9.0,0.0,0.0,6724,2262,211507,209701,44520,33720,113077,72879,29749,79353,,
1898,NGC,MS,62,2291885,Philadelphia,3,10.0,10.0,0.0,0.0,3014,3025,194669,237703,31074,44497,125328,88418,25658,83095,,
1892,PCGS-CAC,MS,64,2257094,Philadelphia,1,10.0,10.0,0.0,0.0,3474,2969,185417,225640,25414,38210,122457,78867,28243,78171,,
1885,PCGS,MS,63,2029175,Philadelphia,2,9.0,10.0,3.7,0.0,1974,1557,191344,234731,26942,36556,121469,85301,32420,86573,,
1902,PCGS,MS,65,2287727,Philadelphia,1,9.0,9.0,0.0,0.0,2875,2735,187490,218718,27400,36374,116684,78728,26155,77707,,
1885,PCGS,MS,63,2297590,San Francisco,1,10.0,10.0,0.0,0.0,2549,1439,156845,185932,27898,32615,103012,68833,20425,70039,,
1878,PCGS,MS,62,2040090,Carson City,2,8.0,7.0,1.05,0.0,4891,2473,175515,176726,36624,35369,106135,62542,28626,77001,,
1891,NGC,MS,62,2449900,New Orleans,2,10.0,10.0,0.0,0.0,3330,2674,178904,209763,30498,35079,116602,84341,34068,88121,,
1902,PCGS,MS,64,2029074,New Orleans,3,5.0,10.0,3.6,0.35,15828,3981,240339,228483,70004,43539,124610,79762,48547,82785,,
1887,PCGS,MS,65,2129345,New Orleans,2,10.0,10.0,0.0,0.0,3235,3427,209459,255645,28420,42140,127044,87947,34333,93509,,
1884,PCGS,MS,63,1863754,Carson City,2,10.0,10.0,1.75,0.0,2758,1644,208041,238923,28122,34112,121496,88998,35321,83678,,
1878,NGC,MS,63,2287580,Philadelphia,3,10.0,9.0,1.35,0.65,4919,2381,192460,215398,33708,45324,122555,72760,29892,89548,,
1883,PCGS,MS,66,2163343,Carson City,2,10.0,10.0,0.0,0.0,2223,1487,172191,210092,21776,32285,109428,78325,22717,78260,,
1883,PCGS,MS,63,2462917,New Orleans,2,10.0,10.0,1.75,0.0,3053,2213,191949,205951,32436,34875,127934,83136,30418,87239,,
1886,PCGS,MS,63,2462922,Philadelphia,2,10.0,10.0,0.7,0.0,1324,2199,189557,231779,22437,37381,119686,85704,29660,81141,,
1879,NGC,MS,62,2090252,San Francisco,2,10.0,10.0,0.0,0.0,6295,3820,191220,228433,41734,50366,115829,82645,32118,85113,,
1890,PCGS-CAC,MS,62,2078670,Carson City,1,10.0,10.0,0.0,0.0,2669,1909,190064,242445,31022,39301,118323,86775,31229,88648,,
1884,NGC,AU,58,2394311,San Francisco,1,10.0,10.0,0.0,0.0,4856,4357,191251,241216,36119,45886,122728,88246,29974,87839,,
1878,PCGS,MS,65,2185362,Philadelphia,2,10.0,10.0,0.0,0.0,3881,1863,187958,221267,25304,31048,115444,76818,27199,86149,,
1898,PCGS,MS,67,2075152,New Orleans,2,10.0,10.0,0.0,0.0,2065,2250,190446,234807,21646,36384,123478,80890,33158,90616,,
1879,PCGS,AU,58,2097785,San Francisco,3,9.0,8.0,5.0,3.6,3747,4753,174487,225130,36748,48117,120822,87472,26530,90808,,
1896,PCGS,MS,64,2257098,Philadelphia,2,10.0,10.0,0.0,0.0,2638,1639,191033,212619,24736,34607,120152,72709,25821,79049,,
1883,NGC,MS,65,2288207,Carson City,1,10.0,9.0,0.0,0.0,1799,983,167783,180791,22322,29441,104923,62091,21255,65294,,
1879,PCGS,MS,64,2276602,Philadelphia,1,9.0,9.0,0.0,0.0,7295,4181,181317,193843,40598,36303,96828,59126,35028,78267,,
1878,PCGS,MS,65,2036077,San Francisco,1,10.0,10.0,1.4,0.0,2534,1679,205878,231278,31503,37292,116148,80715,30446,83475,,
1902,PCGS,MS,64,2287669,San Francisco,1,10.0,10.0,0.0,0.0,1345,1938,180719,206320,21891,30735,112090,72755,25157,76457,,
1878,PCGS,MS,63,2182934,Philadelphia,1,10.0,10.0,0.0,0.0,5378,1626,192397,229137,34113,35969,111220,80622,28078,85641,,
1879,NGC,MS,65,2298637,San Francisco,2,9.0,9.0,0.0,0.0,1066,2139,161150,200154,16947,34258,106468,76587,21632,76043,,
1887,NGC,MS,64,2289681,Philadelphia,1,10.0,10.0,0.0,0.0,6348,1916,211848,229411,41991,40203,125291,78102,30897,85915,,
1887,PCGS,MS,63,2184403,San Francisco,3,9.0,9.0,0.65,0.65,3576,2739,192273,239191,30106,40480,114084,84041,32292,79949,,
1902,PCGS,MS,65,2110797,New Orleans,1,10.0,10.0,0.0,0.0,3297,2514,191444,204016,22549,33068,116613,78298,25205,75734,,
1881,NGC,MS,64,2029129,San Francisco,3,10.0,10.0,3.05,1.65,6274,3767,209552,218188,48651,45065,125714,76855,29982,83385,,
1890,PCGS,MS,62,2231496,Carson City,3,9.0,9.0,1.3,1.3,5195,2329,219769,251328,44746,43445,125164,89706,39250,92501,,
1887,PCGS-CAC,MS,64,2171404,San Francisco,1,10.0,10.0,0.0,0.0,2932,1637,213546,247997,27809,37796,120895,83284,30023,83967,,
1890,NGC-CAC,MS,64,2252143,Philadelphia,1,10.0,10.0,0.0,0.0,4373,2596,185745,215343,27569,34872,120035,78817,23975,78211,,
1880,PCGS,MS,64,1855339,San Francisco,3,9.0,10.0,3.7,0.35,2811,1094,199147,225070,31782,35375,122469,85254,35318,84275,,
1885,PCGS,MS,65,2120304,New Orleans,3,7.25,8.0,2.4,1.0,2945,1436,139386,139738,26076,36368,104777,48073,21385,64009,,
1892,PCGS,MS,62,2169449,Philadelphia,1,10.0,10.0,0.0,0.0,4017,2972,195172,247534,30453,40639,122037,89117,26871,80468,,
1885,PCGS,MS,64,2291882,New Orleans,1,10.0,10.0,0.0,0.0,2887,3220,193162,227058,28371,38643,122314,87813,29870,79998,,
1882,PCGS,MS,64,2188870,Carson City,2,10.0,10.0,0.0,0.0,2128,1363,194493,231123,24164,32890,106340,80623,32445,92242,,
1885,NGC,MS,66,2087731,New Orleans,2,10.0,10.0,0.0,0.0,2597,1680,176862,239134,24695,36867,117888,88852,27104,83699,,
1884,PCGS,MS,64,2071178,New Orleans,1,8.0,6.75,1.75,0.0,4266,3558,163450,177311,33885,42243,100279,73411,35194,81158,,
1897,PCGS,AU,58,2177422,New Orleans,1,10.0,10.0,0.0,0.0,2216,3117,182737,223528,23802,37034,120575,89922,30153,81361,,
1904,PCGS,MS,63,2289580,Philadelphia,2,10.0,9.0,0.0,0.0,2794,3695,209720,246431,31496,45850,132596,84090,30186,91803,,
1878,PCGS,MS,65,2038595,Carson City,2,9.0,9.0,0.0,0.0,6276,1255,195700,200186,41311,32932,102632,71830,31919,77311,,
1895,PCGS,AU,55,2044590,New Orleans,2,10.0,10.0,0.35,0.7,7867,3196,216555,239151,41515,44090,127455,85183,36329,86796,,
1879,PCGS-CAC,MS,66,2296667,San Francisco,1,10.0,10.0,0.0,0.0,1800,1849,183400,219342,22114,40978,110511,77339,27157,76919,,
1887,PCGS,MS,65,2281311,Philadelphia,1,9.0,9.0,0.0,0.0,5834,1282,165686,158400,30938,27797,100990,54313,25940,66179,,
1883,NGC,MS,65,2075237,Philadelphia,1,10.0,10.0,1.75,0.0,2553,2326,191473,244172,25074,35411,117907,91007,31446,85813,,
1887,PCGS,MS,62,2249077,New Orleans,2,10.0,10.0,0.0,0.0,5488,2774,187231,211768,34567,36436,117639,77421,26540,80007,,
1882,PCGS-CAC,MS,64,2269084,Philadelphia,1,10.0,10.0,0.0,0.0,7042,2051,185794,193766,30632,28761,102051,60660,25960,71913,,
1886,PCGS,MS,65,2296232,Philadelphia,1,10.0,10.0,0.0,0.0,1591,3062,195786,223529,22611,38159,122556,76225,23875,81310,,
1883,NGC,MS,64,2125829,Philadelphia,2,10.0,10.0,0.0,0.0,2077,1306,189692,230398,22914,34750,116665,86290,29957,81382,,
1903,PCGS-CAC,MS,64,2257106,New Orleans,1,10.0,10.0,0.0,0.0,3234,1943,193863,204028,25857,32028,122544,70342,26150,77016,,
1878,PCGS,MS,64,2364307,San Francisco,1,10.0,10.0,0.0,0.0,1691,2836,182873,216251,24696,38745,119699,78787,26020,83318,,
1904,NGC,MS,64,2274246,New Orleans,3,8.0,9.0,1.3,0.0,2650,3130,180113,198845,27934,39151,126886,76285,23687,76642,,
1890,PCGS-CAC,MS,64,2218966,New Orleans,1,10.0,10.0,0.0,0.0,2540,1981,176567,212698,24975,35478,114235,81916,26036,76139,,
1886,PCGS-CAC,MS,67,2408847,Philadelphia,1,10.0,10.0,0.0,0.0,1343,1697,198701,226023,21656,36403,124756,73480,25387,80257,,
1902,NGC,MS,65,2152016,Philadelphia,1,10.0,10.0,0.0,0.0,2597,2335,205305,228142,26249,37652,127182,79440,32535,86408,,
1882,PCGS,MS,63,1886267,Carson City,1,9.0,9.0,1.75,0.0,2956,1127,196289,228881,29268,34537,109563,80386,26097,85672,,
1882,NGC,MS,64,2128824,Philadelphia,3,10.0,10.0,2.4,3.6,3592,3773,193074,217836,35539,42778,125290,86545,28989,78363,,
1882,PCGS,MS,63,2169377,New Orleans,3,9.0,10.0,1.3,1.0,5915,3287,227046,248939,50251,48732,135299,90687,38869,91781,,
1878,PCGS,MS,63,2248035,San Francisco,3,5.0,10.0,3.65,0.0,10784,1348,214231,229395,65912,40517,122326,74788,30159,86643,,
1889,PCGS,MS,65,1888312,New Orleans,3,10.0,10.0,1.65,1.65,6229,3793,179587,217275,37727,41600,122873,84813,23123,79919,,
1888,NGC,MS,65,2151989,Philadelphia,1,10.0,10.0,0.0,0.0,2617,2161,202109,221508,27704,37286,114315,75046,27618,77614,,
1878,NGC,MS,62,2298779,Philadelphia,2,10.0,10.0,0.35,0.0,2195,2103,175767,205394,27240,39535,114415,74169,22819,80313,,
1884,ANACS,MS,64,2000496,Carson City,2,10.0,10.0,1.75,2.95,2349,5081,177712,243373,24698,50004,112715,82958,26420,88331,,
1881,NGC,MS,64,2065731,San Francisco,3,9.0,9.0,5.0,3.95,5289,2328,204662,207357,44304,42127,126271,73921,36474,79221,,
1880,PCGS-CAC,MS,66,2234214,San Francisco,2,10.0,10.0,0.0,0.35,3877,1925,209899,246735,32703,33927,116749,83749,33361,86427,,
1897,PCGS,AU,55,2170858,New Orleans,3,10.0,10.0,1.0,2.0,8441,2824,247733,198956,58338,38101,135486,63526,40330,76499,,
1879,NGC,MS,65,2065719,San Francisco,2,10.0,10.0,2.4,0.0,2401,1786,198889,241663,29876,40161,114892,86358,35671,85411,,
1896,NGC,MS,63,2037082,San Francisco,1,10.0,10.0,0.0,0.0,3715,1766,194381,234183,32141,39003,119305,84915,31061,86854,,
1882,NGC,MS,62,2192907,Carson City,1,9.0,9.0,0.0,0.0,5536,2912,182704,179005,36264,31433,97271,64148,26771,68108,,
1904,NGC,AU,55,2172338,San Francisco,2,10.0,10.0,0.0,0.0,4504,3219,239452,243534,41488,39890,128234,87622,42246,90017,,
1883,NGC,MS,64,2248536,New Orleans,2,10.0,10.0,0.0,0.0,3464,4010,165640,199537,30527,37954,122073,80630,18838,70386,,
1896,PCGS,MS,64,2291095,Philadelphia,3,10.0,7.0,0.0,1.35,16872,7065,215759,247361,75477,66978,126908,62543,44480,59771,,
1885,PCGS,MS,65,2260552,Philadelphia,2,9.0,9.0,0.0,0.0,4248,2205,159180,190714,23998,29981,89749,64894,22891,64557,,
1878,PCGS-CAC,MS,64,1885863,Carson City,3,10.0,10.0,3.65,2.3,2278,1697,196754,200494,28718,36606,123888,67489,34055,80912,,
1886,NGC,MS,64,2274314,Philadelphia,3,10.0,9.0,1.0,0.0,5830,2851,184450,220993,27851,36887,119982,79828,25661,78314,,
1880,PCGS,MS,65,2234643,Carson City,2,10.0,10.0,0.0,0.0,2997,1769,141399,203475,24484,32884,97735,76169,21649,81783,,
1883,PCGS,MS,64,2257068,New Orleans,2,10.0,10.0,0.0,0.0,1734,9301,170238,172392,18315,59714,121330,48537,19158,45255,,
1878,NGC,MS,63,2192911,San Francisco,1,9.0,9.0,0.0,0.0,5245,1230,186011,187392,39613,33694,109607,69033,33592,72954,,
1880,PCGS-CAC,MS,67,2167339,San Francisco,1,10.0,10.0,0.0,0.0,2212,1354,177887,227623,22137,33943,113771,86027,23828,82391,,
1897,PCGS-CAC,MS,66,2284085,San Francisco,1,10.0,10.0,0.0,0.0,3227,1510,181397,201927,26291,33233,117454,74391,27339,72810,,
1896,NGC,AU,58,2252126,New Orleans,2,10.0,10.0,0.0,0.0,6053,3395,191254,229767,30407,35407,123115,88836,32504,83229,,
1885,PCGS,MS,67,2252650,Carson City,2,10.0,10.0,0.0,0.0,1681,1775,176866,206027,20723,30971,111152,79363,29571,80807,,
1921,PCGS,MS,64,2169380,Philadelphia,2,10.0,10.0,0.0,0.0,2239,2386,200849,244051,26367,39046,122907,87271,30656,79658,,
1890,PCGS,MS,64,2231560,Philadelphia,2,10.0,10.0,0.0,0.0,2622,3636,183595,233156,23683,39147,116041,84253,23665,78481,,
1883,NGC,MS,63,2085737,New Orleans,2,10.0,10.0,1.75,0.0,2822,1585,178018,223698,30824,35925,123963,88321,19381,81506,,
1897,PCGS,MS,63,2448898,New Orleans,1,10.0,10.0,0.0,0.0,3181,3900,203593,239531,27285,40788,129661,88791,32603,89670,,
1879,NGC,MS,65,2274264,San Francisco,2,9.0,10.0,0.0,0.0,3248,2761,149896,197263,20225,42122,108809,72929,19573,74914,,
1879,PCGS,MS,62,2160397,San Francisco,3,10.0,10.0,1.95,0.35,3842,2782,227490,230268,44510,46031,123767,81485,36639,83527,,
1896,NGC,MS,64,2289679,Philadelphia,3,7.0,9.0,3.6,0.65,8457,3072,233542,214222,57847,45595,136612,80006,41859,87973,,
1883,PCGS,MS,61,1886292,San Francisco,2,9.0,9.0,1.75,0.65,6452,1519,209319,230736,48409,36421,112056,74575,29161,85060,,
1878,NGC,MS,64,2125876,San Francisco,1,9.0,10.0,0.0,0.0,4048,1396,175451,194816,29915,32340,104578,69394,25168,72792,,
1880,PCGS,MS,65,2380934,San Francisco,1,10.0,10.0,0.0,0.0,2059,3082,178322,206692,23794,40334,116529,77932,22518,77119,,
1884,NGC,MS,65,2295099,Philadelphia,1,10.0,10.0,0.0,0.0,1070,1080,204767,230465,19933,37348,123867,81808,30499,87607,,
1887,PCGS,MS,65,2125968,New Orleans,2,10.0,10.0,0.0,0.0,2882,1621,192732,232337,27187,36173,128127,85525,31236,85179,,
1892,PCGS,AU,58,2009627,San Francisco,2,10.0,10.0,0.0,0.0,5162,3264,224435,232342,41909,47788,122420,77547,33946,79650,,
1879,PCGS,MS,67,2234163,San Francisco,1,9.0,9.0,0.0,0.0,2563,1024,184729,224152,28979,37715,106150,70063,30552,88143,,
1880,NGC,MS,65,2075250,San Francisco,3,9.0,8.0,5.0,3.95,7278,2774,177903,173667,41458,39530,98444,58672,34655,73975,,
1887,NGC,MS,65,2181413,Philadelphia,3,10.0,9.0,1.35,2.0,4702,2144,196971,220691,38708,38959,123836,74577,28588,87338,,
1904,NGC,MS,63,2274252,New Orleans,2,9.0,10.0,0.0,0.0,2478,2843,192606,208496,27749,37922,127136,81391,25380,77195,,
1881,PCGS,MS,65,2462447,San Francisco,2,10.0,10.0,0.0,0.0,592,1328,190647,210660,18182,33331,119451,70319,25259,77182,,
1880,NGC,AU,58,2093111,New Orleans,1,10.0,10.0,0.0,0.0,3083,1532,175338,221202,32193,35031,118748,85524,29456,83803,,
1891,PCGS,MS,63,2169415,Philadelphia,2,10.0,10.0,0.0,0.0,3921,1843,175637,215938,27897,30821,115340,84455,25601,75875,,
1881,PCGS,MS,67,2437990,San Francisco,1,10.0,10.0,0.0,0.0,1077,2065,184981,207225,20813,35847,119207,76680,25272,74568,,
1892,PCGS,MS,63,2255225,Philadelphia,1,10.0,10.0,0.0,0.0,3662,2839,185532,219348,27581,36403,117796,85096,24284,74160,,
1893,NGC,MS,62,2059613,Philadelphia,3,6.75,5.0,2.3,3.6,3606,1113,218434,185015,31960,31551,125552,47826,34993,74369,,
1888,PCGS,MS,65,1888316,New Orleans,1,10.0,10.0,0.0,0.0,2836,1004,192609,238028,25362,34804,119355,87788,36077,87456,,
1886,PCGS,MS,63,2152012,Philadelphia,3,9.0,5.0,0.0,3.25,6513,4894,187367,252292,41625,56374,105234,83401,25053,98022,,
1881,PCGS,MS,65,2232107,Philadelphia,1,10.0,10.0,0.0,0.0,3402,1642,195773,220132,22420,34350,114356,73290,25677,79839,,
1887,PCGS,MS,67,2392797,Philadelphia,3,8.0,10.0,2.95,0.0,4938,2281,202972,197563,33713,36687,125396,73669,27772,72126,,
1883,NGC-GSA,MS,65,2398998,Carson City,1,10.0,10.0,1.75,0.0,1489,2523,175849,217097,19940,37389,114868,82264,25219,78779,,
1890,PCGS,MS,63,2169385,San Francisco,1,9.0,9.0,0.0,0.0,7229,2168,178990,192617,31783,32042,105315,67191,21296,70751,,
1880,ANACS,MS,63,2177357,Carson City,1,10.0,10.0,0.0,0.0,7199,2136,216565,231831,35513,35872,125475,82244,33809,86760,,
1892,PCGS,MS,63,2287748,Carson City,2,10.0,7.25,0.0,0.65,4104,2780,179354,228327,35091,53383,106243,79653,25150,85830,,
1884,PCGS,MS,67,2291779,Carson City,1,10.0,10.0,0.0,0.0,1096,1437,185954,215567,19730,33386,108510,75210,26445,78636,,
1921,NGC,MS,64,2289657,Denver,2,10.0,10.0,0.0,0.0,2223,1626,216846,248386,29575,37604,124425,86288,25881,82609,,
1900,PCGS,MS,63,2068708,New Orleans,1,10.0,10.0,0.0,0.0,2850,2086,206371,247405,28762,41389,126790,89565,32913,86870,,
1884,PCGS,MS,65,2035629,Carson City,1,10.0,10.0,1.75,0.0,1325,2434,195799,233549,21593,36432,116960,88045,32041,83607,,
1880,PCGS,MS,63,2016251,San Francisco,2,9.0,9.0,1.75,0.0,3294,1560,201691,239081,31759,36126,116180,77674,31812,84050,,
1884,PCGS,MS,65,2295100,Carson City,2,10.0,10.0,2.6,0.0,2935,1690,203580,233615,34096,33398,125827,79518,31832,82720,,
1880,PCGS,MS,63,2241129,San Francisco,2,10.0,9.0,0.0,3.25,5799,5504,179219,244335,33735,49498,112894,85242,26406,89577,,
1885,NGC,MS,65,1853842,Philadelphia,1,10.0,10.0,1.75,0.0,2005,1410,195672,240975,23015,34730,115349,89029,32511,87699,,
1878,PCGS,MS,64,2453872,Philadelphia,1,10.0,10.0,0.0,0.0,1247,1247,191033,224368,20993,33795,120256,80847,25212,80501,,
1883,PCGS,MS,64,2291441,Carson City,1,10.0,10.0,0.0,0.0,3155,1680,181009,187557,29224,31997,103668,69632,25824,71953,,
1899,NGC,MS,62,2399849,San Francisco,2,10.0,10.0,0.0,0.35,2630,2232,201096,226315,28772,39212,130481,85280,28700,81586,,
1896,PCGS,MS,67,2451988,Philadelphia,1,10.0,10.0,0.0,0.35,1911,3026,188703,209572,24560,41305,127127,76514,24721,77384,,
1878,PCGS,MS,63,1883844,Philadelphia,3,9.0,9.0,1.7,0.7,3591,1812,203657,233547,33312,41251,119824,83799,34069,85949,,
1883,NGC,MS,65,2260543,Carson City,3,9.0,10.0,2.3,0.0,13443,2253,240981,179346,62967,33257,127711,46529,43941,68170,,
1885,PCGS,MS,64,2064137,Philadelphia,1,7.0,5.0,1.75,0.0,4595,1952,188420,198603,33587,33575,109600,67194,33941,80451,,
1898,PCGS,MS,67,2408872,Philadelphia,1,10.0,10.0,0.0,0.0,571,1365,188831,218181,17686,36169,125163,80837,28548,86917,,
1897,PCGS,AU,55,2253528,New Orleans,2,10.0,10.0,0.0,0.35,7180,2416,197012,210429,38929,34451,120783,81006,32678,82978,,
1882,NGC,MS,64,2128825,Philadelphia,2,10.0,10.0,1.75,0.0,3535,1963,209931,235993,34265,39644,119782,79656,35058,90870,,
1901,PCGS,MS,65,2296237,New Orleans,1,10.0,10.0,0.0,0.0,3421,2189,220064,223622,36131,37197,131066,84470,33376,81341,,
1882,ANACS,AU,55,2453574,New Orleans,3,9.0,9.0,5.0,1.3,5032,3829,194462,228647,36640,41403,126468,88092,30471,82607,,
1882,PCGS,MS,65,2097798,New Orleans,2,10.0,10.0,1.75,0.0,4202,2900,194090,219308,31777,39866,125103,80435,26570,84077,,
1882,NGC-CAC,MS,66,2273715,San Francisco,3,10.0,10.0,1.65,1.0,4025,1705,213385,216015,42247,43885,128324,80197,34734,78861,,
1888,PCGS,AU,55,1863751,New Orleans,2,10.0,10.0,0.0,0.0,2407,1953,189230,235947,25226,38695,115090,89023,38122,88878,,
1881,ANACS,MS,63,2457003,Philadelphia,1,10.0,10.0,0.0,0.0,2507,2309,178656,213993,23670,35087,114295,83081,28667,81415,,
1884,NGC,MS,62,2093117,New Orleans,3,10.0,10.0,1.75,2.0,7186,8610,185376,240875,45028,65310,120786,83851,32806,95642,,
1882,PCGS,MS,66,2075322,Carson City,1,7.0,7.0,1.75,0.0,3252,2097,161323,189406,29852,35225,100366,65456,30495,78479,,
1878,PCGS,MS,62,2291669,Philadelphia,2,10.0,10.0,0.0,0.0,3573,2517,176848,208419,32276,39607,119217,79169,27693,81525,,
1921,PCGS,MS,63,2044598,Denver,2,10.0,10.0,0.7,0.35,5851,3267,226049,245135,41706,44807,128770,80945,26772,81942,,
1884,NGC,MS,65,2399117,New Orleans,3,9.0,6.0,3.05,1.95,2081,4806,177951,193517,27658,45560,121113,71353,23015,72790,,
1880,PCGS,MS,63,2029155,San Francisco,1,9.0,9.0,0.0,0.0,5387,1554,207990,235374,42453,34479,111593,78019,28381,84388,,
1889,SEGS,MS,63,1861864,Philadelphia,2,10.0,9.0,0.0,0.0,4378,1765,192340,244579,34940,35693,107872,81796,32797,85314,,
1896,PCGS,MS,64,2093101,Philadelphia,1,10.0,10.0,0.0,0.0,1475,1457,181615,210984,21441,34036,118565,82502,27276,78252,,
1883,PCGS,MS,66,2286243,Philadelphia,1,10.0,10.0,0.0,0.0,1810,1295,179048,190429,17978,33715,108817,69470,25073,67951,,
1890,PCGS,MS,64,2289581,New Orleans,1,10.0,10.0,0.0,0.0,2202,2051,204116,247292,26658,42966,128508,85509,33016,98400,,
1921,PCGS,MS,64,2289656,Denver,1,10.0,10.0,0.0,0.0,2158,2608,220164,253334,27133,42439,133822,88960,28350,92682,,
1881,PCGS,MS,67,1879972,Carson City,1,10.0,10.0,1.75,0.0,1209,1404,175602,227129,16050,34885,113440,88079,29518,82605,,
1893,PCGS,MS,64,2087736,Philadelphia,1,10.0,10.0,0.0,0.0,1136,1485,174565,241292,19081,34364,112812,88108,26998,84477,,
1879,PCGS-CAC,MS,65,2078680,San Francisco,1,10.0,10.0,1.75,0.0,4149,1769,188287,241489,31778,36731,115947,89453,28172,87004,,
1880,PCGS,MS,63,2296212,San Francisco,1,10.0,10.0,0.0,0.0,8211,1678,154568,191743,29262,34022,90929,67377,22869,72783,,
1891,PCGS,MS,65,1888294,San Francisco,3,9.0,10.0,0.35,0.0,1899,1218,163991,220301,24486,32979,113612,87086,17873,81237,,
1921,NGC,MS,64,2263150,Philadelphia,1,10.0,9.0,0.0,0.0,4735,2746,188291,188344,29815,34111,115296,67949,24655,69043,,
1879,NGC,AU,55,2032144,San Francisco,1,10.0,9.0,1.75,0.0,7438,3858,214046,221957,32126,44995,125102,81708,38241,86895,,
1898,PCGS,MS,65,2097794,Philadelphia,4,9.0,8.0,3.6,3.25,2251,4673,135361,176200,21940,43587,84678,60112,27369,73383,,
1883,PCGS,MS,63,2068666,Philadelphia,2,10.0,10.0,0.0,0.0,3060,2082,203594,222294,34853,39951,118124,85916,32800,81160,,
1904,PCGS,MS,64,2287673,Philadelphia,1,10.0,10.0,0.0,0.0,2176,2390,198064,227061,26526,37127,123657,82973,25518,75689,,
1898,PCGS,MS,66,2463002,Philadelphia,1,10.0,10.0,0.0,0.0,779,1813,187318,230598,17988,35894,119787,84738,25564,81737,,
1882,PCGS-CAC,MS,65,2279078,San Francisco,1,9.0,9.0,0.0,0.0,4584,1537,195154,214794,36982,38203,104448,61850,30128,81000,,
1878,PCGS,MS,64,2279705,Carson City,1,10.0,10.0,0.0,0.0,2672,3270,154711,175156,22692,37739,108553,69033,17815,65976,,
1885,NGC,MS,62,2247690,San Francisco,2,9.0,9.0,0.0,0.0,3969,2595,140264,190860,25440,40273,97984,73754,20024,67789,,
1889,PCGS,MS,62,2032171,San Francisco,1,10.0,9.0,0.0,0.0,5457,2995,212212,232577,40352,37995,121523,79873,29843,94278,,
1884,NGC,MS,65,2188878,Carson City,1,10.0,10.0,0.0,0.0,2006,2329,179939,236379,21137,36978,113172,88459,29385,80163,,
1891,PCGS,MS,62,2098696,Carson City,1,10.0,10.0,0.0,0.0,3928,1882,187738,235391,35840,35499,118642,88897,28625,80801,,
1885,PCGS,MS,62,2289076,Philadelphia,3,10.0,10.0,1.35,1.35,4137,2579,180119,204317,28682,36395,114780,76937,28902,69815,,
1878,PCGS,MS,63,2010019,Philadelphia,2,10.0,9.0,1.7,0.0,2604,2075,178332,219628,29414,37870,113963,84518,25717,84595,,
1887,PCGS,MS,65,2029082,Philadelphia,2,10.0,10.0,1.05,0.0,2346,2693,190353,238479,24647,39607,117157,88324,31679,86333,,
1879,PCGS,MS,63,2226457,San Francisco,0,10.0,10.0,0.0,0.0,4852,2070,194097,221616,30388,33284,117911,76724,26302,81404,,
1899,NGC,AU,58,2160448,New Orleans,2,10.0,10.0,0.65,2.65,3667,2728,221073,250969,42027,45685,136272,89216,33328,90425,,
1880,NGC,MS,66,2030615,San Francisco,1,6.0,6.5,0.0,0.0,3034,1398,165111,188799,33342,35008,106773,67464,28157,75058,,
1890,NGC,MS,63,2090200,San Francisco,2,10.0,10.0,0.0,0.0,4355,3395,204938,221692,34903,40588,117491,76880,33357,79427,,
1884,PCGS,MS,66,2295101,Carson City,1,10.0,10.0,0.0,0.0,2839,1652,190967,236653,23258,35365,115377,88183,31090,83141,,
1900,PCGS,MS,65,2110789,New Orleans,1,10.0,10.0,0.0,0.0,1253,2010,191178,246837,23818,36762,120971,90505,28242,86837,,
1899,PCGS,MS,63,1883823,Philadelphia,1,10.0,10.0,0.0,0.0,3276,1133,190788,234445,30299,35635,119545,89997,30044,80831,,
1886,PCGS-CAC,MS,65,2232488,Philadelphia,3,8.0,10.0,3.6,0.35,4410,2702,215695,230495,40704,41747,124664,76786,35069,90494,,
1880,PCGS,MS,63,2293109,Philadelphia,1,10.0,10.0,0.0,0.0,2439,2461,185212,217143,25203,37901,117968,79369,23545,76404,,
1899,PCGS,MS,67,1888296,New Orleans,2,10.0,10.0,0.0,0.0,1419,1919,184090,242574,21093,36502,118840,89452,32867,87181,,
1897,PCGS,MS,63,2259700,Philadelphia,2,10.0,10.0,0.0,0.0,2340,1537,175325,197955,22644,35635,117817,77729,22778,74470,,
1921,PCGS,MS,63,1883837,Denver,1,10.0,10.0,0.0,0.0,4496,2249,235751,250208,35535,39362,129897,86584,28376,84095,,
1903,PCGS-CAC,MS,65,2173849,New Orleans,3,7.0,9.0,3.95,3.6,2463,3091,183981,183321,31605,35204,109391,55154,32005,80647,,
1888,NGC,MS,64,2169370,New Orleans,2,10.0,10.0,0.0,0.0,2297,1708,182653,199160,24869,29918,115213,73216,29698,79560,,
1882,PCGS,MS,63,2296222,San Francisco,2,9.0,8.0,0.0,0.0,3066,2071,186578,214195,31869,38431,118835,81431,27261,83419,,
1884,PCGS,MS,63,2128803,New Orleans,1,10.0,10.0,0.0,0.0,2539,2343,176051,222058,26506,37125,119763,88633,25653,85855,,
1903,PCGS,MS,64,2241067,Philadelphia,3,9.0,10.0,2.95,1.0,5584,2525,215832,230787,41405,45067,131021,76369,32753,88771,,
1887,PCGS-CAC,MS,63,2283424,Philadelphia,1,9.0,9.0,0.0,0.0,1690,2409,188207,217147,23641,37373,124202,81969,24465,79503,,
1882,PCGS,MS,66,2160392,Carson City,2,10.0,10.0,0.0,0.0,2901,2606,199676,244496,32668,41504,119353,85702,34356,88758,,
1891,PCGS,MS,63,2212923,Carson City,1,9.0,9.0,0.0,0.0,7935,3164,187311,195778,37482,33703,103010,65148,28595,79184,,
1886,NGC,MS,64,2248540,Philadelphia,1,10.0,10.0,0.0,0.0,3792,1818,189715,212925,26086,34291,119309,77125,27468,81480,,
1903,PCGS,MS,63,2092971,New Orleans,1,10.0,10.0,0.0,0.0,2290,1978,187755,232280,26081,36211,119750,83025,28514,87792,,
1895,PCGS,MS,61,2093178,New Orleans,2,10.0,10.0,0.35,0.35,2392,2651,190040,250364,27980,44165,123458,91330,29453,89343,,
1887,PCGS,MS,63,2025064,Philadelphia,2,10.0,10.0,1.05,0.35,4578,2526,199066,228874,39113,38645,124935,88146,35137,85288,,
1884,NGC,MS,64,2177378,New Orleans,2,10.0,10.0,0.35,0.35,4646,2880,151331,158179,28281,29395,104587,48054,29618,68546,,
1884,PCGS,MS,63,2009618,Carson City,1,10.0,10.0,1.75,0.0,3531,1979,190466,202702,35040,34559,114561,79011,30150,74953,,
1881,PCGS,MS,64,2034101,New Orleans,1,10.0,10.0,0.0,0.0,2978,1996,205227,243494,26935,37064,114921,83878,32416,87224,,
1881,NGC,MS,63,2224461,Carson City,1,10.0,10.0,0.0,0.0,1126,1842,179394,234841,19293,37746,120005,86554,30130,81978,,
1888,PCGS-CAC,MS,64,2238470,San Francisco,1,10.0,10.0,0.0,0.0,2984,2571,202947,226172,27488,35441,116909,80679,30359,79136,,
1885,NGC-GSA,MS,63,2014082,Carson City,1,10.0,10.0,0.0,0.0,3377,2253,183550,228102,29768,37659,107516,86954,28146,82317,,
1899,PCGS,MS,67,2051683,New Orleans,3,10.0,9.0,1.35,0.7,4085,2308,188763,193723,27722,37846,120582,69463,29439,69265,,
1896,PCGS,MS,65,2295116,Philadelphia,2,10.0,10.0,0.0,0.0,2689,2817,213414,242493,31305,37446,134317,86911,26567,89562,,
1878,PCGS,MS,64,2285227,Philadelphia,1,10.0,10.0,0.0,0.0,4129,3003,172404,197392,22747,37214,108264,75359,25873,66678,,
1890,NGC,MS,61,2276062,Carson City,2,10.0,10.0,0.0,0.0,3046,1616,178189,212835,30155,40021,114552,77694,25468,75774,,
1885,PCGS-CAC,MS,66,2408887,Carson City,1,10.0,10.0,1.75,0.0,1480,2385,163706,212914,21476,34980,111300,82930,27665,78244,,
1898,PCGS-CAC,MS,67,1880917,New Orleans,1,10.0,10.0,0.0,0.0,1530,1835,201127,252959,21477,37042,121642,90102,35363,88625,,
1882,PCGS,AU,55,1876775,Carson City,1,10.0,10.0,0.0,0.0,1839,2269,212165,253691,27986,39605,125608,95009,36722,91237,,
1878,PCGS,MS,66,2263146,Philadelphia,1,10.0,10.0,0.0,0.0,2651,2447,178242,224892,22640,33219,109431,80091,29497,77949,,
1898,PCGS,MS,65,1880916,New Orleans,1,10.0,10.0,0.0,0.0,1336,1699,185073,240463,19955,36112,117216,89048,29587,86383,,
1899,PCGS,MS,63,2068705,Philadelphia,1,10.0,10.0,0.0,0.0,4346,1674,199672,242242,33881,36573,119412,87492,31323,81650,,
1881,NGC-CAC,MS,66,2193408,San Francisco,1,10.0,10.0,0.0,0.0,1696,1188,190096,222978,23428,34309,120209,81545,28248,80782,,
1921,NGC,MS,64,2128819,Denver,2,10.0,10.0,0.0,0.0,1436,1659,196098,246126,22497,33290,120462,89634,26843,81545,,
1898,PCGS,MS,64,2427380,New Orleans,2,10.0,10.0,0.0,0.0,2305,2481,189519,221435,25960,38601,120843,80675,29369,81625,,
1887,NGC-CAC,MS,63,2291092,Philadelphia,3,4.0,9.0,1.05,0.0,6756,1209,197266,199337,28550,29256,117802,78126,29073,73063,,
1887,NGC,MS,64,2029113,Philadelphia,1,10.0,10.0,1.05,0.0,2623,1860,190008,221058,26923,35538,117147,81998,29138,78090,,
1881,PCGS-CAC,MS,65,2091184,San Francisco,4,1.0,10.0,2.4,1.0,5318,1999,214167,212788,39676,38024,125184,80204,35286,78138,,
1899,PCGS-CAC,MS,64,2287697,Philadelphia,2,10.0,10.0,0.0,0.0,2197,2325,183117,224026,26923,42283,122498,88422,26479,81575,,
1880,PCGS,MS,65,2224440,San Francisco,1,10.0,10.0,0.0,0.0,2198,1192,156909,207949,21381,32268,96763,72352,25627,74045,,
1883,PCGS,MS,67,2067693,Carson City,1,10.0,10.0,1.75,0.0,857,1020,193498,231199,18396,34637,115018,80527,28561,84990,,
1898,PCGS,MS,63,2068702,Philadelphia,1,10.0,10.0,0.0,0.0,3827,1741,202002,232580,34936,37722,121458,87382,30147,87068,,
1885,PCGS,MS,64,2090177,New Orleans,1,10.0,10.0,0.0,0.0,3254,1515,179316,220799,28317,35464,119973,84779,26546,81436,,
1896,PCGS,MS,62,2039655,New Orleans,1,10.0,10.0,0.0,0.0,2263,1991,179006,227319,26687,36724,116144,86686,29779,86435,,
1899,PCGS,MS,65,2289677,New Orleans,3,8.0,6.0,2.95,3.6,4456,4167,224332,263614,43066,57022,133356,85597,34655,97708,,
1885,NGC,MS,65,2413373,New Orleans,1,10.0,10.0,0.0,0.0,1475,2555,173502,212249,20821,38652,114373,80044,27574,79214,,
1885,NGC,MS,67,2083158,Carson City,1,10.0,10.0,0.0,0.0,1418,2009,186036,227746,21665,32342,111379,86129,32010,83713,,
1878,PCGS,MS,63,2298363,Philadelphia,2,10.0,9.0,0.0,0.0,5345,2235,182175,192811,40937,38125,105058,60719,37197,85334,,
1889,NGC,MS,61,2177396,New Orleans,2,10.0,10.0,0.0,0.0,4538,3161,184953,237985,21696,36885,116622,89596,32279,89747,,
1879,PCGS,MS,66,2408814,New Orleans,1,10.0,10.0,0.0,0.0,1248,1974,170247,200451,19123,33830,113117,76910,23500,76169,,
1885,NGC,MS,64,2097804,New Orleans,1,10.0,10.0,0.0,0.0,4270,1684,163733,225408,29468,34640,108630,86822,28603,84805,,
1896,NGC,MS,63,2274319,Philadelphia,2,10.0,10.0,0.0,0.0,1998,3231,188428,230187,24652,42061,123922,87611,27527,81801,,
1887,PCGS,MS,66,1868270,Philadelphia,1,10.0,10.0,0.0,0.0,2693,1645,193311,249374,24004,35335,119848,90898,31370,87846,,
1904,PCGS-CAC,MS,64,2247542,San Francisco,3,9.0,9.0,2.3,2.95,3336,3075,217550,255580,34538,48004,128726,84488,44189,99505,,
1878,NGC,MS,63,2190918,Philadelphia,2,10.0,10.0,1.35,0.35,8148,3983,196346,201730,49607,41112,113587,74006,31420,83680,,
1882,PCGS,AU,55,1853797,New Orleans,1,9.0,9.0,0.0,0.0,4553,2178,217678,250048,38868,39093,126805,88699,38888,91418,,
1886,NGC,MS,63,1883393,Philadelphia,1,10.0,10.0,0.0,0.0,5505,2026,209627,218730,37405,40908,125192,78636,30932,82885,,
1885,PCGS,MS,65,2291780,Carson City,1,10.0,10.0,0.0,0.0,1851,2063,173707,178318,21705,31281,108896,56419,25202,69228,,
1880,NGC,MS,63,2247490,New Orleans,3,10.0,10.0,3.6,2.3,5386,1894,204653,220696,39497,44197,124737,73193,38622,91465,,
1880,NGC,MS,64,2048764,San Francisco,1,10.0,10.0,1.75,0.0,3946,2273,194621,243708,35415,41826,114955,87144,26214,85941,,
1878,PCGS,MS,63,2097751,Carson City,1,10.0,10.0,0.0,0.0,4401,2246,189881,225213,32569,36617,116761,85073,31310,82316,,
1881,PCGS-CAC,MS,63,2283411,San Francisco,1,10.0,10.0,0.0,0.0,2451,2051,177337,202322,24897,36219,115387,75221,26126,76207,,
1882,NGC,MS,66,2087730,San Francisco,1,10.0,10.0,1.75,0.0,2430,1409,209598,250718,28493,36597,116069,83294,29048,84720,,
1879,PCGS,AU,58,2019069,Carson City,2,9.0,10.0,2.7,2.3,3417,3976,194437,236255,35032,45138,121437,95121,36122,86270,,
1880,PCGS,MS,65,2075316,Carson City,4,6.0,10.0,5.0,0.0,10835,2124,268721,200273,75728,35901,134717,72119,50843,83811,,
1881,NGC,MS,67,2273709,San Francisco,1,10.0,9.0,0.0,0.0,2335,1624,179618,181567,20719,32782,115558,66899,26015,65322,,
1892,PCGS,MS,62,2068696,New Orleans,1,10.0,10.0,0.0,0.0,3223,1639,214546,243607,32624,35484,123651,82747,37708,88574,,
1904,PCGS,MS,64,2293686,Philadelphia,2,9.0,9.0,0.0,0.0,3000,2972,211706,233745,33300,46848,132807,84042,31148,87904,,
1882,PCGS-CAC,MS,64,2218969,Carson City,3,10.0,10.0,0.7,0.0,4768,2717,200952,225699,33249,41148,122247,76472,34288,91762,,
1879,NGC,MS,64,2192926,San Francisco,3,9.0,9.0,0.65,0.0,4016,932,202783,209137,35092,33793,118578,66220,26275,77390,,
1899,NGC,MS,65,1885866,New Orleans,1,10.0,10.0,0.0,0.0,1891,1814,187600,236368,21964,36333,121241,89983,27292,84564,,
1882,NGC,MS,63,2177369,San Francisco,2,10.0,10.0,0.0,0.0,2956,2545,154455,206131,23268,42260,110430,71211,19496,71841,,
1891,PCGS-CAC,MS,62,2078672,Carson City,1,10.0,10.0,0.0,0.0,4912,2195,204554,229564,39281,38365,117431,87627,31619,80282,,
1896,PCGS,MS,63,2057120,New Orleans,2,10.0,10.0,0.65,0.65,4838,3266,206876,229319,39734,42372,132744,82048,34198,91583,,
1885,PCGS,MS,62,1883796,San Francisco,2,10.0,10.0,1.75,0.0,5093,1334,187622,237454,35731,35919,114614,83878,27074,86337,,
1899,PCGS-CAC,AU,55,2049150,New Orleans,3,10.0,10.0,1.95,1.95,5704,5268,210949,238470,41206,47009,128179,92332,43089,90691,,
1880,NGC,MS,65,2455920,San Francisco,2,10.0,10.0,2.4,0.0,2310,1381,187553,213023,26231,34532,113926,78573,29784,79516,,
1885,NGC,MS,65,2125863,New Orleans,1,10.0,10.0,0.0,0.0,2594,1753,179496,200590,25688,33916,116427,80481,30073,80072,,
1881,NGC,MS,65,2455918,San Francisco,2,10.0,10.0,2.4,0.0,1601,1703,196373,200399,22270,38923,120215,69797,24204,78075,,
1878,PCGS,MS,62,2381603,Philadelphia,1,10.0,10.0,0.0,0.0,2890,2711,191094,210848,28266,39694,121256,71439,26908,80944,,
1878,PCGS,MS,64,2196386,Philadelphia,3,8.0,8.0,3.6,1.95,6735,3571,228913,224995,50507,48347,131088,75796,36113,84774,,
1892,PCGS,MS,64,1872466,Philadelphia,1,9.0,9.0,0.0,0.35,2455,1825,201654,251070,29420,35917,108968,81703,32142,92394,,
1888,PCGS,MS,62,2177392,Philadelphia,2,10.0,10.0,0.0,1.0,3841,3943,191416,236009,30507,45340,124174,85932,34095,85592,,
1900,PCGS-CAC,MS,65,2075348,New Orleans,1,10.0,10.0,0.0,0.0,1224,2187,194097,242747,21450,36522,117876,85732,32685,87329,,
1878,PCGS-CAC,MS,64,2255010,Carson City,2,10.0,10.0,0.0,0.0,4337,3499,192483,219856,31154,36984,113925,81888,30473,81819,,
1880,NGC,MS,66,2279072,San Francisco,3,10.0,9.0,2.0,0.7,6379,1514,196915,225516,46012,35330,100439,80118,28204,85741,,
1879,PCGS,MS,64,2285159,Philadelphia,1,10.0,10.0,0.0,0.0,3513,2288,180540,210373,30684,37147,116268,78014,23196,71678,,
1885,PCGS,MS,65,1885884,New Orleans,2,10.0,9.0,2.4,1.35,4974,1283,185147,214610,32489,35785,116473,66083,35142,93828,,
1888,PCGS,MS,62,2289582,San Francisco,1,10.0,10.0,0.0,0.0,3357,1645,213058,231791,34674,37505,132223,85769,31563,82850,,
1890,PCGS,MS,64,2182969,Philadelphia,1,10.0,10.0,0.0,0.0,3246,2035,191442,234238,29381,37885,116052,91107,24787,78198,,
1891,NGC,MS,63,2260559,New Orleans,4,9.0,8.0,3.0,2.0,8206,2389,201607,215841,50640,42306,123271,79086,35630,87473,,
1888,NGC,MS,64,2299009,New Orleans,1,10.0,10.0,0.0,0.0,1696,2057,173287,224272,20291,37493,113755,84261,28684,85648,,
1890,PCGS,MS,64,2176370,New Orleans,3,6.0,9.0,3.25,1.3,7739,5417,180936,232809,50483,49518,108262,86369,36285,95204,,
1898,NGC,MS,64,2177426,New Orleans,2,10.0,10.0,0.0,0.0,1524,2016,185275,239977,22279,36180,115740,89619,33651,88348,,
1882,NGC,MS,63,2120318,Carson City,2,9.0,8.0,1.75,0.0,4284,2337,180199,204224,34926,38063,107610,73442,23915,74553,,
1878,NGC,MS,63,2274266,San Francisco,1,10.0,10.0,0.0,0.0,3725,2661,180530,210582,30681,42104,112522,70577,36606,80628,,
1887,ANACS,MS,61,2457017,San Francisco,1,10.0,10.0,0.0,0.0,3049,3070,191737,240329,29546,44053,129103,90256,26190,86481,,
1879,PCGS,MS,68,2075315,San Francisco,2,9.0,10.0,2.4,1.0,905,1587,179089,224244,18018,37273,109812,82429,28635,84351,,
1882,NGC,MS,63,2177366,Carson City,2,10.0,9.0,0.0,0.65,3948,2676,171070,215904,27596,34092,110065,79730,22552,79950,,
1885,PCGS-CAC,MS,64,2272112,Carson City,2,10.0,10.0,0.0,0.0,4591,1362,170122,207410,22804,34791,105055,76886,24359,77236,,
1880,NGC,MS,67,2273698,San Francisco,2,10.0,10.0,0.0,0.0,1376,1593,161911,196933,18414,35699,109977,68868,17395,73207,,
1885,PCGS,MS,66,2218489,Philadelphia,2,10.0,10.0,1.0,0.0,6021,1863,187560,206398,39856,37632,121299,70031,27580,71953,,
1897,PCGS,MS,66,2127361,Philadelphia,2,10.0,10.0,0.0,0.0,3877,2064,210487,243478,29295,40709,126039,83483,27933,81083,,
1882,PCGS,MS,63,2447906,Philadelphia,2,10.0,10.0,0.0,0.0,4706,2841,195316,215806,37124,35675,123865,83408,26629,77854,,
1886,NGC,MS,64,2274300,Philadelphia,2,10.0,9.0,0.7,0.0,3150,4448,168714,224516,21552,41001,119241,80894,17632,84573,,
1884,NGC,MS,61,2210417,San Francisco,1,8.0,8.0,0.0,0.0,6936,3373,167353,170027,31963,31245,106759,59563,20578,59440,,
1883,PCGS,MS,64,1883352,Carson City,1,10.0,10.0,0.0,0.0,1639,1299,186025,239284,22109,37203,112791,86780,31975,82318,,
1883,PCGS,MS,63,2295603,New Orleans,3,9.0,10.0,0.35,0.0,2505,2452,174124,201142,29439,37543,114460,77128,23394,76267,,
1878,NGC,MS,64,2274268,San Francisco,2,10.0,10.0,0.0,0.0,2199,1245,198652,238877,33215,39015,119746,84238,35113,92977,,
1885,NGC-CAC,MS,66,2273733,New Orleans,3,9.0,8.0,1.95,3.25,1404,2020,157151,188997,26010,37020,103069,74350,20520,79552,,
1882,NGC,MS,63,2273713,Carson City,1,8.0,6.0,0.0,0.0,3105,2208,175593,171350,31009,35466,102545,55813,32257,71169,,
1883,PCGS,MS,61,2287713,San Francisco,2,9.0,9.0,0.0,1.3,1834,1327,191457,200232,23532,33367,117381,65946,28944,72666,,
1903,PCGS-CAC,MS,65,2065158,New Orleans,2,9.0,10.0,2.6,0.0,1030,1913,184324,223206,21918,36343,121547,85397,27925,84443,,
1886,PCGS,MS,63,2128802,Philadelphia,2,10.0,10.0,0.0,0.0,4112,1657,190807,238716,31738,34333,119886,89142,24829,78635,,
1921,PCGS,MS,62,2223032,Denver,3,10.0,10.0,0.0,0.0,3292,3084,203507,242295,28505,36241,125776,84304,24236,77377,,
1890,NGC,MS,63,2090233,New Orleans,2,10.0,10.0,0.0,0.0,5220,2354,213586,210511,38416,39522,127287,72175,33571,84396,,
1881,PCGS,MS,64,1857764,Philadelphia,1,10.0,10.0,1.75,0.0,2767,1053,183700,233250,22464,30740,110167,84978,32683,87364,,
1887,PCGS,MS,65,2234680,San Francisco,3,10.0,10.0,0.0,0.0,3284,3031,195993,224371,26978,44659,114394,79571,29999,72839,,
1880,PCGS,MS,66,2170869,Carson City,3,10.0,10.0,1.65,0.35,7649,1812,241516,209195,53738,39654,123896,74329,56248,83319,,
1888,PCGS,MS,66,2295115,New Orleans,2,10.0,10.0,0.0,0.0,949,1897,183296,222529,20049,35296,123085,82774,27637,79017,,
1882,NGC,MS,63,2273714,Carson City,2,10.0,10.0,0.0,0.65,3336,1532,201021,232593,35934,30622,124979,84717,34112,95303,,
1898,NGC,MS,62,1888336,New Orleans,3,10.0,10.0,2.65,1.0,6086,2677,219796,228153,45499,44310,124945,83956,41404,87926,,
1899,NGC,MS,62,2283294,Philadelphia,2,10.0,10.0,0.0,0.0,2794,1963,184380,196828,30779,38159,115216,73550,31844,74507,,
1890,PCGS,MS,63,2257086,Philadelphia,3,10.0,10.0,0.65,1.65,5598,3332,165475,189343,35186,39145,117790,74760,16993,72307,,
1889,NGC,MS,64,2231533,New Orleans,2,10.0,10.0,0.0,0.0,2944,1616,168416,192230,22146,33461,110009,74293,21005,71625,,
1891,PCGS,MS,65,2075341,Carson City,2,10.0,10.0,0.0,0.0,6648,3602,210966,221501,38295,39876,129488,74239,33169,82909,,
1878,NGC,MS,63,2298739,Philadelphia,1,10.0,10.0,0.0,0.0,5092,1422,202260,217468,32896,39827,117563,77321,28103,81528,,
1888,NGC,MS,64,2285238,Philadelphia,2,10.0,10.0,0.0,0.0,2798,2337,186742,215131,28245,35591,123063,84777,28622,78543,,
1881,PCGS,MS,65,2212419,Philadelphia,1,10.0,10.0,0.0,0.0,1831,1715,171178,203560,20676,33091,103564,71546,30451,74501,,
1886,PCGS,MS,63,2068677,Philadelphia,1,10.0,10.0,0.35,0.0,2506,1513,203370,234104,27064,35334,120885,85425,31882,85358,,
1885,NGC-GSA,MS,65,2285279,Carson City,2,10.0,10.0,0.0,0.0,5721,2742,163003,175306,26577,32032,102004,59327,31776,76495,,
1889,NGC,AU,58,2177397,San Francisco,2,10.0,10.0,0.0,0.0,2131,2114,212255,245911,25235,39713,126547,90953,31537,83889,,
1886,PCGS,AU,58,2182957,New Orleans,1,10.0,10.0,0.0,0.0,4173,2413,210434,236629,33688,34198,124259,91142,35643,86466,,
1885,PCGS,MS,66,2039086,Philadelphia,2,9.0,9.0,1.75,0.0,1884,1913,187502,225346,24368,33606,110298,77388,23188,77860,,
1882,PCGS,MS,66,2081154,New Orleans,1,10.0,10.0,1.75,0.0,3611,2451,202899,219032,26869,39957,125129,71008,29343,81758,,
1896,PCGS,AU,58,2097823,New Orleans,1,10.0,10.0,0.0,0.0,4854,1878,202072,249264,33633,40186,121664,91573,36295,86763,,
1891,NGC,AU,58,2289171,Carson City,1,9.0,10.0,0.0,0.0,5663,3340,231194,279856,42499,49754,135994,97301,35173,101122,,
1891,PCGS,MS,62,2025079,New Orleans,1,10.0,10.0,0.0,0.0,2434,1881,196101,247198,29732,37569,119738,88652,30235,83786,,
1892,PCGS,AU,58,2114237,New Orleans,2,10.0,10.0,0.0,0.0,5435,2284,205276,242193,28409,35753,123195,91677,34129,88393,,
1878,NGC,MS,63,2289155,Philadelphia,1,10.0,10.0,0.0,0.0,2384,867,194055,217045,23877,32705,113774,70920,26215,86898,,
1901,PCGS,MS,64,2279751,New Orleans,3,9.0,9.0,0.0,0.0,4351,1626,171119,194423,27634,35370,113306,73677,22798,72635,,
1884,ANACS,MS,61,2453563,New Orleans,1,10.0,10.0,0.0,0.0,7861,4089,194080,245875,41020,45964,124623,86825,29646,87611,,
1883,NGC,MS,64,2295607,New Orleans,3,9.0,10.0,0.0,0.0,1938,1478,154623,193184,26145,37116,104752,73316,24719,74371,,
1887,NGC,MS,64,2298214,Philadelphia,3,7.0,10.0,1.95,0.0,6839,2668,224413,242546,53101,43648,130582,89126,36035,90299,,
1898,NGC,MS,63,2274323,New Orleans,2,10.0,10.0,0.0,0.0,2479,3403,194000,220827,29166,36738,124369,86475,31997,86467,,
1887,PCGS,AU,55,2034083,San Francisco,1,10.0,10.0,0.0,0.0,3834,2587,217327,258499,34156,44332,126904,88119,37973,88724,,
1880,NGC,MS,62,2151976,San Francisco,1,10.0,10.0,0.0,0.0,7372,1775,182713,195863,35475,32828,107705,65675,24332,67897,,
1882,NGC,MS,65,2274260,San Francisco,3,9.0,9.0,0.0,0.0,2264,1732,184342,198743,25846,35734,119284,71054,32954,80094,,
1884,PCGS-CAC,MS,62,2204426,New Orleans,1,7.0,6.75,0.0,0.0,4530,3506,160899,183421,35374,37144,104030,65458,32725,76015,,
1898,NGC,MS,65,2203917,New Orleans,1,10.0,10.0,0.0,0.0,2602,2467,192508,228172,26673,37643,118268,80105,35039,86833,,
1885,NGC,MS,66,2259718,Philadelphia,2,9.0,9.0,0.65,0.65,1746,3169,216743,232964,26665,46892,127486,77732,38463,88230,,
1890,NGC,MS,64,2125825,New Orleans,4,10.0,10.0,1.0,0.0,4702,3998,210840,225036,37049,40044,125036,84265,36085,86541,,
1889,PCGS,AU,58,2291361,San Francisco,3,10.0,10.0,0.35,0.65,2554,3937,174016,217081,29595,44892,121883,79619,28528,89105,,
1897,PCGS,MS,64,2276068,Philadelphia,2,10.0,10.0,0.0,0.35,5884,1690,170206,182807,32440,32804,114243,64208,25724,69762,,
1896,PCGS,AU,58,2287689,New Orleans,2,10.0,10.0,0.0,0.0,2421,1523,192350,243236,25313,36731,121566,86027,33195,87229,,
1899,PCGS,MS,64,2056692,Philadelphia,2,10.0,10.0,1.3,0.0,891,2100,188571,231326,19352,40682,114754,85774,31899,81665,,
1903,PCGS-CAC,MS,65,2182394,New Orleans,1,10.0,10.0,0.0,0.0,4634,2952,184055,207574,24457,35591,111936,73587,23045,75501,,
1891,PCGS,MS,63,2206921,Carson City,1,10.0,10.0,0.0,0.0,3630,1421,195540,211656,30015,33817,117753,81136,28221,74623,,
1886,PCGS,MS,60,2248049,New Orleans,2,10.0,10.0,0.0,0.0,8294,2287,211154,228682,44300,37025,124698,79582,30788,82707,,
1881,PCGS-CAC,MS,66,2192956,San Francisco,2,10.0,10.0,0.0,0.0,2658,1386,183631,218045,23192,32931,115105,77964,23532,79845,,
1904,NGC,AU,55,2172337,San Francisco,2,10.0,10.0,0.0,0.0,5502,3898,231067,247710,39413,43696,127394,87185,39067,88058,,
1899,PCGS,MS,63,1883851,New Orleans,1,10.0,10.0,0.0,0.0,2753,1618,188067,243966,27861,35234,119408,87497,29828,86320,,
1903,PCGS,MS,63,2102770,New Orleans,2,10.0,10.0,0.0,0.0,3406,1868,215407,243564,31617,36670,121213,85644,29398,83387,,
1887,PCGS,MS,64,2065676,San Francisco,1,10.0,10.0,0.0,0.0,3095,1283,208606,240653,29344,39461,119964,83110,29779,78071,,
1899,PCGS,MS,64,2288242,Philadelphia,1,10.0,10.0,0.0,0.0,2225,2135,195960,251520,26825,42024,125050,88324,27738,90343,,
1878,NGC,MS,64,2160405,Philadelphia,1,10.0,10.0,0.0,0.0,2323,754,200811,210389,24908,27792,117716,68542,29834,85292,,
1890,PCGS,MS,65,2067696,San Francisco,1,10.0,10.0,1.75,0.35,2883,1917,193357,219546,30273,35901,119300,83836,27383,75521,,
1880,NGC,MS,65,2280668,San Francisco,1,9.0,9.0,0.0,0.0,2921,2006,168037,193595,29528,39866,107845,71314,23564,67116,,
1878,PCGS-CAC,MS,65,2293648,San Francisco,1,10.0,10.0,0.0,0.0,1708,1562,190056,220316,22887,38449,106760,76538,29106,80582,,
1884,PCGS,AU,55,2287717,San Francisco,2,10.0,10.0,0.0,0.0,5065,2032,203499,220444,41312,38123,120760,76937,31850,78840,,
1879,PCGS,MS,63,2223468,Philadelphia,2,10.0,10.0,0.0,0.0,6902,2236,169942,184557,40011,29647,102789,67391,22440,73574,,
1885,PCGS,MS,63,2299615,New Orleans,3,10.0,10.0,0.35,0.0,3010,2026,178422,230757,26786,41026,115191,85671,26662,87542,,
1897,PCGS,MS,65,2296638,Philadelphia,1,10.0,10.0,0.0,0.0,1838,1757,210255,239443,29959,39067,131528,86819,29778,90149,,
1882,NGC,MS,62,2184498,San Francisco,2,10.0,10.0,0.0,0.0,5306,2249,189946,201554,38683,35924,110915,73086,25638,71655,,
1902,PCGS,MS,65,2125920,Philadelphia,2,10.0,10.0,0.0,0.0,1009,1593,198481,230143,18306,34768,122080,87163,31821,84212,,
1891,PCGS,MS,63,2381774,Philadelphia,1,10.0,10.0,0.0,0.0,1732,3671,172632,216851,23901,38057,117425,84181,28498,79720,,
1882,NGC,MS,62,2120282,New Orleans,1,10.0,10.0,0.0,0.0,2649,1932,172680,213810,28039,32824,117807,81530,26843,85924,,
1895,PCGS,AU,58,2033143,New Orleans,2,10.0,9.0,0.65,1.3,3289,2734,183989,241115,30746,39929,122721,90681,31274,86479,,
1878,PCGS-CAC,MS,63,2092751,Philadelphia,1,10.0,10.0,1.05,0.0,4013,1443,186172,226929,33483,35011,116061,86576,25536,84990,,
1886,NGC,MS,64,2295613,Philadelphia,3,10.0,9.0,1.0,0.35,2272,1910,163579,203338,23973,39289,112885,72074,19729,73801,,
1882,PCGS,MS,65,2255014,Carson City,1,10.0,10.0,0.0,0.0,2843,2376,182405,220784,26848,36107,118296,80386,25595,79944,,
1888,NGC,MS,64,2151960,San Francisco,4,6.0,9.0,3.25,1.95,5381,5052,239689,232278,54116,53776,128176,80805,49634,94133,,
1878,PCGS,MS,66,2129334,Carson City,2,10.0,10.0,0.0,0.0,2687,2432,187912,215843,26121,36696,119531,78607,31351,84303,,
1900,PCGS-CAC,MS,63,2097776,San Francisco,4,9.0,2.0,3.6,3.6,2386,7654,199318,263580,30015,64825,116846,81265,33272,97297,,
1878,NGC,MS,64,2151973,San Francisco,2,10.0,10.0,0.0,0.0,3913,3479,201151,213980,37366,42465,119206,82110,33916,89772,,
1880,NGC,MS,62,2169366,Philadelphia,1,10.0,10.0,0.0,0.0,4735,2556,177995,230108,28415,38990,117591,87355,25154,77378,,
1881,PCGS,MS,64,2287686,Carson City,1,10.0,10.0,0.0,0.0,1542,1789,177089,208658,21263,36181,109179,76452,24594,80633,,
1891,PCGS,MS,64,2293769,Carson City,1,10.0,10.0,0.0,0.0,4758,2546,215736,222478,39395,39420,128717,67216,31600,87473,,
1883,PCGS,MS,65,2462991,New Orleans,1,10.0,10.0,0.0,0.0,1740,3190,191607,226145,22585,35794,124652,85869,30358,88165,,
1890,PCGS,MS,65,2075338,Carson City,2,10.0,10.0,0.0,0.0,1221,1640,184291,232559,23969,33508,112411,86150,32187,86408,,
1878,NGC,MS,63,2188891,Carson City,1,10.0,10.0,0.0,0.0,3355,1515,169278,217275,26977,35470,102552,78040,19651,78599,,
1882,PCGS,MS,65,2248007,San Francisco,1,10.0,10.0,0.0,0.0,3485,1602,197601,219699,27534,36275,115809,74693,27573,79679,,
1881,PCGS,MS,65,2258162,San Francisco,2,10.0,10.0,0.0,0.0,3319,1578,209223,238668,33567,40432,129608,82406,33056,93172,,
1884,PCGS,AU,58,2206919,San Francisco,2,10.0,10.0,1.0,1.0,2813,2315,171957,219238,26162,36124,113315,84133,24912,77675,,
1884,NGC,MS,64,2099191,Carson City,3,9.0,9.0,1.75,0.65,1046,1914,176604,208566,21496,38923,104152,76797,28732,79251,,
1889,PCGS,MS,63,2016228,San Francisco,2,10.0,10.0,0.0,0.0,2949,1151,208796,236366,29719,35205,122122,88027,31443,83970,,
1892,PCGS,AU,55,2034100,New Orleans,1,10.0,10.0,0.0,0.0,8159,4488,239647,264890,47366,50885,130038,88035,40427,89509,,
1883,NGC,MS,64,2246017,New Orleans,3,5.0,10.0,1.95,1.0,8232,1402,230088,212522,58549,39602,127915,80873,37637,85324,,
1894,PCGS-CAC,MS,63,2464614,New Orleans,1,10.0,10.0,0.0,0.0,1558,1257,184462,234307,24508,33247,119334,83149,30646,85466,,
1888,PCGS,MS,64,2090232,New Orleans,2,10.0,10.0,0.0,0.0,3108,3812,198875,248512,28203,44899,119844,88871,34923,87717,,
1881,PCGS,MS,64,2029152,New Orleans,1,10.0,10.0,1.75,0.0,2246,1630,204159,235166,29944,34022,124737,82978,29699,84971,,
1881,PCGS-CAC,MS,64,1855289,San Francisco,2,9.0,9.0,1.75,0.0,3724,1689,186428,211431,32105,33802,106469,72690,28588,72014,,
1887,NGC,MS,64,2285230,New Orleans,1,10.0,9.0,0.0,0.0,3494,2372,192073,211128,33434,34664,122645,81109,26085,81222,,
1882,NGC,MS,64,2128822,San Francisco,2,9.0,8.0,0.0,0.35,6593,2243,184637,196928,35005,36644,120007,74098,22731,74633,,
1884,NGC,MS,64,2177377,New Orleans,1,10.0,10.0,0.0,0.0,3595,1649,174312,225174,22531,31295,119515,82369,26568,80505,,
1890,PCGS,MS,62,1883807,Philadelphia,1,10.0,10.0,0.0,0.0,3006,2830,204059,260992,26039,38918,120710,90780,31304,86918,,
1878,PCGS,MS,63,1850764,San Francisco,2,10.0,10.0,1.4,0.35,2867,1828,196832,238440,30253,39604,118606,85094,31576,87432,,
1881,PCGS,MS,64,2447901,Philadelphia,3,10.0,9.0,2.4,3.25,2797,5434,183697,233095,30472,48135,126434,85821,21952,86722,,
1883,NGC,MS,64,2247536,Carson City,1,10.0,10.0,0.0,0.0,3993,2367,198012,219949,33173,34460,115786,80888,31606,84455,,
1881,PCGS-CAC,MS,64,2078684,Philadelphia,1,10.0,10.0,0.0,0.0,1691,1218,187805,240737,22877,32985,110561,84613,32879,89064,,
1890,PCGS,MS,64,2272093,Carson City,1,10.0,10.0,0.0,0.0,2773,1893,178446,200658,24554,34806,114995,74632,24874,71897,,
1902,PCGS,MS,63,2462930,New Orleans,2,10.0,10.0,0.0,0.0,3149,2583,194209,223837,29438,37782,126403,83040,29884,77843,,
1898,NGC,MS,63,2274327,New Orleans,2,10.0,10.0,0.0,0.0,2709,3472,190186,225388,30281,40135,123199,88027,31849,87886,,
1900,PCGS,MS,63,1857759,New Orleans,2,10.0,10.0,0.35,1.0,1730,1797,181041,225707,24188,35325,119988,90205,25367,80449,,
1898,NGC,MS,62,2253554,Philadelphia,3,10.0,10.0,0.0,0.0,3376,2791,180165,182660,40009,36926,124014,68681,25535,73187,,
1882,PCGS,MS,65,2462988,San Francisco,1,10.0,10.0,0.0,0.0,2271,2831,188852,216837,26811,39324,124198,78056,26795,78997,,
1887,PCGS,MS,62,2040091,San Francisco,2,9.0,8.0,0.0,0.0,1938,2156,194339,237156,24395,38118,108138,81557,34513,83813,,
1881,ICG,MS,63,2248041,Philadelphia,3,7.0,7.0,1.65,2.6,5992,4378,233137,259226,51481,54819,127853,88491,43467,101513,,
1899,PCGS,MS,62,2226450,New Orleans,2,10.0,10.0,0.0,0.0,4685,1504,190938,225750,31731,36311,122034,82374,31814,81972,,
1883,PCGS-CAC,MS,65,2291809,Carson City,1,10.0,10.0,0.0,0.0,1397,1888,210695,236474,25372,39687,124270,83800,31808,86480,,
1892,NGC,AU,58,2463845,New Orleans,2,10.0,10.0,0.0,0.0,1685,2024,191738,223712,25681,34837,121940,81923,32705,84216,,
1884,PCGS,MS,66,2275135,Carson City,3,10.0,10.0,1.0,0.0,5452,3269,167875,210775,32958,36705,111765,73714,27377,77222,,
1878,NGC,MS,64,2288117,Carson City,1,10.0,10.0,0.0,0.0,5471,1621,175240,167836,30386,32974,110063,65688,22406,63090,,
1878,PCGS,MS,64,2241043,Philadelphia,1,10.0,10.0,0.0,0.0,3488,2390,197482,214258,27660,39338,120715,74953,23530,74756,,
1881,PCGS,MS,65,2212622,San Francisco,2,9.0,9.0,0.0,0.0,1569,2467,180527,204060,22946,35551,122690,70739,27289,81886,,
1884,PCGS,MS,66,2035628,Philadelphia,1,10.0,10.0,0.0,0.0,1866,1476,196928,243348,21618,36799,118151,89436,30768,86148,,
1898,PCGS,MS,67,2118311,Philadelphia,2,10.0,10.0,0.0,0.0,2020,1411,201373,240009,22148,33949,118656,85182,28328,87559,,
1881,PCGS-CAC,MS,67,2271484,Carson City,1,10.0,10.0,0.0,0.0,2661,2880,171529,214407,22257,29708,111589,78134,24405,80913,,
1883,PCGS,MS,64,2115238,Philadelphia,1,10.0,10.0,0.0,0.0,2181,2066,221182,246317,28346,37592,123589,85620,34379,85614,,
1890,PCGS,AU,58,2454609,San Francisco,3,10.0,10.0,0.0,0.0,3971,3481,195081,196770,34677,40731,115432,64368,32745,77484,,
1881,NGC,MS,64,2274240,San Francisco,4,6.0,5.0,3.25,3.25,4422,5163,208526,249738,37176,46647,117056,84286,40161,98591,,
1878,PCGS,MS,65,2270120,Philadelphia,1,10.0,10.0,0.0,0.0,4097,1323,171332,195047,25083,32957,102924,64865,22740,75458,,
1880,PCGS,MS,64,2166414,Carson City,1,10.0,10.0,0.0,0.0,3046,1919,171466,205617,21721,31099,97725,74175,26889,75491,,
1884,NGC,AU,55,2016541,San Francisco,1,10.0,10.0,1.75,0.0,2719,1954,203808,239709,30420,35966,126390,92656,30754,86359,,
1921,PCGS,MS,63,2223033,San Francisco,2,10.0,10.0,0.0,0.0,5939,4447,197012,225113,39070,40115,123746,83133,24203,80528,,
1885,PCGS,MS,63,2226446,New Orleans,0,10.0,10.0,0.0,0.0,4606,2263,199463,221337,31054,37003,120414,81589,27486,82526,,
1885,PCGS-CAC,MS,63,2236064,San Francisco,1,10.0,10.0,0.0,0.0,5050,2446,189900,226329,31929,39485,112348,77161,26324,78293,,
1878,PCGS,MS,61,2155807,San Francisco,2,10.0,10.0,0.0,0.0,6218,2582,237498,251177,46735,42309,125051,81880,38298,87927,,
1884,ANACS,MS,63,2296190,New Orleans,3,10.0,9.0,0.65,0.65,8027,6677,195302,180996,35185,44298,121498,72548,40638,82615,,
1881,PCGS,MS,63,2421984,Philadelphia,1,10.0,10.0,0.0,0.0,4158,3073,199276,225807,35259,40033,124009,84620,24991,80754,,
1890,PCGS,MS,65,2261055,New Orleans,1,10.0,10.0,0.0,0.0,2257,1901,186986,210675,23684,33917,120937,80524,25121,74736,,
1880,PCGS,AU,55,2258095,New Orleans,1,10.0,10.0,0.0,0.0,6954,3784,204695,236485,32279,41003,121489,84836,31013,80775,,
1888,PCGS,MS,62,2287743,San Francisco,2,10.0,10.0,0.0,0.0,1953,2000,190435,202857,26426,37533,119080,74063,26729,76127,,
1882,NGC,MS,64,2445412,Carson City,1,10.0,10.0,1.75,0.0,2863,2677,180001,224539,26122,39164,119442,87041,23253,83680,,
1882,NGC,MS,66,2296207,San Francisco,3,6.0,9.0,3.3,0.0,4010,2099,231660,213779,40618,39634,129550,78723,40862,79686,,
1878,NGC,MS,65,2298748,San Francisco,2,9.0,10.0,0.35,0.0,1537,1757,171391,194440,22500,37882,110388,73390,23919,79859,,
1887,PCGS,MS,64,2462924,Philadelphia,1,10.0,10.0,1.05,0.0,2075,1822,189640,223351,21521,33744,118699,84848,30229,84444,,
1880,NGC,MS,65,2243003,Philadelphia,1,10.0,10.0,0.0,0.0,2653,1713,188817,220315,23317,35535,115525,76820,24764,76601,,
1899,PCGS,MS,63,2068704,New Orleans,1,10.0,10.0,0.0,0.0,3114,1387,198511,235125,27985,34747,124824,89862,31222,82795,,
1878,PCGS,MS,62,2385205,Philadelphia,1,10.0,10.0,0.0,0.0,3324,2388,180928,205265,31333,35845,116003,76760,25670,72777,,
1879,PCGS,MS,62,2283302,New Orleans,2,10.0,10.0,1.95,1.95,3266,2701,176555,224032,32393,39219,117911,83273,28423,85327,,
1888,NGC,MS,64,2115236,Philadelphia,1,10.0,10.0,0.0,0.0,2313,2896,179105,220419,22649,39170,110931,79876,27894,79614,,
1901,PCGS,MS,64,2034567,New Orleans,2,10.0,10.0,0.0,2.95,2477,3333,195921,234673,29242,42908,123264,85885,34977,93707,,
1904,NGC,MS,61,2298773,Philadelphia,2,10.0,10.0,0.0,0.0,4005,2768,200501,220930,35104,42643,130706,84167,27136,83272,,
1881,PCGS,MS,63,2177361,Carson City,2,10.0,10.0,0.0,0.0,3033,2037,184414,226996,25864,35841,114875,87477,27990,80169,,
1892,NGC,MS,63,2248077,Philadelphia,1,10.0,10.0,0.0,0.0,4349,1563,194359,223769,30443,36529,122114,82463,29136,79472,,
1881,NGC,MS,64,2436898,San Francisco,3,9.0,8.0,1.75,0.0,3902,1939,168961,179615,32531,39816,114219,63781,23901,75663,,
1900,PCGS,MS,62,1883827,New Orleans,2,10.0,10.0,0.35,0.7,8565,5313,192741,216770,45729,44384,128415,73206,21204,80389,,
1879,NGC,MS,65,2363332,San Francisco,2,10.0,10.0,0.0,0.0,1692,2426,175563,204151,19763,35732,114462,74142,27870,77067,,
1896,PCGS,MS,63,1855285,Philadelphia,2,9.0,9.0,0.0,0.0,2506,1531,194358,235547,26445,36173,112578,79425,29012,85988,,
1883,PCGS,MS,63,2203998,New Orleans,1,10.0,10.0,0.0,0.0,5899,3335,194064,224203,31845,38861,126110,79362,28165,81452,,
1886,PCGS-CAC,MS,61,2171364,New Orleans,3,9.0,9.0,2.6,2.6,5783,4173,174981,200876,37392,46552,117675,77013,26361,86391,,
1899,PCGS-CAC,MS,67,2408870,New Orleans,1,10.0,10.0,0.0,0.0,1155,1757,185057,204926,18273,34023,125102,78457,28828,79065,,
1885,NGC,MS,65,2034572,New Orleans,1,10.0,10.0,0.0,0.0,1508,1660,172046,223202,20977,35899,111321,86469,28199,79231,,
1880,NGC,MS,61,2030614,New Orleans,3,9.0,9.0,2.4,1.35,5570,3336,211184,223913,40897,45499,123424,69713,33952,92156,,
1891,NGC,MS,62,2160414,Carson City,2,10.0,9.0,0.0,0.0,4911,3976,182828,199401,43987,46935,100974,60442,32588,80147,,
1900,PCGS,MS,63,2207995,New Orleans,2,10.0,10.0,0.0,0.0,1969,1523,195624,220607,28310,35767,121200,81338,32771,81258,,
1883,NGC-CAC,MS,62,2273720,New Orleans,3,9.0,9.0,0.0,1.35,18410,10192,179198,204952,65615,60450,114136,58802,28906,56238,,
1880,PCGS,MS,64,2182941,Philadelphia,2,10.0,10.0,0.35,0.0,2002,1612,170516,212626,23202,37526,119979,85039,22025,80315,,
1892,PCGS-CAC,MS,63,2078695,Philadelphia,1,10.0,10.0,0.0,0.0,2912,2785,184142,244381,31395,41213,115052,89235,29544,82442,,
1881,PCGS-CAC,MS,64,1875396,Carson City,1,10.0,10.0,1.75,0.0,2344,1690,187437,233494,25591,36889,117858,90635,30481,86086,,
1900,NGC,MS,64,2291154,Philadelphia,2,10.0,10.0,0.0,0.0,1802,1461,177224,206280,25941,35196,115185,75062,26438,77342,,
1897,PCGS,MS,65,2289653,San Francisco,3,10.0,10.0,2.6,3.25,2870,1762,190066,240639,31263,42597,129776,86879,28693,89845,,
1898,NGC,MS,63,2274326,New Orleans,1,10.0,10.0,0.0,0.0,2793,2579,196783,235292,28867,37010,125899,86390,29660,86849,,
1884,PCGS,MS,66,2099197,Carson City,2,10.0,10.0,2.4,0.65,2341,1674,159737,200744,23422,32969,111835,80828,24957,76946,,
1898,NGC,MS,63,2160484,New Orleans,3,9.0,10.0,3.6,1.0,8946,6649,225591,227515,61536,55146,126182,84905,41455,92201,,
1885,PCGS,MS,66,2252656,Carson City,2,10.0,10.0,0.0,0.0,4324,1220,176694,216467,29311,28369,108455,79686,29436,83362,,
1880,PCGS,MS,66,2049143,San Francisco,2,10.0,10.0,2.4,1.0,2584,1904,194828,217812,29893,37798,118562,80507,29394,81691,,
1902,PCGS,MS,63,2462456,New Orleans,3,10.0,10.0,1.3,1.65,1409,2083,188128,202716,24039,32257,120103,78744,32847,81986,,
1882,ICG,MS,64,2274858,Carson City,2,10.0,10.0,0.0,0.0,2172,1609,178029,200347,25858,35182,114009,74753,23622,74481,,
1893,PCGS,MS,62,2068698,Philadelphia,1,10.0,10.0,0.35,0.0,3077,2012,201147,244284,27503,39007,120637,88295,29764,84626,,
1880,NGC-CAC,MS,66,2273704,San Francisco,1,10.0,10.0,0.0,0.0,2631,1572,166544,196394,19738,35854,101308,71599,21470,69748,,
1879,PCGS,MS,66,2181374,Philadelphia,3,9.0,9.0,3.95,2.0,3534,1375,190620,206852,31911,34330,106709,74900,24215,75888,,
1887,PCGS-CAC,MS,63,2182961,San Francisco,1,10.0,10.0,0.0,0.0,3044,1532,199981,237640,28660,38690,118752,87938,29076,83579,,
1887,NGC,MS,65,2413367,Philadelphia,1,10.0,10.0,0.0,0.0,3790,2597,183702,217844,29645,40205,121290,77655,21668,77953,,
1881,NGC,MS,63,2170909,New Orleans,3,6.5,10.0,2.6,0.0,9704,2544,229762,216177,56230,39308,128517,72337,37204,91181,,
1885,PCGS-CAC,MS,64,2289676,New Orleans,3,8.0,7.0,3.0,2.0,9158,2375,240785,216282,61219,47511,142418,77512,39735,88458,,
1884,NGC-GSA,MS,63,2014081,Carson City,1,10.0,10.0,1.75,0.0,2599,2032,189892,237625,26560,35443,118374,88760,32956,85927,,
1892,PCGS,AU,55,2160391,Carson City,4,7.0,6.0,3.25,3.25,5105,5325,221592,241254,54711,54992,126288,93186,45748,92135,,
1888,PCGS,AU,55,2296679,San Francisco,3,9.0,9.0,0.0,0.0,1244,1833,180225,218535,24454,41239,119657,77882,31665,80333,,
1891,NGC,MS,63,2224464,San Francisco,1,10.0,10.0,0.0,0.0,5163,2372,184650,213754,24370,33645,115491,79531,23804,74016,,
1894,PCGS,MS,62,2287755,San Francisco,2,10.0,10.0,0.0,0.0,3705,1938,200439,199605,35253,36587,123998,66229,29691,79296,,
1881,NGC-CAC,MS,65,2295602,San Francisco,1,10.0,9.0,0.0,0.0,2644,1532,188331,216004,27814,38382,114322,72297,30501,81632,,
1900,NGC,MS,65,2064171,New Orleans,2,10.0,10.0,0.0,0.0,1885,1319,191719,222350,23491,34006,122005,84661,29933,85549,,
1889,PCGS,MS,65,2249095,Philadelphia,1,10.0,10.0,0.0,0.0,3911,2708,184721,222385,28389,38877,117608,81638,23960,80185,,
1921,NGC,MS,65,2203927,Philadelphia,1,10.0,10.0,0.0,0.0,4561,2175,203237,236412,28453,35334,124485,79282,22113,80710,,
1891,PCGS,AU,58,2277643,Carson City,3,10.0,10.0,0.35,1.0,4805,4393,218304,246000,37944,50161,134436,82137,37989,90417,,
1894,PCGS,AU,58,2290079,New Orleans,1,10.0,10.0,0.0,0.0,5692,2823,227809,255988,42597,42931,132294,92024,34959,92121,,
1880,NGC,MS,66,2289660,San Francisco,1,10.0,10.0,0.0,0.0,2848,1657,193320,218593,26598,38472,119684,76847,28266,77023,,
1896,PCGS,MS,67,2184420,Philadelphia,2,10.0,10.0,0.0,0.35,942,1828,172410,226614,16707,36584,119540,89505,25275,73041,,
1896,PCGS,MS,61,2451993,New Orleans,1,10.0,10.0,0.0,0.0,3463,2113,198930,235813,31512,35275,126425,87056,31937,85555,,
1884,NGC,MS,65,2364729,Carson City,1,10.0,10.0,0.0,0.0,2776,2176,184343,212362,28005,35056,120530,79776,25009,80198,,
1881,PCGS-CAC,MS,66,2162352,San Francisco,3,10.0,9.0,1.7,1.65,3444,3803,179199,237623,31662,45116,104001,78396,29216,107027,,
1886,PCGS,MS,66,2212420,Philadelphia,1,10.0,10.0,0.0,0.0,2473,2587,191774,212741,23025,38077,121789,74780,24692,75586,,
1892,NGC,MS,65,2295615,Philadelphia,3,9.0,9.0,1.65,2.3,711,1889,156724,193415,16445,39620,111267,74494,22625,62939,,
1878,PCGS-CAC,MS,65,2127348,Philadelphia,1,10.0,10.0,0.0,0.0,2844,3228,219295,251542,29738,42799,121586,87270,33318,93768,,
1897,PCGS,MS,64,2093132,New Orleans,2,10.0,10.0,0.0,0.7,1875,3759,185734,241815,21889,42444,122833,90557,27567,86564,,
1891,PCGS,MS,65,2110757,San Francisco,1,10.0,10.0,0.0,0.0,2757,2798,202794,248372,26588,40213,127258,84351,29399,85565,,
1880,NGC-CAC,MS,67,2184463,San Francisco,1,10.0,10.0,0.0,0.0,2332,2147,171741,211912,18297,34334,109151,77188,20830,72195,,
1890,PCGS,MS,62,2278087,New Orleans,2,10.0,10.0,0.0,0.0,4599,2168,189016,200219,34715,35161,116146,78956,28128,82492,,
1898,NGC,MS,63,1855756,New Orleans,2,10.0,10.0,0.0,0.0,7238,1576,205770,203069,39364,35294,126296,65228,31938,85146,,
1888,NGC,AU,58,2274331,San Francisco,3,9.0,8.0,3.25,3.25,4353,4120,196373,250520,40519,42061,115842,87303,33790,106926,,
1884,ICG,MS,63,2275556,Carson City,1,10.0,10.0,0.0,0.0,4175,1798,180319,199643,28724,33911,111338,74343,28349,71510,,
1904,PCGS,MS,65,2262046,New Orleans,3,10.0,10.0,0.35,0.35,3113,2957,178133,187056,26502,36383,118830,73440,24963,66407,,
1886,NGC-CAC,MS,64,2195388,Philadelphia,3,8.0,10.0,2.35,0.7,3479,3354,203818,231964,35926,41618,124189,77209,23683,89010,,
1882,PCGS,MS,67,2232109,San Francisco,1,10.0,10.0,0.0,0.0,1885,1058,180443,198100,22596,33717,109509,69661,26024,72870,,
1900,NGC,MS,63,2291864,New Orleans,2,10.0,10.0,0.65,0.35,2894,5437,214502,251262,35127,47324,132054,91513,35317,92753,,
1879,PCGS-CAC,MS,66,2284081,San Francisco,1,10.0,10.0,0.0,0.0,2447,993,135239,188097,19529,30429,95690,70788,24962,69166,,
1884,NGC-GSA,MS,65,2288578,Carson City,1,10.0,10.0,0.0,0.0,3849,3010,178496,218116,23775,36845,110331,80553,26550,77642,,
1902,NGC,MS,65,2203922,Philadelphia,2,10.0,10.0,0.0,0.0,990,1512,184244,194292,19282,32971,120238,70892,22562,71330,,
1880,PCGS,AU,55,1858293,San Francisco,2,9.0,8.0,1.75,0.0,3950,2242,217224,247915,36246,38963,121176,79695,37520,87059,,
1885,PCGS,MS,63,1856798,New Orleans,3,9.0,7.0,2.4,1.0,6108,2208,178350,188709,33533,35021,112505,60982,30738,92459,,
1881,NGC,MS,63,2296180,Philadelphia,2,10.0,10.0,0.0,0.0,2669,2957,183890,200517,29866,36040,116261,74436,26650,76827,,
1903,PCGS,MS,67,2408926,New Orleans,1,10.0,10.0,0.0,0.0,1525,2392,193631,216301,22350,37595,125748,75804,24214,76470,,
1878,NGC,MS,63,1883313,Philadelphia,1,10.0,10.0,0.0,0.0,4341,2500,185457,171241,32152,32517,108698,62135,26307,70425,,
1881,PCGS,MS,64,2206913,Carson City,2,10.0,10.0,0.0,0.0,3543,2927,198302,236967,29052,40982,123178,84285,28605,89376,,
1898,PCGS,MS,65,2296639,Philadelphia,1,10.0,10.0,0.0,0.0,3285,2488,211982,259578,29866,40907,130717,94503,26536,91088,,
1883,NGC,MS,65,1885887,New Orleans,3,8.0,7.0,3.05,1.0,1783,1884,176619,219643,26067,36500,106512,78703,30450,85970,,
1886,PCGS,MS,65,2156832,Philadelphia,2,10.0,10.0,0.0,0.65,2188,1834,184008,214076,24630,38218,122412,74242,24324,79798,,
1885,PCGS,MS,63,1857755,New Orleans,2,10.0,10.0,1.75,0.0,2760,1676,205730,224350,28972,34230,123325,91742,28739,85896,,
1881,NGC,MS,66,2181448,San Francisco,1,10.0,10.0,0.0,0.0,3197,2062,179851,227534,26457,34981,118911,83857,20702,80421,,
1882,NGC,MS,62,2274306,New Orleans,2,10.0,10.0,0.0,0.0,5042,3202,165759,195851,28449,40504,120720,72682,22459,70342,,
1897,PCGS,AU,58,2415456,New Orleans,1,10.0,10.0,0.0,0.0,4225,3262,206899,240014,36690,42646,131172,88499,29400,83139,,
1881,PCGS,MS,63,2093069,Philadelphia,1,10.0,10.0,0.0,0.0,2466,1212,186724,226165,24866,34069,117202,84423,28546,80273,,
1896,PCGS,AU,55,2160388,San Francisco,2,10.0,10.0,0.0,0.0,4340,4461,221439,229105,39116,46621,129064,73326,33930,85888,,
1878,PCGS,MS,62,2381604,Philadelphia,2,10.0,10.0,0.0,0.0,4554,2267,188849,215965,33769,38611,120116,80650,25544,88308,,
1882,PCGS,MS,65,2255622,New Orleans,2,10.0,10.0,0.0,0.0,3149,3027,172426,233116,23657,41466,112670,82350,23277,80939,,
1885,NGC,MS,65,2097801,New Orleans,1,10.0,10.0,1.75,0.0,5484,2758,216611,237145,42269,42606,125768,80199,39909,91379,,
1884,NGC-GSA,MS,63,2254002,Carson City,1,10.0,10.0,0.0,0.0,6385,4344,176848,212669,33776,37365,113511,83542,27015,79921,,
1900,PCGS-CAC,MS,66,2224472,Philadelphia,2,10.0,10.0,0.0,0.0,1324,2277,182847,222028,19392,34332,113706,75701,24951,84317,,
1892,PCGS,MS,63,2287660,Philadelphia,2,10.0,10.0,0.0,0.0,2151,2028,177159,217569,23672,38392,116379,81741,17730,70488,,
1879,PCGS,MS,66,2182936,San Francisco,1,10.0,10.0,0.0,0.0,3998,1786,185578,214633,26712,33361,112359,82498,25949,79478,,
1878,NGC,MS,64,2298640,San Francisco,3,9.0,10.0,3.35,0.35,8080,1865,215698,212959,47027,34649,119319,78949,40203,78242,,
1880,PCGS,MS,65,2160389,Philadelphia,1,10.0,10.0,0.0,0.0,1536,1196,172521,235278,23029,34261,110386,86062,27717,84391,,
1891,NGC,MS,64,2255683,New Orleans,2,10.0,10.0,0.0,0.0,1952,3579,179784,220552,21468,40399,118844,79757,28391,80470,,
1890,PCGS,MS,63,2237491,Carson City,2,10.0,10.0,0.0,0.0,3661,2149,187889,219421,28822,34236,116069,78182,31494,81590,,
1880,PCGS,MS,64,2155816,San Francisco,1,10.0,10.0,0.0,0.0,5123,1735,199951,231557,40092,42118,106351,84642,32837,75645,,
1879,NGC,MS,65,2203060,San Francisco,1,10.0,10.0,0.0,0.0,1627,2394,177318,220847,22392,36499,108723,79013,28514,78302,,
1883,PCGS,MS,65,2034628,Carson City,1,9.0,8.0,1.75,0.0,1518,1868,173065,177469,22944,31792,100434,63676,29764,72574,,
1899,NGC-CAC,MS,65,2218517,San Francisco,1,10.0,10.0,0.0,0.0,3456,2058,189419,208778,25597,34278,117721,77389,26551,77334,,
1885,PCGS,MS,65,2232112,Philadelphia,3,10.0,10.0,0.35,0.0,3157,2201,186106,221587,26395,35620,111077,81946,30613,83889,,
1884,PCGS,MS,65,2048676,Carson City,1,10.0,10.0,0.0,0.0,2097,2584,180561,224056,22519,34218,111795,83746,29520,79159,,
1885,NGC,MS,64,2062869,New Orleans,1,10.0,10.0,0.0,0.0,1872,1692,176977,224171,22529,34483,116127,86783,26483,83868,,
1921,PCGS-CAC,MS,66,2075353,Philadelphia,4,6.0,9.0,3.6,3.6,6702,6296,229531,245024,53126,54404,143086,82788,39635,92886,,
1897,NGC-CAC,AU,58,2097778,New Orleans,2,10.0,10.0,0.0,0.0,4209,3077,217645,254149,35717,45670,133025,85239,35973,93546,,
1891,PCGS,MS,65,2271214,Carson City,1,10.0,10.0,0.0,0.0,2163,2599,174540,199622,22466,33775,107373,74647,25330,77060,,
1883,ICG,MS,64,2273712,Carson City,1,10.0,10.0,0.0,0.0,1830,1857,186645,234311,22426,37090,114111,80469,31302,89786,,
1878,PCGS,MS,65,2270119,Philadelphia,1,10.0,10.0,0.0,0.0,2513,1964,206524,232695,22857,39105,121019,75928,31329,93389,,
1898,PCGS,MS,63,2252609,New Orleans,2,9.0,9.0,0.0,0.0,6423,2978,171160,167564,36386,29783,101247,58721,25657,60961,,
1881,PCGS,MS,63,1883782,New Orleans,2,10.0,10.0,1.75,0.0,6507,2218,203793,228264,42693,41196,124537,79688,30108,87198,,
1882,PCGS-CAC,MS,64,2110219,Carson City,1,10.0,10.0,0.0,0.0,3337,1635,216495,240456,31455,35973,120785,80814,34058,83187,,
1884,NGC,MS,64,2279086,Carson City,2,9.0,9.0,0.0,0.0,4247,1626,150185,150366,25072,29359,102167,59407,21019,56781,,
1882,PCGS,MS,63,1883785,Carson City,2,10.0,10.0,0.0,0.0,4443,1294,193298,218991,36012,33371,111611,85114,33927,81446,,
1885,NGC,MS,64,2026210,New Orleans,1,10.0,10.0,0.0,0.0,4076,2371,182564,234014,31977,38475,114833,85730,29008,89249,,
1884,PCGS,MS,64,2212633,Philadelphia,1,10.0,10.0,0.0,0.0,5082,1661,196077,222926,31921,34645,113060,77281,27962,78105,,
1878,NGC,MS,64,2151971,San Francisco,1,10.0,10.0,0.0,0.0,4296,3000,203736,233754,36056,43095,114488,82870,28840,92558,,
1901,NGC,AU,55,1856772,Philadelphia,3,10.0,8.0,0.35,1.0,11466,5953,227558,237322,51940,48857,132012,87011,33436,86610,,
1902,PCGS,MS,65,2463011,Philadelphia,1,10.0,10.0,0.0,0.0,960,2827,191596,249079,18654,39388,124167,88657,25795,89137,,
1903,PCGS,AU,58,2258165,Philadelphia,2,10.0,10.0,0.0,0.0,2994,2383,185630,198658,27222,35914,120494,70874,24069,71753,,
1887,NGC,MS,63,2274320,Philadelphia,2,10.0,10.0,0.0,0.0,3830,3228,199496,227757,34822,41105,123149,87580,29037,87206,,
1881,PCGS,MS,66,2119751,San Francisco,2,10.0,10.0,1.75,0.0,2367,2891,212564,254428,25168,47355,123673,82921,30102,86035,,
1883,NGC,AU,58,2211923,San Francisco,2,10.0,10.0,0.0,0.0,5958,2564,194957,224558,29890,37415,115111,82637,34952,81479,,
1904,PCGS,MS,63,2270235,New Orleans,2,9.0,9.0,0.0,0.0,7396,2636,162101,168483,35856,31169,108669,62513,25889,70650,,
1900,PCGS,MS,63,2044592,Philadelphia,2,10.0,10.0,0.0,0.0,2110,1638,195350,250360,25914,36732,121376,89772,26837,87279,,
1886,NGC,MS,64,1888338,Philadelphia,1,9.0,9.0,1.75,0.0,1420,1423,191909,234569,24339,34218,123929,87015,28296,84570,,
1879,PCGS,MS,63,2241126,Philadelphia,2,10.0,10.0,0.0,0.0,4570,1842,169562,195373,26815,32554,102799,73011,29274,80052,,
1882,PCGS,MS,67,1888314,San Francisco,1,10.0,10.0,1.75,0.0,2205,1159,207531,244010,22748,33665,121516,88460,30093,86957,,
1882,PCGS,MS,65,2296225,San Francisco,1,10.0,10.0,0.0,0.0,699,1522,176017,212565,15810,36371,107121,79803,26434,78557,,
1882,NGC-GSA,MS,63,2206406,Carson City,1,10.0,10.0,0.0,0.0,4316,2555,189283,214022,29362,33911,111893,80293,29456,78932,,
1880,PCGS,MS,65,2160493,Philadelphia,2,10.0,10.0,0.7,0.0,4994,2390,190301,233939,38410,44439,121288,84106,27718,86282,,
1887,NGC,MS,65,1853849,Philadelphia,1,10.0,10.0,1.05,0.0,2113,1931,197618,234516,25080,34562,121730,91092,30163,89350,,
1883,PCGS-CAC,MS,66,2291778,Carson City,2,10.0,10.0,0.0,0.0,2269,1047,176620,184838,26400,33058,112013,61603,27888,75248,,
1892,PCGS,MS,63,2278086,New Orleans,2,10.0,10.0,0.0,0.0,2843,2915,188639,208373,26508,34963,123970,77759,28733,79584,,
1891,PCGS,MS,62,2169384,Philadelphia,1,10.0,10.0,0.0,0.0,2809,1730,177834,220439,28417,36631,117647,85745,25881,76128,,
1882,NGC,MS,64,2128823,Philadelphia,2,10.0,10.0,0.0,0.35,2930,3348,205419,242146,29271,50117,127687,87001,30659,99641,,
1903,PCGS,MS,66,2127320,Philadelphia,1,10.0,10.0,0.0,0.0,1077,1612,202592,233478,20147,33836,119100,83960,28280,78981,,
1890,PCGS,MS,64,2289578,New Orleans,1,10.0,10.0,0.0,0.0,4269,2754,189595,231715,32920,42266,121170,86309,30062,86705,,
1884,PCGS,MS,65,2152011,Carson City,1,10.0,9.0,0.0,0.0,3815,2027,138837,170957,22215,35427,94260,58303,25775,69389,,
1884,PCGS,MS,64,2273056,New Orleans,4,9.0,7.25,2.3,2.95,9244,4873,217173,232432,52073,53794,118501,76981,46829,100825,,
1884,NGC,MS,63,2225953,New Orleans,1,10.0,10.0,0.0,0.0,4404,1778,171491,186681,27179,32878,115239,73028,28057,75964,,
1886,PCGS,MS,61,2279785,New Orleans,3,10.0,9.0,0.0,0.35,10214,4369,198688,224383,41335,44291,122666,78333,35881,91526,,
1879,PCGS,AU,55,2182886,Carson City,2,10.0,10.0,0.0,0.0,2326,2210,186269,225562,22889,36515,113829,78085,30899,86258,,
1891,PCGS-CAC,MS,65,2448913,Philadelphia,3,10.0,10.0,0.35,0.0,3157,2467,173176,215694,31426,39496,113909,81396,22957,76555,,
1893,PCGS,MS,62,2208421,Carson City,2,10.0,10.0,0.0,0.0,8060,3017,172610,204228,33822,36151,104342,70444,27265,81716,,
1899,PCGS,MS,65,2241105,San Francisco,1,10.0,10.0,0.0,0.0,4261,1654,200722,212050,29032,33033,122408,77684,31445,79458,,
1880,NGC,MS,68,2087725,San Francisco,1,9.0,9.0,0.0,0.0,949,1261,162811,195268,16136,29025,101619,68047,23014,71505,,
1885,NGC,MS,65,1853848,New Orleans,2,10.0,10.0,1.75,0.0,1787,4251,184109,227333,22563,43323,117466,89002,29565,86802,,
1887,PCGS,MS,67,2160326,Philadelphia,2,10.0,10.0,0.0,0.0,2330,2090,211190,248377,24966,43978,124688,84240,31071,88127,,
1886,NGC,AU,58,2250523,New Orleans,2,10.0,10.0,0.0,0.0,4085,2488,179835,217266,31252,39393,122614,81501,24067,81155,,
1890,PCGS,MS,64,2182970,New Orleans,2,10.0,10.0,0.0,0.0,2262,1937,182684,234199,24517,35810,113703,89553,28424,83446,,
1884,PCGS,MS,64,2260028,Carson City,2,10.0,10.0,0.0,0.0,3051,1683,182376,191387,25654,33441,100336,63834,26751,67009,,
1890,PCGS,MS,64,2261092,New Orleans,2,10.0,10.0,0.35,1.0,2296,1588,185067,226161,24108,39581,126550,77180,23382,88425,,
1904,NGC,MS,63,2094181,Philadelphia,3,9.0,9.0,0.7,3.3,3659,2229,195671,206962,33307,38896,126475,76041,27416,76939,,
1895,PCGS,AU,58,2032099,New Orleans,1,10.0,10.0,0.65,0.0,3517,1823,202258,238999,37190,38038,124725,88287,31788,89824,,
1881,NGC,MS,64,2160413,San Francisco,2,10.0,10.0,1.95,1.65,4261,1985,181929,168768,29635,31586,104431,46927,42879,68516,,
1899,PCGS-CAC,AU,58,2218964,San Francisco,2,9.0,9.0,0.0,0.0,7349,3489,187722,219937,34710,40037,119524,83569,32723,77487,,
1902,PCGS,MS,63,1855264,New Orleans,3,9.0,10.0,1.0,0.35,2409,1770,177367,229801,29154,33616,118370,85914,30096,82121,,
1901,NGC,MS,67,2376872,New Orleans,1,10.0,9.0,0.0,0.0,2174,2670,167125,181203,20915,37014,119848,73465,25053,70440,,
1885,PCGS-CAC,MS,66,2269086,Philadelphia,1,10.0,10.0,0.0,0.0,3021,1950,176567,206239,20521,30331,104892,71039,25079,75500,,
1884,PCGS,MS,65,2291869,Carson City,3,10.0,10.0,0.7,0.7,4032,3404,216106,245407,35732,44821,118833,80814,36756,88696,,
1880,NGC,MS,62,2048773,San Francisco,1,10.0,10.0,0.0,0.0,5594,1018,209027,229584,48058,37857,121679,85287,30672,85498,,
1884,NGC,MS,64,2456758,Carson City,2,10.0,10.0,1.75,0.0,2491,3235,185139,209710,28600,36675,121809,82052,30805,80155,,
1883,PCGS,MS,63,1883790,New Orleans,1,10.0,10.0,0.0,0.0,4910,2627,200411,218546,32771,40077,127720,82042,28361,82825,,
1878,PCGS,MS,63,2298798,Philadelphia,1,10.0,10.0,0.0,0.0,2243,2411,207542,217397,27644,38624,119664,77523,27233,73713,,
1886,PCGS,MS,60,2279776,New Orleans,3,10.0,10.0,0.0,0.0,7844,4229,209123,230180,46684,48941,128040,84159,36901,90601,,
1903,PCGS,MS,63,2241059,Philadelphia,3,10.0,10.0,0.0,1.3,3807,3207,186153,223391,29409,38782,121676,79834,28980,88367,,
1921,PCGS,MS,64,2059614,Denver,1,9.0,9.0,0.0,0.0,4848,2393,218217,209028,32186,35959,123703,55103,28036,80169,,
1878,NGC,MS,63,2202948,Carson City,2,10.0,10.0,0.0,0.0,3075,1861,174861,200981,25100,37827,116148,83469,24378,75794,,
1921,PCGS,MS,64,2257110,Denver,1,10.0,10.0,0.0,0.0,3690,2285,204252,228828,28319,37938,122376,82929,28551,80679,,
1878,PCGS,MS,65,2176369,San Francisco,1,9.0,8.0,0.0,0.0,2806,1983,200808,211332,28924,38103,108338,66293,32723,79988,,
1899,PCGS,MS,62,1883805,New Orleans,2,10.0,10.0,0.35,0.35,3829,1916,186912,238350,34340,36143,117679,86734,25180,86538,,
1880,PCGS-CAC,MS,66,2075317,Carson City,1,10.0,10.0,1.75,0.0,1285,1975,173893,220511,19229,31345,107075,83385,32311,80710,,
1883,NGC,MS,62,1853866,Philadelphia,1,10.0,10.0,0.0,0.0,4895,1990,204076,233033,37521,39099,126360,84144,31653,85028,,
1887,NGC,MS,63,2280057,New Orleans,1,10.0,10.0,0.0,0.0,2666,4174,180400,209950,24941,39285,113878,75258,29175,79174,,
1891,PCGS,MS,62,2192938,Carson City,3,9.0,9.0,0.65,0.65,2638,2791,171339,219669,31444,40347,115139,89858,24981,78945,,
1903,PCGS,AU,55,2033144,San Francisco,1,9.0,9.0,0.0,0.0,2704,2955,208019,245547,30105,42500,126820,84313,36456,91184,,
1894,PCGS,AU,55,1871269,San Francisco,3,8.0,7.0,3.25,3.25,5803,4912,215285,263954,49476,55687,126798,92790,38063,97401,,
1880,NGC,MS,65,2285192,Carson City,1,10.0,10.0,0.0,0.0,5730,2830,174183,198696,29047,35579,108792,76298,26059,76686,,
1897,PCGS,MS,64,2177424,San Francisco,1,10.0,10.0,0.0,0.0,3666,2306,190705,203369,31187,34034,104410,74028,28407,72903,,
1903,PCGS,MS,65,2291687,Philadelphia,1,10.0,10.0,0.0,0.0,2588,2978,210461,242274,31045,40657,128501,83405,30250,89054,,
1879,PCGS,MS,64,2084687,San Francisco,1,10.0,10.0,1.75,0.0,1800,1830,194940,243135,23722,36063,109832,87311,30548,87780,,
1898,PCGS,MS,62,1857746,New Orleans,3,10.0,10.0,0.7,0.7,3884,2353,219877,226360,35500,40789,132565,86024,30398,77065,,
1885,PCGS,MS,65,2454030,Carson City,1,10.0,10.0,0.0,0.0,3044,3606,179655,227687,27285,37995,122154,88265,26810,78228,,
1883,PCGS,MS,66,2099201,Carson City,2,10.0,10.0,1.75,0.0,963,1064,185566,233646,17613,34497,119918,88870,30369,86300,,
1890,PCGS-CAC,MS,63,2255018,Carson City,1,8.0,7.0,0.0,0.0,6039,1278,164635,168298,33839,28036,100186,63861,36443,78268,,
1883,NGC,AU,55,2463838,San Francisco,3,10.0,10.0,1.75,0.65,3065,2334,207380,235051,26182,34785,126106,83445,30486,84049,,
1884,PCGS,MS,63,2408842,San Francisco,2,10.0,10.0,1.75,0.0,2833,2182,178650,202336,27365,32639,116338,75430,25132,72320,,
1903,PCGS,MS,64,2097796,New Orleans,1,10.0,10.0,0.0,0.0,1645,1835,202983,247054,22844,35781,123493,89412,30426,88670,,
1899,PCGS,MS,63,2218550,Philadelphia,2,10.0,10.0,0.0,0.0,4565,2466,185244,215684,32541,37730,116303,78953,25865,78540,,
1897,NGC,MS,66,2463673,Philadelphia,2,10.0,10.0,0.0,0.0,2624,1724,187413,224868,26830,36434,122363,86403,26736,82707,,
1902,PCGS,MS,64,2291096,New Orleans,5,8.0,9.0,1.3,1.65,12427,9340,253313,270914,74549,70094,143931,95805,48575,103507,,
1885,PCGS-CAC,MS,64,2255016,Carson City,2,10.0,10.0,0.0,0.0,4107,2125,166937,185467,26546,31516,95219,65515,25248,67958,,
1898,PCGS,MS,64,2029096,New Orleans,2,10.0,10.0,0.0,2.6,3602,2569,199526,254179,33650,42493,119991,87603,35013,91480,,
1886,PCGS,MS,64,2440385,Philadelphia,2,10.0,10.0,0.0,2.3,1916,3643,183006,223768,22915,40086,121026,87755,23695,80632,,
1881,PCGS,MS,66,2182945,San Francisco,1,10.0,10.0,0.0,0.0,1737,1579,174162,209584,21664,33634,102183,70304,20589,71809,,
1886,PCGS,MS,60,2279780,New Orleans,3,10.0,10.0,0.0,0.0,9836,3408,211195,224770,48905,44399,130254,80315,34317,86936,,
1902,NGC,MS,65,2203923,New Orleans,1,10.0,10.0,0.0,0.0,2094,2881,195072,216098,20880,36684,118270,78604,28619,79420,,
1885,PCGS-GSA,MS,62,2099211,Carson City,1,10.0,10.0,0.0,0.0,3007,2524,189589,244232,28397,35951,116315,91490,30798,81977,,
1880,PCGS-CAC,MS,63,2263021,Carson City,2,10.0,10.0,0.0,0.0,3826,1606,214638,239139,33025,40655,123498,77400,32445,93284,,
1900,PCGS,MS,65,2236079,New Orleans,2,10.0,10.0,0.0,0.0,2694,1338,196927,204892,24133,34915,119739,76015,28105,75849,,
1881,PCGS,MS,64,2287684,New Orleans,2,10.0,10.0,0.0,0.0,969,2903,185690,215913,17955,35023,124139,77657,25394,83903,,
1879,NGC,MS,62,2016254,New Orleans,2,9.0,9.0,1.75,0.0,3388,1847,183023,243499,36086,37387,119491,91409,27308,82640,,
1878,PCGS,MS,64,2366835,San Francisco,3,10.0,10.0,1.4,0.0,3577,2628,190727,213360,35264,36232,119128,76714,35367,85709,,
1885,PCGS,MS,64,2093095,Philadelphia,1,10.0,10.0,0.0,0.0,2811,1429,190200,225625,23243,33275,122429,87774,32242,79018,,
1880,PCGS,MS,64,2092732,San Francisco,2,10.0,10.0,0.0,0.0,2420,1749,190640,240894,24480,35200,110063,82745,30446,85631,,
1902,NGC,MS,64,2285244,New Orleans,1,10.0,10.0,0.0,0.0,1874,3625,182470,210048,27884,39024,120078,79120,25425,82564,,
1887,PCGS,AU,58,2223497,San Francisco,1,10.0,10.0,0.0,0.0,3720,3243,195432,223396,28794,40029,122042,75618,25997,79729,,
1881,PCGS,AU,58,2093071,New Orleans,3,8.0,7.0,1.75,0.0,3174,2842,180784,235511,35596,44249,121428,90468,28193,86491,,
1900,PCGS-CAC,MS,65,2191376,New Orleans,1,10.0,10.0,0.0,0.0,1468,1352,203167,240935,22268,34159,124474,87663,30252,83896,,
1891,PCGS,MS,63,2257092,Carson City,1,10.0,10.0,0.0,0.0,3785,1511,212540,237068,31533,35504,126505,88112,32914,87266,,
1882,NGC,MS,64,2274203,Philadelphia,3,9.0,10.0,0.35,0.35,4028,2733,164106,213161,31953,40248,117008,83611,19189,80615,,
1884,PCGS,MS,65,2182955,Philadelphia,1,10.0,10.0,0.0,0.0,1568,1535,182484,233592,23387,35728,118365,89650,29881,79585,,
1885,PCGS-CAC,MS,66,1880907,New Orleans,1,8.0,6.0,1.75,0.0,3654,3462,129465,187592,25739,38275,91994,69653,33691,77949,,
1889,NGC,MS,60,2223455,New Orleans,2,10.0,10.0,0.35,1.0,7641,3491,173336,197994,35479,35463,115190,75181,23754,76846,,
1893,PCGS,MS,63,2284126,Philadelphia,2,10.0,10.0,0.0,0.0,3742,1711,184842,217021,23805,38997,117579,80810,23826,74821,,
1880,NGC,MS,64,1853869,San Francisco,1,10.0,10.0,0.0,0.0,2471,1872,193443,239605,26540,36512,116731,88792,28741,82663,,
1878,PCGS,MS,62,2381762,Philadelphia,1,10.0,10.0,0.0,0.0,3310,1919,197556,221700,28329,36285,121097,78407,28226,85839,,
1880,NGC,MS,64,2194940,Philadelphia,1,10.0,10.0,0.0,0.0,3132,1600,179695,213196,21997,30672,114005,84786,24922,77736,,
1899,PCGS,MS,66,2081158,San Francisco,1,10.0,10.0,0.0,0.0,6048,1215,210124,218786,40114,34291,124756,74339,30181,83401,,
1882,PCGS,MS,64,2408832,New Orleans,2,9.0,9.0,3.7,0.0,2012,1943,185690,230744,18381,38073,122855,83032,30877,86505,,
1887,NGC,MS,63,2274250,San Francisco,1,10.0,9.0,0.0,0.0,3841,2073,186581,215409,31131,39741,122169,82906,26580,82788,,
1921,PCGS,MS,64,1883357,Philadelphia,2,10.0,10.0,0.0,0.0,6218,2749,233683,261136,41579,42020,126217,85334,28395,83607,,
1921,PCGS,MS,63,2177445,Philadelphia,2,10.0,10.0,0.0,1.95,3248,1601,209860,244236,30243,36479,124405,86262,29538,83664,,
1898,PCGS,MS,65,2000498,New Orleans,2,10.0,10.0,1.3,0.65,1483,1966,187308,222846,22877,37861,119244,87015,32407,84639,,
1894,NGC,AU,55,2223511,New Orleans,3,10.0,10.0,1.3,0.0,6511,5939,185037,228148,34557,45417,120108,85421,33523,85763,,
1885,NGC,MS,63,2286598,San Francisco,3,10.0,10.0,1.0,0.0,4711,1459,188942,207036,38467,37304,114382,72595,33906,83226,,
1887,PCGS,MS,63,1855782,Philadelphia,1,10.0,10.0,1.05,0.0,3308,1677,196876,240432,29464,36176,119684,89389,34239,86374,,
1891,PCGS,MS,64,2101704,Carson City,1,9.0,9.0,0.0,0.0,3283,1855,191172,229361,32799,40196,104015,75718,28396,82765,,
1881,PCGS,MS,64,2448892,Carson City,1,10.0,10.0,0.0,0.0,2471,3703,185256,227447,24850,39536,120193,86886,26619,81847,,
1879,PCGS,MS,64,2084686,San Francisco,1,10.0,10.0,1.75,0.0,2635,1137,197576,233471,25650,34242,114628,84425,32619,88698,,
1900,PCGS,MS,63,1855717,Philadelphia,4,6.0,8.0,3.6,3.25,6970,4542,215780,221783,52306,46839,128211,80401,37417,85532,,
1899,PCGS,MS,66,1888318,San Francisco,2,10.0,10.0,0.0,0.0,1182,1166,203903,247854,17759,31467,121804,89484,30533,88262,,
1886,PCGS,AU,58,2200402,New Orleans,2,10.0,10.0,0.0,0.35,2147,2052,182030,217651,26048,35508,119252,85559,29852,83958,,
1890,PCGS,MS,63,2068687,Philadelphia,2,10.0,10.0,0.0,0.0,1756,1836,185473,239658,25996,37925,118060,88206,29254,83307,,
1883,NGC-GSA,MS,64,2288576,Carson City,1,10.0,10.0,0.0,0.0,3745,2210,203375,231511,31871,36077,126530,85888,30194,87775,,
1879,PCGS,MS,65,2121768,San Francisco,1,10.0,10.0,0.0,0.0,2934,2323,209733,250860,28431,40984,118741,85091,31339,84193,,
1883,PCGS,MS,64,2121764,Carson City,1,9.0,7.0,1.75,0.0,4689,1872,172090,165898,34396,33826,98262,57767,31856,74711,,
1879,PCGS,MS,64,1857761,San Francisco,2,10.0,10.0,1.75,0.0,2006,797,202507,228463,22542,31222,113526,79390,32171,84683,,
1891,PCGS,MS,63,2287661,Carson City,2,10.0,10.0,0.0,0.0,3717,1911,181658,216124,30306,36001,118376,79613,25894,80680,,
1882,NGC,MS,64,2181412,New Orleans,3,10.0,10.0,3.25,3.6,14584,6385,206311,204198,62199,52314,129716,72556,31306,87002,,
1878,NGC,MS,65,2298788,Philadelphia,2,9.0,8.0,0.35,0.0,5125,1769,180421,199192,31848,39220,119182,77811,28399,85039,,
1888,PCGS,MS,64,2029162,New Orleans,1,10.0,10.0,0.0,0.0,3138,2130,182012,231950,31521,38576,115189,85764,28447,88300,,
1890,PCGS,MS,62,2365898,San Francisco,2,10.0,10.0,0.0,0.0,3389,2735,177698,199977,33101,38019,112948,77531,25792,73486,,
1885,PCGS,MS,65,2462994,Philadelphia,1,10.0,10.0,0.0,0.0,2418,1733,207113,228986,26009,37951,126264,78883,29265,84418,,
1888,PCGS,MS,62,2182965,San Francisco,2,10.0,10.0,0.0,0.0,3487,1364,186021,230457,30841,35997,118163,87274,26323,81587,,
1884,PCGS-GSA,MS,65,2099210,Carson City,2,10.0,10.0,0.0,0.0,2330,2749,179797,225911,25698,37012,116644,92797,32985,84355,,
1903,PCGS,MS,67,2247999,New Orleans,2,10.0,10.0,0.0,0.0,1846,3035,175808,192028,21586,34488,121473,74569,18847,75239,,
1885,PCGS,MS,66,2270198,Carson City,3,10.0,10.0,0.0,1.65,4274,3872,167512,187515,26125,34147,109847,77095,27440,78745,,
1883,PCGS,MS,64,2247989,San Francisco,3,9.0,6.0,3.25,3.25,4267,4044,190663,231775,34487,48467,116260,78662,27294,83336,,
1898,PCGS,AU,58,2443145,San Francisco,3,9.0,9.0,0.65,0.0,4769,5080,195517,233369,36358,43155,123906,94261,33409,88366,,
1885,PCGS-CAC,MS,64,2258037,Carson City,1,10.0,10.0,0.0,0.0,2556,1999,168727,198290,17989,31839,100421,72840,27348,72747,,
1882,PCGS,MS,65,2232108,Philadelphia,1,10.0,10.0,0.0,0.0,2812,2876,182872,224646,20452,38927,111563,75261,25393,78598,,
1880,NGC,MS,64,2260539,San Francisco,3,4.0,9.0,1.65,1.0,6802,2268,243247,199876,52349,38014,130784,70680,44132,81088,,
1879,NGC,MS,65,2363337,San Francisco,1,10.0,10.0,0.0,0.0,3133,2649,186758,214785,27509,38187,120408,82493,25488,80452,,
1884,PCGS,MS,65,2207942,New Orleans,2,10.0,10.0,0.0,0.0,3553,3181,161540,189338,20129,31230,116777,77228,22054,78850,,
1899,PCGS,MS,65,2249521,Philadelphia,1,10.0,10.0,0.0,0.0,2191,1535,193080,235222,22335,36477,123526,84530,30554,80867,,
1894,PCGS,AU,58,2297592,San Francisco,3,9.0,6.0,0.0,0.65,3640,4298,191032,213159,33816,51182,121531,74617,30866,85258,,
1899,NGC,MS,63,2255684,Philadelphia,2,10.0,10.0,0.65,0.0,4205,3184,194308,215989,30802,42225,119447,78131,27578,77931,,
1884,PCGS,MS,63,1856799,New Orleans,2,10.0,10.0,2.4,0.0,1567,2210,175927,249774,23766,41371,116712,91469,29335,90584,,
1882,NGC,MS,63,2125830,New Orleans,1,10.0,10.0,0.0,0.0,4283,1508,188338,223169,29552,32775,120067,83630,31774,84869,,
1884,NGC,MS,65,2273726,Carson City,2,10.0,10.0,0.0,0.0,1981,2041,189114,231762,25234,37115,127318,84439,28225,85096,,
1882,PCGS,MS,66,1854711,San Francisco,2,10.0,10.0,1.75,0.0,2718,2058,207852,246249,27370,37827,113543,89063,34510,87179,,
1921,PCGS,MS,64,2257108,Philadelphia,1,10.0,10.0,0.0,0.0,4642,3160,193806,233124,32104,38141,121562,86563,22289,78028,,
1879,PCGS,MS,62,1883772,Philadelphia,1,10.0,10.0,1.4,0.0,3327,1246,201486,245337,31381,33145,120525,83972,30739,92967,,
1892,NGC,MS,61,2102788,Carson City,1,10.0,10.0,0.0,0.0,7315,1959,219096,225066,45910,36691,118619,82128,34935,79921,,
1887,PCGS,MS,64,2169402,Philadelphia,1,10.0,10.0,0.0,0.0,5776,1764,186426,218460,25885,30174,107083,74707,24176,80494,,
1884,PCGS,MS,65,1867256,New Orleans,2,10.0,10.0,1.75,0.0,1631,1033,178082,207466,21504,29967,111913,74819,29423,83293,,
1880,PCGS,MS,63,2287679,New Orleans,1,10.0,10.0,0.0,0.0,3062,1964,177534,204595,28727,34977,115571,74929,27433,75199,,
1891,PCGS,MS,63,2289173,Philadelphia,1,10.0,10.0,0.0,0.0,4060,1878,171802,184507,29675,32960,112221,68616,19256,64549,,
1898,NGC,MS,62,2272131,Philadelphia,2,9.0,9.0,0.0,0.0,5128,3729,181276,218396,37614,40908,100196,75297,30725,80138,,
1888,PCGS,MS,63,2223008,New Orleans,1,10.0,10.0,0.0,0.0,2329,2582,189502,224333,26336,35266,117578,81986,32573,85001,,
1882,PCGS,MS,64,2114245,Carson City,2,10.0,10.0,0.0,0.0,1826,2943,179186,215681,22739,37040,115793,85956,27306,85358,,
1880,PCGS,MS,64,2296669,Philadelphia,2,10.0,10.0,0.0,0.0,2008,2022,180497,207942,24608,34510,119406,77091,19448,74265,,
1882,PCGS,MS,66,2408833,San Francisco,1,9.0,8.0,1.75,0.0,2371,1767,178974,196899,27906,37166,114630,65848,28812,77258,,
1882,PCGS,MS,63,1857751,Philadelphia,2,10.0,10.0,1.75,0.35,4411,2041,189280,242173,35247,40549,119412,90687,29188,84597,,
1887,PCGS,MS,64,2258035,San Francisco,1,10.0,10.0,0.0,0.0,3316,1429,186823,215108,27913,35806,118754,73904,24951,78971,,
1884,NGC,MS,64,2462451,Carson City,1,10.0,10.0,0.0,0.0,2181,2955,182096,222494,24027,39899,118623,85124,29310,80618,,
1883,NGC-CAC,MS,64,2281096,New Orleans,3,9.0,10.0,2.3,1.35,10591,2067,211203,203643,65019,41616,125689,79082,33468,87049,,
1881,PCGS,MS,64,2279803,San Francisco,1,9.0,9.0,0.0,0.0,5757,2226,190722,170905,36627,32086,112699,51680,33392,75717,,
1880,NGC,MS,64,2248534,San Francisco,2,10.0,10.0,0.65,0.0,3148,1813,155862,200654,28250,35527,102046,78139,19469,76422,,
1879,NGC,MS,60,2298754,New Orleans,2,10.0,10.0,0.0,0.0,5137,1915,189415,218545,38676,39298,122871,83488,28622,81620,,
1886,NGC-CAC,MS,61,2273735,San Francisco,1,10.0,10.0,0.0,0.0,3410,1378,176007,197043,28774,34312,113116,73186,22234,73526,,
1879,NGC,MS,64,2302984,San Francisco,1,10.0,10.0,0.0,0.0,3588,1850,192818,199152,34219,34086,118713,73066,23536,73372,,
1890,PCGS,MS,64,2224457,New Orleans,1,10.0,10.0,0.0,0.0,3753,2690,175981,219475,24017,35877,116460,83727,27960,84559,,
1901,PCGS,MS,64,2211454,San Francisco,1,10.0,10.0,0.0,0.0,3582,2600,190595,225425,25329,34034,118287,86072,29481,80332,,
1891,PCGS,MS,64,2287662,San Francisco,1,10.0,10.0,0.0,0.0,4633,1947,193593,187027,35255,34956,116905,61442,25609,70612,,
1884,PCGS,MS,65,1868268,Carson City,1,9.0,9.0,1.75,0.0,1989,1459,181298,206514,20162,30010,104368,74408,28349,70626,,
1878,NGC,MS,65,2280075,San Francisco,1,10.0,10.0,0.0,0.0,2242,2762,181106,206359,22449,40446,109775,74148,26014,78177,,
1901,PCGS-CAC,AU,55,2408899,Philadelphia,3,10.0,10.0,0.0,0.0,3770,3156,191933,218139,28550,42291,126311,81012,28641,84471,,
1880,PCGS,MS,64,2120322,Carson City,1,9.0,9.0,0.0,0.0,3969,1730,167727,181270,28462,35025,104302,65792,32051,74699,,
1883,PCGS,MS,65,2110744,Carson City,1,9.0,9.0,1.75,0.0,4006,2951,179068,202341,30747,37274,103312,65146,31291,75334,,
1878,PCGS,MS,63,2291427,San Francisco,2,10.0,10.0,0.0,0.0,2184,3136,189712,221633,28933,43999,122072,79442,26512,78242,,
1902,PCGS,MS,63,2177449,San Francisco,3,10.0,10.0,1.0,1.35,8924,3369,214347,223692,52467,41666,131617,79908,34707,98139,,
1887,NGC,MS,63,2274296,Philadelphia,2,10.0,10.0,0.0,0.0,3525,2893,201010,225277,34904,40526,127099,84004,23430,79991,,
1900,PCGS,MS,66,2160385,New Orleans,1,10.0,10.0,0.0,0.0,1977,2222,178877,221642,21420,33276,117700,85854,24507,78930,,
1896,PCGS,MS,64,2298651,Philadelphia,3,5.0,7.0,3.6,3.25,7196,4958,236220,240879,60680,53592,136801,88462,47260,104240,,
1880,NGC,MS,66,2192905,San Francisco,1,9.0,9.0,0.0,0.0,1623,970,176578,208588,20345,29785,104753,75803,25895,81838,,
1903,NGC,MS,65,2203924,Philadelphia,1,10.0,10.0,0.0,0.0,2585,1792,194332,193950,23752,34586,119369,67233,24247,72021,,
1883,PCGS-CAC,MS,64,2408838,San Francisco,3,8.0,9.0,4.35,0.35,2661,2643,198470,217632,34942,42094,118409,75388,38133,80325,,
1897,PCGS,MS,65,2287691,Philadelphia,1,10.0,10.0,0.0,0.0,2123,1606,204388,213665,22836,38023,120266,59669,26195,80300,,
1887,PCGS-CAC,MS,66,2408851,Philadelphia,1,10.0,10.0,0.0,0.0,1616,2001,195411,213815,24401,34659,119879,77004,25658,79520,,
1886,PCGS,MS,61,2279782,New Orleans,3,10.0,10.0,0.0,0.0,9744,3807,209518,234446,46218,45651,128861,84367,36813,94201,,
1900,PCGS,MS,65,2296691,New Orleans,1,10.0,10.0,0.0,0.0,2602,2481,216155,247585,32832,43450,131776,89908,32082,94000,,
1885,NGC,MS,65,2218471,New Orleans,3,10.0,10.0,1.65,1.0,3670,2945,172134,211307,33117,44517,120319,75828,30358,78670,,
1891,PCGS,MS,63,2447932,Philadelphia,3,10.0,10.0,1.0,1.0,3326,2394,185302,224369,31163,38580,115334,80645,24687,81976,,
1891,NGC-CAC,MS,64,2078673,Philadelphia,3,9.0,9.0,1.65,2.95,1743,2039,158816,212101,23795,42196,109194,82351,24021,80551,,
1882,PCGS-CAC,MS,65,2164329,Philadelphia,1,10.0,10.0,0.0,0.0,2941,2591,198600,243573,27022,40386,116467,82786,33058,88084,,
1882,PCGS-CAC,MS,65,1855226,Carson City,2,10.0,10.0,1.75,0.0,1356,2151,177698,235812,21757,36136,114533,86199,27115,85564,,
1890,PCGS,MS,63,2125914,New Orleans,2,10.0,10.0,0.0,0.0,2672,1593,180566,216027,29648,35650,115719,83206,26531,83993,,
1879,PCGS,MS,63,1857752,Philadelphia,3,10.0,9.0,2.05,2.3,1736,1965,190367,226026,21704,36832,116716,86359,26465,84264,,
1884,NGC,MS,65,2413363,New Orleans,1,10.0,10.0,1.75,0.0,1750,2299,169672,207079,23162,37290,118009,80251,26057,79927,,
1879,NGC,MS,64,2203058,San Francisco,2,7.0,6.0,0.0,0.0,4146,1895,156162,156338,32478,34169,103437,50530,20865,63128,,
1885,PCGS,MS,63,2260554,New Orleans,3,5.0,10.0,2.3,0.0,7493,2846,164556,215028,36925,38110,99533,80444,32556,81607,,
1888,NGC,MS,65,2295114,Philadelphia,1,10.0,10.0,0.0,0.0,991,1190,206939,244052,19606,35068,121954,89996,32235,85729,,
1884,PCGS,MS,65,2064167,Carson City,2,10.0,9.0,1.75,1.95,2484,3647,187873,249184,27637,47835,112094,89725,32895,87362,,
1885,PCGS,MS,64,2420397,New Orleans,1,10.0,10.0,0.0,0.0,2903,3362,184993,218491,27879,40884,121087,85732,23931,80528,,
1880,NGC-CAC,MS,66,2273697,San Francisco,1,10.0,10.0,0.0,0.0,3499,1219,168023,204582,22823,34794,107212,70491,22466,71964,,
1889,NGC,MS,61,2399328,San Francisco,2,10.0,10.0,0.0,0.0,4008,1526,197212,201289,31559,36813,122234,74343,28057,77844,,
1885,NGC,MS,67,2284606,Philadelphia,1,10.0,10.0,0.0,0.0,2333,1554,165695,168808,19340,25519,101631,51264,24876,67068,,
1921,PCGS,MS,66,2192968,San Francisco,2,10.0,10.0,0.0,0.0,1532,1646,182860,239669,18335,35395,115853,88091,26222,85270,,
1881,NGC,MS,65,2413376,San Francisco,1,9.0,10.0,0.0,0.0,1004,1517,181987,204269,21938,35294,121718,72255,20852,74334,,
1880,NGC,MS,62,2184499,San Francisco,3,10.0,10.0,1.0,1.65,2709,1611,158589,180181,21749,28049,96016,49640,32776,78115,,
1881,NGC,MS,65,2413379,San Francisco,1,9.0,9.0,0.0,0.0,2974,2033,184451,187221,31521,36116,120630,71190,25201,71036,,
1890,NGC,MS,61,2285594,San Francisco,1,10.0,10.0,0.0,0.0,4231,2620,190760,188440,30816,38815,115830,64610,23210,69183,,
1886,PCGS,MS,61,2279783,New Orleans,3,10.0,10.0,0.0,0.0,10695,3955,205430,233859,49734,48389,123815,79941,36283,94144,,
1878,NGC,MS,62,2280074,Philadelphia,3,9.0,9.0,0.65,1.0,5340,1756,199208,201031,46463,36143,123804,66874,38112,88697,,
1900,NGC,MS,64,2260566,New Orleans,4,8.0,9.0,3.3,2.95,6292,4014,222935,269222,42993,54702,120266,93373,44481,94616,,
1882,PCGS,MS,61,2182951,New Orleans,2,9.0,10.0,0.0,0.0,4857,3183,196427,226568,36819,43127,124615,88891,32412,83884,,
1881,PCGS,MS,66,2087684,San Francisco,1,9.0,9.0,1.75,0.0,1834,1469,192487,226629,23295,34873,119811,77137,28776,83045,,
1896,NGC,MS,64,2274285,Philadelphia,3,10.0,8.0,0.0,3.6,2897,4095,192156,211663,28482,45694,126338,82322,24940,83935,,
1921,PCGS,MS,63,2029156,Philadelphia,2,10.0,10.0,0.0,0.0,5917,2816,208279,232419,36975,39887,120984,75209,31703,85851,,
1921,PCGS,MS,64,2257109,Denver,3,10.0,10.0,0.0,0.0,2388,1560,203039,230907,27167,34226,121462,82698,29481,79785,,
1894,NGC,AU,58,2293585,Philadelphia,1,9.0,9.0,0.0,0.0,5794,3074,224696,257495,36534,42798,138504,94021,32951,92851,,
1878,NGC,MS,64,2065831,San Francisco,2,10.0,9.0,1.4,0.0,3191,1678,193613,219099,32307,37379,112625,79428,28520,84464,,
1887,PCGS,MS,62,2291082,Philadelphia,3,10.0,7.0,0.0,1.35,3364,2108,195538,214193,34585,37594,123263,83348,29618,81600,,
1921,PCGS,MS,63,2223036,Denver,2,10.0,10.0,0.0,0.0,4926,2002,201658,217950,34810,36864,124122,81583,22090,69963,,
1883,PCGS,MS,62,2465163,Carson City,2,10.0,10.0,1.75,0.0,2177,1908,180061,205117,25289,34440,119196,77175,29048,79134,,
1882,PCGS,MS,65,2437991,Carson City,1,10.0,10.0,0.0,0.0,2107,2206,166850,194808,25518,31630,111435,69638,23775,75538,,
1882,NGC-GSA,MS,63,2215113,Carson City,1,10.0,10.0,0.0,0.0,1645,2459,171679,208216,17465,32356,109526,76066,25464,72952,,
1878,PCGS,MS,63,1883842,Philadelphia,1,10.0,10.0,0.0,0.0,3787,1494,183221,233752,33579,38569,116021,88181,27082,84223,,
1879,NGC,MS,66,2087727,San Francisco,1,10.0,10.0,1.75,0.0,4187,1322,182872,230757,31247,34496,113089,86668,26577,82925,,
1921,PCGS,MS,64,1883349,Philadelphia,2,10.0,10.0,0.0,0.0,3997,3262,202970,238600,28348,35347,122046,81075,25175,79898,,
1896,NGC,MS,64,2194955,Philadelphia,1,10.0,10.0,0.0,0.0,1408,1696,178077,224969,18066,35887,117353,88757,24247,79766,,
1880,PCGS,MS,65,1883841,San Francisco,2,10.0,10.0,1.75,0.35,1792,2048,176771,246249,22163,41692,104250,85215,28074,87741,,
1901,PCGS,MS,62,2181387,San Francisco,1,10.0,10.0,0.0,0.0,2283,1823,192485,224270,25410,36248,122556,87058,28445,83857,,
1883,PCGS,MS,62,2181429,Philadelphia,2,10.0,9.0,0.65,0.0,5473,2643,172530,200864,34475,35832,100108,71521,34629,82449,,
1880,PCGS,MS,65,2110784,San Francisco,1,10.0,9.0,0.0,0.0,2838,2165,179511,194235,25834,34671,97554,66748,25050,72268,,
1880,PCGS,MS,68,2282630,San Francisco,2,10.0,10.0,0.0,0.0,2083,1788,186126,244771,22424,35247,105229,81018,31477,88157,,
1898,PCGS,MS,65,1885867,Philadelphia,4,7.0,8.0,3.95,3.6,6596,4060,257281,247253,56990,53898,134378,82427,43699,94239,,
1878,NGC-CAC,MS,63,2126263,Philadelphia,1,10.0,10.0,0.0,0.0,3954,1428,210278,249592,34020,35493,120751,82258,32612,94195,,
1883,PCGS,MS,63,2457151,Carson City,2,10.0,10.0,0.0,0.0,1605,2018,190178,207103,23603,34480,123398,73216,27357,79388,,
1883,PCGS,MS,65,2298647,Philadelphia,2,10.0,10.0,0.0,0.0,3146,2361,190115,192413,26061,36230,121098,74448,26029,71823,,
1921,PCGS,MS,65,2163353,Denver,2,10.0,10.0,0.35,0.35,5932,3296,213507,236328,43377,39483,116562,84615,28193,80710,,
1888,PCGS,MS,64,2419447,San Francisco,1,9.0,9.0,0.0,0.0,2012,2680,189205,195210,25051,33634,121911,75403,27002,77380,,
1892,NGC,MS,62,2449901,Philadelphia,1,10.0,10.0,0.0,0.0,1840,2674,187205,227264,23353,38440,125108,87534,23945,77575,,
1891,PCGS,MS,62,1863745,San Francisco,1,9.0,9.0,0.0,0.0,3660,2559,194191,233757,37540,39254,107601,78008,27277,80776,,
1896,NGC,MS,63,2274287,Philadelphia,2,10.0,10.0,0.0,0.0,1789,3810,181191,229735,23987,48075,125608,86575,25167,85679,,
1885,PCGS,MS,63,2087688,San Francisco,2,10.0,10.0,1.75,0.35,4633,3210,190788,233188,34671,44962,108336,76693,32072,86625,,
1880,PCGS,AU,58,2034068,New Orleans,1,10.0,10.0,1.75,0.0,5928,3868,221180,252144,39397,42027,123750,85122,35431,90626,,
1882,NGC,MS,64,2090183,San Francisco,1,9.0,10.0,0.0,0.0,4852,2236,195218,225783,38988,39840,113223,77785,35369,79420,,
1885,PCGS,MS,65,2215020,New Orleans,3,9.0,10.0,3.3,1.0,6923,2910,235493,220484,55324,42329,135246,79933,43739,87819,,
1883,PCGS,MS,62,2155832,Carson City,1,10.0,10.0,0.0,0.0,4818,1623,233895,261192,35292,41060,126823,88130,39146,94489,,
1898,NGC,MS,65,2284144,Philadelphia,2,9.0,9.0,0.0,0.0,3046,2889,194903,222267,28131,41954,115087,71404,31136,84636,,
1895,PCGS,AU,55,2234184,San Francisco,2,9.0,9.0,0.0,0.0,4272,2685,200220,236670,34613,41093,119370,85825,28555,82894,,
1878,PCGS,MS,64,2289140,Philadelphia,1,10.0,10.0,0.0,0.0,1657,1497,178792,213816,23757,29993,109740,72477,24203,74984,,
1883,PCGS,MS,65,2257065,Philadelphia,1,10.0,10.0,0.0,0.0,3310,1170,186037,213081,23127,31126,108757,75201,26892,77039,,
1882,NGC,MS,62,1863740,New Orleans,3,9.0,9.0,2.4,0.65,1576,2116,172397,208200,26108,40445,119728,88800,23875,77315,,
1903,PCGS,MS,62,2028562,Philadelphia,2,10.0,10.0,0.35,0.0,3782,3371,220184,246690,30365,43296,132532,86255,33557,85499,,
1891,NGC,MS,63,2273739,New Orleans,2,9.0,9.0,0.0,0.0,3996,4210,192757,211473,36756,42767,128793,81081,22074,78269,,
1879,NGC,MS,65,2295586,San Francisco,3,9.0,9.0,0.65,2.3,2561,1374,166803,165661,23406,26102,105550,61580,21479,66626,,
1897,NGC,MS,64,2286261,San Francisco,2,9.0,10.0,0.0,0.0,2167,1086,172749,215190,27146,36156,105452,80030,24014,75802,,
1898,PCGS,MS,67,1868767,Philadelphia,1,10.0,10.0,0.0,0.0,956,1120,187403,235774,18280,35434,119437,89205,27896,86208,,
1885,NGC-GSA,MS,64,2215107,Carson City,2,10.0,10.0,0.0,0.0,3063,2281,180537,208832,27990,33758,112698,77892,32364,79173,,
1884,PCGS,AU,58,2082157,San Francisco,2,10.0,10.0,3.05,0.0,2419,1888,187649,240316,28265,38947,116585,88773,28828,83908,,
1903,PCGS,MS,63,2296696,New Orleans,2,9.0,9.0,0.7,0.0,4044,3703,189657,225540,31376,44433,128084,84747,25102,80752,,
1880,PCGS,MS,66,2078772,Philadelphia,2,10.0,10.0,1.75,0.35,2213,1924,172146,217819,22983,35542,112414,85241,23939,80839,,
1881,NGC,MS,64,2234552,San Francisco,1,10.0,10.0,0.0,0.0,4555,2157,184930,212097,28469,38860,114241,70235,23580,72784,,
1878,PCGS,MS,64,2295081,San Francisco,3,10.0,10.0,2.95,2.3,5554,2596,220974,214897,47981,39934,128356,73094,33994,90001,,
1879,NGC,MS,65,2422501,San Francisco,1,10.0,10.0,0.0,0.0,2055,2587,177172,205470,23758,35114,115728,78833,24031,79850,,
1899,PCGS-CAC,MS,66,2165826,Philadelphia,1,10.0,10.0,0.0,0.0,2033,3265,219150,230425,24665,39925,125791,84214,33527,85232,,
1879,PCGS,MS,64,1883386,San Francisco,3,10.0,10.0,1.75,0.0,5916,3305,209061,226736,42207,40533,115942,79239,35971,85831,,
1901,PCGS,MS,65,2063654,New Orleans,1,10.0,10.0,0.0,0.0,1776,1614,196925,248063,22637,37664,122707,88164,32643,87508,,
1921,NGC,MS,61,2399337,Denver,2,10.0,10.0,0.0,0.0,3009,2125,183643,210943,30083,33602,113071,75468,28383,71908,,
1890,PCGS-CAC,MS,63,1875300,Carson City,2,10.0,10.0,0.0,0.0,1988,1140,206833,241869,25622,33657,119652,85757,34971,87275,,
1900,PCGS,MS,65,2432920,San Francisco,2,10.0,10.0,0.35,1.65,3439,2524,181470,209492,30206,35099,120599,78162,26052,83632,,
1890,PCGS,MS,62,2194933,Philadelphia,2,10.0,10.0,0.0,0.0,4410,1764,186031,205519,27701,33669,108050,69094,23314,76326,,
1884,NGC,MS,63,2283150,New Orleans,2,10.0,10.0,0.0,0.0,2763,2961,173291,200734,24687,38401,115241,74309,26847,78524,,
1878,PCGS,MS,65,2160376,San Francisco,1,10.0,10.0,0.0,0.0,3070,2008,199568,228830,28287,38529,114850,85386,26952,79599,,
1886,PCGS,AU,58,2032104,New Orleans,1,10.0,10.0,0.0,0.0,1770,2237,196192,253693,26775,37957,124025,92548,31754,91462,,
1884,PCGS,MS,65,1888288,Philadelphia,1,10.0,10.0,0.0,0.0,2345,1542,186214,233837,24149,33480,121504,90378,23789,80989,,
1879,PCGS,MS,67,2462982,San Francisco,1,10.0,10.0,0.0,0.0,995,1338,179533,210077,18398,33444,115460,71686,30513,79671,,
1883,PCGS,MS,65,2182954,New Orleans,1,10.0,10.0,0.0,0.0,2882,1368,184659,225919,31551,33488,118782,87408,29913,83797,,
1883,PCGS,AU,55,2034073,San Francisco,1,10.0,10.0,0.0,0.0,3026,2880,203376,234538,32988,41113,124067,89809,34805,83202,,
1886,NGC,AU,58,2151965,New Orleans,1,10.0,10.0,0.0,0.0,5385,2376,223968,238270,43381,40681,132239,87309,36811,90856,,
1887,PCGS,MS,62,2025066,New Orleans,2,10.0,10.0,0.0,0.65,2727,2168,202534,257049,27824,40404,122101,89396,34729,91542,,
1902,PCGS,MS,65,2253530,Philadelphia,1,10.0,10.0,0.0,0.0,1755,1840,208101,231576,22076,33215,120964,76060,28937,78682,,
1882,PCGS,MS,64,2248020,Philadelphia,3,10.0,5.0,0.0,0.0,16566,9882,173288,202645,60003,53321,101402,52091,35215,56119,,
1888,PCGS,MS,65,2232115,New Orleans,2,10.0,10.0,0.0,0.0,5572,3419,193773,217213,35303,40705,121891,85595,30050,83886,,
1921,SEGS,MS,62,1861869,Philadelphia,2,10.0,10.0,0.0,0.0,5980,2398,220268,233498,42568,38517,133274,83026,30759,83246,,
1881,PCGS-CAC,MS,67,2067689,San Francisco,1,8.0,9.0,1.75,0.0,2211,1429,201410,212600,31331,34008,115295,68250,28832,77087,,
1879,PCGS,MS,62,2289602,New Orleans,1,10.0,10.0,0.0,0.0,4003,3214,184046,207120,31727,35993,119487,78369,27788,78736,,
1878,PCGS,MS,65,2232103,Philadelphia,1,10.0,10.0,0.0,0.0,1936,1169,183788,246114,20731,35489,104153,81572,25317,90671,,
1880,NGC,MS,67,2048757,San Francisco,1,10.0,9.0,1.75,0.0,2206,1412,191512,237412,25604,36278,115237,83927,29066,86891,,
1889,NGC,MS,63,2177395,Philadelphia,1,10.0,10.0,0.0,0.0,3441,2312,190607,212847,31255,35228,115677,84598,25480,78565,,
1888,PCGS,MS,62,2289583,San Francisco,2,10.0,10.0,0.0,0.0,2822,2458,204900,240217,29789,38918,129410,85748,31438,84879,,
1921,PCGS,MS,62,2223459,Denver,2,10.0,10.0,0.0,0.0,4252,2134,203738,228126,32775,35795,123287,79229,22456,77206,,
1881,PCGS,MS,65,2462986,San Francisco,1,10.0,10.0,1.75,0.0,1807,1086,196236,202517,26183,36368,122578,67846,27835,74887,,
1891,PCGS,MS,62,2227522,San Francisco,2,10.0,10.0,0.0,0.0,5253,3268,202399,228272,36700,41909,118806,79601,28760,77940,,
1886,NGC-CAC,MS,67,2172837,Philadelphia,1,10.0,10.0,0.0,0.0,1749,2265,187763,230144,18407,34164,118073,82358,26830,83168,,
1881,PCGS,MS,65,2232106,New Orleans,1,10.0,9.0,0.0,0.0,1822,1117,176460,218384,18300,32395,113956,78772,24339,80004,,
1890,PCGS,MS,64,2160358,Philadelphia,1,10.0,10.0,0.0,0.0,3017,2909,171053,218113,21916,38296,117251,84178,24122,79503,,
1881,NGC,MS,63,2177362,New Orleans,2,10.0,10.0,0.35,0.35,3461,3734,184078,235348,27167,42585,121122,85308,29262,99590,,
1884,PCGS,MS,67,2087166,Carson City,1,10.0,10.0,1.75,0.0,1096,1437,185954,215567,19730,33386,108510,75210,26445,78636,,
1890,PCGS,MS,62,2254542,Carson City,1,10.0,10.0,0.0,0.0,4811,1096,197836,201110,33165,32066,116503,73692,27486,74807,,
1882,PCGS-CAC,MS,67,2236055,San Francisco,1,10.0,10.0,0.0,0.0,2405,1534,143504,205794,18123,36863,85764,71816,21457,71753,,
1881,NGC,MS,65,2363354,San Francisco,1,10.0,10.0,0.0,0.0,1974,2915,176479,190805,24852,35017,114999,68077,21945,75903,,
1884,PCGS,MS,67,2097759,New Orleans,2,10.0,10.0,1.75,0.0,2911,1384,185674,224111,31132,34135,119817,88453,30730,88304,,
1878,NGC,MS,61,2248014,Carson City,2,9.0,10.0,0.0,0.0,5556,2907,181768,196472,34757,38750,113167,74276,24239,69590,,
1884,ICG,MS,62,2274857,Carson City,2,10.0,10.0,0.0,0.35,4551,2764,211644,237162,38943,42547,130682,82216,32066,86093,,
1889,NGC,MS,65,2203912,Philadelphia,2,10.0,10.0,0.0,0.0,3427,2478,173661,202908,22593,35458,116062,76271,26538,75240,,
1883,PCGS-GSA,MS,64,2245026,Carson City,1,10.0,10.0,0.0,0.0,2855,1945,181587,207146,25852,32503,108376,75127,29002,80167,,
1881,NGC-Redfield,MS,62,2014071,San Francisco,2,10.0,10.0,1.75,0.35,3872,974,170739,221876,34419,36036,122552,85225,18132,83253,,
1901,NGC,MS,65,2110832,New Orleans,1,10.0,10.0,0.0,0.0,2495,1822,184483,213966,22651,32632,118594,84739,28455,78081,,
1900,PCGS,MS,63,2248031,San Francisco,2,10.0,10.0,0.0,0.0,5062,3066,193488,214586,30028,34836,118813,73384,28939,81224,,
1891,NGC,MS,62,2192912,Carson City,1,10.0,10.0,0.0,0.0,3667,1499,176588,214708,28771,33999,110396,84768,29090,80560,,
1885,ANACS,MS,65,2298642,Philadelphia,4,9.0,9.0,1.3,1.95,7242,5441,163064,207986,30890,46564,115195,77386,26514,81670,,
1888,NGC,MS,61,2283389,San Francisco,3,9.0,10.0,0.0,0.0,3624,2413,178832,205355,33040,36833,115526,82339,28102,83425,,
1900,PCGS,MS,65,2218504,New Orleans,2,10.0,10.0,0.35,0.0,2160,1824,177534,206241,22452,35024,122949,79465,29041,78219,,
1888,NGC,MS,65,2274271,Philadelphia,1,10.0,10.0,0.0,0.0,1873,2193,185057,211897,25880,40635,124160,82372,23113,77003,,
1881,NGC-GSA,MS,65,2285278,Carson City,1,10.0,10.0,0.0,0.0,6133,3959,166112,208365,22648,34674,107737,81172,23606,79262,,
1904,PCGS,MS,64,1885859,Philadelphia,3,9.0,9.0,3.6,3.6,6205,2585,215816,214909,51691,43330,136075,79198,36165,81962,,
1889,PCGS,MS,62,2364241,New Orleans,2,10.0,10.0,0.0,0.0,4561,2985,188991,211455,38240,36356,118097,81650,28923,79402,,
1904,PCGS-CAC,MS,64,2102772,San Francisco,3,10.0,10.0,2.65,0.35,4434,3931,205729,214987,36535,36580,123536,80550,35159,88574,,
1881,PCGS-CAC,MS,64,2252644,San Francisco,3,9.0,9.0,2.95,0.7,12056,8406,232160,189369,68402,59836,112399,53709,43395,54561,,
1878,PCGS,MS,62,2287702,Philadelphia,1,10.0,10.0,0.0,0.0,4415,1342,202606,208148,34337,36062,113611,75489,28993,75071,,
1880,PCGS,MS,63,2010521,Carson City,1,9.0,9.0,1.75,0.0,2562,2389,204366,225816,30043,39607,113886,72903,30159,82744,,
1891,PCGS,MS,63,2025082,New Orleans,1,10.0,10.0,0.0,0.0,2724,2450,185132,229647,30299,40837,117052,86672,32576,84016,,
1881,NGC,MS,63,2296217,New Orleans,2,10.0,9.0,0.35,0.35,4886,4340,177517,222632,25766,39596,119341,81777,27567,93685,,
1883,NGC-CAC,MS,62,2053608,San Francisco,3,9.0,9.0,3.05,1.65,5376,1375,189482,193888,43159,39072,112349,78030,30618,71997,,
1882,NGC-GSA,MS,63,2288593,Carson City,1,10.0,10.0,0.0,0.0,3600,2527,212020,248375,31385,39396,119355,92222,30003,87691,,
1884,PCGS,MS,66,2291384,Carson City,2,10.0,10.0,0.0,0.0,2416,1527,178589,195080,26856,31751,111133,63505,28103,83821,,
1902,PCGS,MS,65,2232126,New Orleans,2,10.0,10.0,0.0,0.0,2678,4715,179577,207251,26590,38715,116577,82330,28904,76898,,
1885,NGC,MS,62,2298960,San Francisco,2,10.0,9.0,1.0,1.0,6702,3677,148612,192120,28338,34634,107103,79485,22612,81326,,
1881,NGC,MS,64,2181380,San Francisco,3,10.0,9.0,0.65,0.65,5025,1238,190982,182989,39820,31705,102886,66719,35355,70258,,
1888,PCGS,AU,58,2034084,San Francisco,1,9.0,9.0,0.0,0.0,3468,2726,207815,239569,32846,44874,119919,78940,31603,80955,,
1887,PCGS,MS,62,2184428,San Francisco,2,10.0,10.0,0.0,0.0,5875,1455,199092,213236,38945,32364,115711,84610,29352,81415,,
1884,NGC,MS,66,2293094,New Orleans,2,10.0,10.0,0.35,0.35,1524,2445,174348,215698,22289,38691,121548,86784,21118,77963,,
1898,NGC,MS,64,2224465,New Orleans,1,10.0,10.0,0.0,0.0,7079,2010,194125,229687,33480,38744,117536,83660,32527,81971,,
1921,PCGS,MS,65,2063657,Denver,2,10.0,10.0,1.95,0.0,6315,3935,214234,224215,50321,46041,126242,78361,39247,83091,,
1904,PCGS,MS,65,2296697,New Orleans,2,10.0,9.0,0.0,0.0,1188,1074,178347,207493,20196,34892,120272,75983,26776,73035,,
1903,PCGS,MS,66,2295129,Philadelphia,1,10.0,10.0,0.0,0.0,1187,1273,196309,236101,18560,32807,124138,87165,31806,86039,,
1882,NGC-GSA,MS,64,2388304,Carson City,1,10.0,10.0,0.0,0.0,3346,3638,191184,214746,29991,38264,117840,82184,26910,79259,,
1897,NGC,MS,64,2177421,Philadelphia,1,10.0,10.0,0.0,0.0,1637,1585,184792,230993,20368,34702,118068,89842,26585,83191,,
1886,PCGS-CAC,MS,66,2445941,Philadelphia,3,6.0,10.0,4.3,0.0,1079,2817,187075,217389,21249,35785,125554,83634,25459,77851,,
1884,PCGS,MS,66,2235989,Carson City,1,10.0,10.0,0.0,0.0,2665,1657,185841,211000,21436,31197,113188,73759,31247,77931,,
1902,NGC,AU,58,2286608,San Francisco,2,10.0,10.0,0.0,0.0,3321,2561,202012,213396,31783,36397,119538,77796,32194,78881,,
1880,NGC,MS,64,2291412,Carson City,1,10.0,10.0,0.0,0.0,5060,2195,205544,225879,33780,40164,117246,79762,29711,78493,,
1900,NGC,MS,66,2258060,New Orleans,1,10.0,10.0,0.0,0.0,1218,1853,190981,218070,18982,34478,121833,76435,27373,80636,,
1886,NGC,MS,64,1883328,Philadelphia,1,9.0,9.0,1.75,0.0,3981,1875,202725,224882,29902,34858,108660,79581,28080,79355,,
1898,PCGS,MS,67,1888321,Philadelphia,2,10.0,10.0,0.0,0.0,946,1358,188209,240561,18155,35681,115231,89573,34558,89265,,
1901,NGC,MS,64,2291155,New Orleans,1,10.0,10.0,0.0,0.0,2784,1151,182769,193152,26137,33071,120938,76087,24784,72547,,
1888,NGC,MS,64,2064210,New Orleans,2,9.0,10.0,1.65,0.0,2139,2256,186089,232767,29274,38874,119800,86467,32523,86550,,
1887,PCGS-CAC,MS,64,2120306,Philadelphia,3,8.0,8.0,2.6,0.0,3290,3165,175359,186948,32063,35266,99390,69387,29409,79053,,
1903,PCGS,MS,62,2381575,Philadelphia,1,10.0,10.0,0.0,0.0,2048,3540,195614,222420,21517,39317,125562,83550,28736,80117,,
1888,PCGS,MS,63,1858296,Philadelphia,2,9.0,8.0,0.65,0.0,1992,2643,216737,254536,25371,43499,130256,86802,35807,90551,,
1885,PCGS,MS,66,2016562,San Francisco,3,8.0,8.0,4.35,3.3,5378,1998,194337,212991,35942,35287,104718,74793,45552,86276,,
1878,NGC,MS,63,2289113,Philadelphia,2,10.0,10.0,0.0,0.0,2393,1802,179805,222370,25171,34750,113868,78596,25341,83650,,
1902,PCGS,MS,66,2076155,Philadelphia,1,10.0,10.0,0.0,0.0,1096,1593,206927,223098,19504,32642,121150,82081,28669,79791,,
1885,PCGS,MS,65,2011515,Carson City,2,10.0,10.0,1.75,0.0,2836,1206,167466,223971,24670,33665,116746,84117,24913,85499,,
1897,PCGS,MS,63,2016258,San Francisco,1,9.0,8.0,0.0,0.0,3730,1797,184127,219129,34484,35401,104605,72370,30143,82429,,
1880,PCGS,MS,64,2093067,San Francisco,2,10.0,10.0,0.0,0.0,3942,1847,182217,229633,33546,39571,112422,90580,26782,84062,,
1878,NGC,MS,63,2212625,Philadelphia,2,9.0,9.0,0.0,0.0,2697,1202,183187,211192,25982,32797,116381,70573,24013,88127,,
1904,NGC,MS,63,2120295,New Orleans,2,10.0,10.0,0.0,0.65,1763,4167,171813,248493,22102,51833,118685,90096,20942,95608,,
1884,PCGS,MS,64,2093090,Philadelphia,2,10.0,10.0,0.0,0.0,3554,2202,193119,234310,27360,38331,119494,88475,35276,85861,,
1880,PCGS,MS,65,2125969,Philadelphia,2,10.0,10.0,0.0,0.0,3551,2409,210833,232303,36771,39827,119786,80909,33075,84396,,
1893,PCGS-CAC,AU,58,2209413,New Orleans,1,10.0,10.0,0.0,0.0,3070,1538,203593,243896,30426,36802,125109,88094,33900,92169,,
1899,NGC,MS,65,2289652,Philadelphia,1,10.0,10.0,0.0,0.0,2115,1366,173674,209837,24172,36579,117325,80422,25234,75372,,
1921,PCGS,MS,65,2179890,Denver,2,10.0,10.0,0.0,0.0,2599,1631,177280,227368,25923,33975,114969,85380,26890,76157,,
1886,PCGS,MS,64,2257078,Philadelphia,1,10.0,10.0,0.0,0.0,2584,2582,193625,224387,23514,35547,121325,76493,23620,77852,,
1882,PCGS-CAC,MS,64,2236081,Philadelphia,1,10.0,10.0,0.0,0.0,3523,1643,178187,197025,23874,32014,104981,69923,21150,70166,,
1883,PCGS-CAC,MS,65,1888317,Philadelphia,3,10.0,9.0,1.75,0.65,1678,1620,183193,216414,21974,35171,120459,85858,24546,76521,,
1904,NGC,MS,65,2203925,New Orleans,1,10.0,10.0,0.0,0.0,3145,3032,194704,211112,27286,37835,120069,77923,26455,72903,,
1882,PCGS,MS,62,2272129,San Francisco,2,9.0,9.0,0.0,0.65,10862,4486,195301,212622,51171,47706,109053,78387,33762,78971,,
1884,NGC,MS,64,2298698,New Orleans,3,10.0,6.0,0.0,2.95,1991,3568,193525,239218,26054,49561,128319,88293,27121,93940,,
1901,PCGS,MS,64,2293144,San Francisco,2,10.0,10.0,0.0,0.0,5719,4320,226762,221880,54675,47680,130125,82309,34880,85267,,
1888,NGC,MS,62,2384915,Philadelphia,3,10.0,10.0,1.0,0.65,2008,3917,180558,213238,23575,39900,121272,87370,22711,77871,,
1880,NGC-GSA,MS,64,2432448,Carson City,3,9.0,10.0,1.75,0.0,1763,3037,169228,214219,25141,36784,102535,85536,28777,82160,,
1882,PCGS,MS,66,2075323,Carson City,1,10.0,10.0,1.75,0.0,2382,1974,184602,224307,23383,35746,114872,87439,25194,82587,,
1885,PCGS,MS,64,2296631,San Francisco,2,10.0,10.0,0.0,0.0,3716,2614,195594,219660,34798,38785,121939,79938,28583,77477,,
1921,PCGS,MS,65,2232131,Philadelphia,2,10.0,10.0,0.0,0.0,5092,3093,202049,226318,31415,39921,119127,81231,23899,81112,,
1880,PCGS-CAC,MS,66,2244259,San Francisco,2,10.0,10.0,0.0,0.0,3664,1687,185953,220914,27448,34289,116079,80326,24146,85969,,
1880,NGC,MS,65,2298687,San Francisco,3,5.0,10.0,1.3,0.0,6631,2086,209966,217602,53001,37950,130520,78526,34776,75508,,
1887,PCGS,MS,63,2287746,San Francisco,3,9.0,7.0,3.6,1.3,7450,9706,217583,285218,52546,72691,130096,93780,43609,109578,,
1879,PCGS,MS,63,1855258,San Francisco,1,10.0,10.0,1.75,0.0,3915,1602,195575,238304,31883,35558,119412,88708,29514,82899,,
1893,PCGS,MS,62,2287752,Carson City,3,10.0,5.0,0.0,3.25,4079,5224,189397,216215,32334,53068,113050,78001,27180,88188,,
1893,PCGS,MS,61,2110758,Philadelphia,2,10.0,10.0,2.0,0.0,5696,1645,212107,232410,43357,38382,119876,82633,31207,79920,,
1878,PCGS,MS,62,2151922,San Francisco,1,9.0,9.0,0.0,0.0,7314,3669,187148,214195,47731,47247,104534,63451,30188,81081,,
1886,PCGS,MS,60,2279777,New Orleans,3,10.0,10.0,0.0,0.0,8166,3483,215080,221467,46930,46126,130612,80705,38020,88919,,
1883,NGC-GSA,MS,63,2215422,Carson City,1,10.0,10.0,0.0,0.0,2718,2863,180077,241182,23192,38112,104856,86803,29427,86809,,
1883,NGC,MS,63,2274237,New Orleans,4,7.0,9.0,2.3,0.0,11948,4506,187287,206384,58186,34623,125267,82999,30531,74873,,
1900,PCGS,MS,67,2105715,New Orleans,2,10.0,10.0,0.7,0.35,1002,2164,192349,224838,21907,39676,128081,82568,28616,85983,,
1882,NGC-GSA,MS,62,2288587,Carson City,1,10.0,10.0,0.0,0.0,4122,1960,214762,245559,36228,38887,129347,86515,29623,91459,,
1881,PCGS,MS,63,2008514,San Francisco,2,9.0,10.0,3.7,3.6,1905,1398,181311,212584,25692,31990,111232,76418,27178,84802,,
1902,PCGS,MS,64,1855741,New Orleans,3,9.0,9.0,0.65,0.0,2092,3060,186283,230902,27118,40748,117409,91574,36372,87102,,
1903,PCGS,MS,65,2462457,Philadelphia,1,10.0,10.0,0.0,0.0,2279,3459,197697,226027,27430,38677,124005,78466,28053,81393,,
1885,NGC,MS,65,2291091,New Orleans,3,9.0,10.0,0.35,0.0,2466,3584,168527,215657,24748,45394,119171,80479,24852,82924,,
1883,NGC-CAC,MS,64,2298696,New Orleans,2,10.0,10.0,3.6,0.0,4622,2320,213383,239343,42695,41197,131223,88580,35177,92048,,
1884,NGC,MS,64,2067144,Carson City,1,10.0,10.0,0.0,0.0,1665,1465,181731,233825,19003,35788,114484,89196,30547,80275,,
1882,PCGS,MS,61,2289647,New Orleans,2,10.0,10.0,0.0,0.0,4733,3026,192151,214892,34040,40032,129167,84775,30373,82156,,
1885,NGC,MS,65,2203908,New Orleans,1,10.0,10.0,0.0,0.0,3685,2030,190238,216780,26246,38233,123624,80652,23800,76241,,
1878,PCGS,MS,64,2121287,Philadelphia,1,10.0,10.0,0.0,0.0,2553,1179,184410,219966,24344,33548,114350,83065,25277,78523,,
1878,PCGS,MS,63,2093065,Carson City,2,10.0,10.0,1.05,0.0,5954,1427,180804,228233,39984,37946,102634,78323,21759,80893,,
1888,PCGS,MS,64,2125908,New Orleans,1,10.0,10.0,0.0,0.0,4512,2457,213880,245369,35130,40115,123051,85816,36701,90578,,
1901,PCGS,AU,58,2298932,San Francisco,1,10.0,10.0,0.0,0.0,5478,3908,183831,216806,30953,36942,120250,83637,28054,80420,,
1899,PCGS,MS,65,2163352,Philadelphia,2,10.0,10.0,0.0,0.0,2513,1854,204966,251370,26865,38747,123034,87459,33418,88549,,
1900,PCGS,MS,65,2009589,New Orleans,1,10.0,9.0,0.0,0.0,1688,1658,198041,231904,20793,34756,119736,87864,32372,88981,,
1886,PCGS,AU,58,2296632,New Orleans,2,10.0,10.0,0.0,0.0,3147,1358,188413,221583,30503,35244,123233,82203,26532,85837,,
1894,PCGS,MS,61,2286247,Philadelphia,1,10.0,10.0,0.0,0.0,2725,2142,186729,213130,25944,36422,119764,75589,29339,81616,,
1899,PCGS,MS,63,2025090,Philadelphia,2,10.0,10.0,0.0,0.0,2360,2611,182747,235314,28841,44225,114063,90249,31552,83728,,
1897,PCGS-CAC,MS,67,2258053,Philadelphia,4,7.0,9.0,2.65,3.95,3490,2120,216784,230460,44023,45641,128054,80521,35197,90187,,
1884,NGC-GSA,MS,62,2288581,Carson City,1,10.0,10.0,0.0,0.0,4516,2457,198812,244669,33877,41422,131479,86178,28939,88228,,
1886,PCGS,AU,55,2244380,New Orleans,2,10.0,10.0,0.0,0.0,4668,3108,200434,224112,32450,37393,122232,84495,32683,82163,,
1903,PCGS,MS,65,2110799,Philadelphia,2,9.0,9.0,0.35,1.0,2919,2428,204281,208042,24028,35066,128150,80547,28749,81666,,
1882,PCGS,MS,64,2287708,New Orleans,1,10.0,10.0,0.0,0.0,1778,2829,181357,203701,23929,38205,125444,79351,19709,73122,,
1892,PCGS,MS,63,2278055,Carson City,2,10.0,9.0,0.0,0.65,7669,2183,217375,220553,48142,46287,122983,70617,34656,89535,,
1900,NGC,MS,64,2224466,New Orleans,1,10.0,10.0,0.0,0.0,4059,2252,188384,214280,21885,33869,115242,78335,27807,78487,,
1888,NGC,MS,63,2274265,New Orleans,3,9.0,10.0,1.65,0.0,6520,1697,187279,207131,41530,37696,113620,80639,26424,78225,,
1881,PCGS,MS,65,2296623,Carson City,2,10.0,10.0,0.0,0.65,2929,4273,197981,242909,27391,44177,126128,88303,28606,90875,,
1895,PCGS,MS,65,1880910,San Francisco,2,10.0,9.0,1.95,3.25,2638,1948,206679,257132,29786,41421,115501,89136,35766,91946,,
1885,PCGS-CAC,MS,64,2295609,New Orleans,3,10.0,10.0,0.35,0.0,2032,2336,147635,190823,26076,36952,100662,68803,21769,75464,,
1892,NGC,MS,64,2298217,New Orleans,3,7.25,6.0,1.95,2.6,2537,1975,172337,237282,28537,42508,121287,90960,24505,91780,,
1903,PCGS,MS,67,2269091,New Orleans,1,10.0,10.0,0.0,0.0,3432,2889,179711,199453,20304,37432,116196,68463,19496,71219,,
1879,PCGS,MS,63,2177351,Philadelphia,3,10.0,10.0,0.0,0.0,6705,2294,164916,222465,28772,34258,110920,81883,23843,77690,,
1890,NGC-CAC,MS,64,2286262,San Francisco,1,10.0,10.0,0.0,0.0,2054,1173,182268,217757,19770,36190,114625,76197,26862,77685,,
1904,PCGS,MS,62,1857747,New Orleans,2,10.0,10.0,0.35,0.0,4578,3485,198555,222699,38795,45369,125180,80055,30283,87391,,
1879,PCGS,MS,63,2084729,Philadelphia,1,10.0,10.0,0.0,0.0,3263,2549,212427,262001,27041,40586,120392,86808,30335,91730,,
1894,PCGS,AU,58,1873277,New Orleans,2,10.0,9.0,0.0,0.65,2064,2732,194525,263133,26048,42948,122078,93435,36008,98333,,
1903,PCGS,MS,65,2232127,Philadelphia,2,10.0,10.0,0.0,0.0,3243,3090,184856,198883,26776,35642,125701,75614,26455,82561,,
1884,PCGS-CAC,MS,65,2179872,Carson City,1,10.0,10.0,0.0,0.0,1819,1892,184462,228672,25363,36767,116851,89008,31836,82904,,
1898,PCGS,MS,63,2035632,Philadelphia,2,10.0,9.0,1.3,0.65,2276,1590,204633,236004,31175,38861,125147,87989,35257,88436,,
1897,PCGS-CAC,MS,63,2028559,San Francisco,1,9.0,9.0,0.65,0.0,3002,1401,202257,244685,31395,36280,116094,87605,29844,88646,,
1889,PCGS,MS,65,2163351,Philadelphia,1,10.0,10.0,0.0,0.0,2743,2241,220513,254036,29987,40876,123303,86087,35978,85349,,
1886,PCGS,MS,63,2293763,Philadelphia,2,9.0,7.25,0.0,0.65,6135,3858,192753,208611,41105,48369,106040,62333,33404,85865,,
1904,NGC,MS,66,2056693,New Orleans,3,9.0,10.0,1.65,1.0,2792,1253,188610,199324,29237,35301,126566,80403,31009,69679,,
1898,NGC,MS,63,2274325,New Orleans,2,10.0,10.0,0.0,0.0,1782,3385,173087,215878,24152,41003,123007,85786,25417,80721,,
1889,PCGS,MS,66,2241104,Philadelphia,1,10.0,10.0,0.0,0.0,2095,2010,189480,212362,20370,34932,117187,74703,20682,73291,,
1921,NGC,MS,63,2068719,Denver,3,10.0,10.0,0.0,1.0,3781,3241,212365,235718,40433,45731,129310,89544,32102,82714,,
1887,NGC,MS,61,2440129,New Orleans,3,8.0,10.0,2.3,2.95,5720,2070,198019,210305,44159,37616,122887,83996,32986,80370,,
1886,NGC,MS,67,2451984,Philadelphia,1,10.0,10.0,0.0,0.0,1039,2374,187407,219017,21595,39113,121332,76720,22581,80148,,
1882,PCGS-CAC,MS,64,2016217,New Orleans,1,10.0,9.0,1.75,0.0,2404,2041,193700,229247,28263,36046,125059,86426,28100,81528,,
1903,PCGS,MS,66,2408927,San Francisco,1,10.0,10.0,0.0,0.0,1960,2525,193440,206753,22797,36743,129060,78044,25908,74323,,
1904,NGC,MS,64,2298707,New Orleans,3,10.0,9.0,0.0,3.6,2701,4366,196016,191909,32082,48722,130372,70256,28800,81469,,
1883,NGC,MS,60,2293137,San Francisco,1,10.0,10.0,0.0,0.0,5158,1355,202386,201290,39396,36043,118417,71803,31372,75706,,
1879,PCGS,MS,67,2113747,San Francisco,1,10.0,10.0,0.0,0.0,2323,1155,191917,235712,21738,34977,110986,83200,25966,80952,,
1882,PCGS-CAC,MS,66,2284089,San Francisco,1,10.0,10.0,0.0,0.0,2674,2157,169205,194852,20961,34452,109471,72502,21463,68072,,
1921,PCGS,AU,55,1857740,Philadelphia,4,10.0,10.0,0.35,0.35,8844,4602,214525,251536,48504,50364,131612,88820,28873,87275,,
1921,NGC,MS,63,2120296,Philadelphia,2,10.0,10.0,0.0,0.0,2591,2450,202662,246310,22997,41097,125308,91026,29393,82459,,
1888,NGC,MS,63,2386885,New Orleans,2,10.0,10.0,0.0,0.0,3305,4044,183016,226746,29306,42182,121875,84236,29065,85063,,
1884,PCGS-CAC,MS,67,2408839,Philadelphia,2,10.0,10.0,0.0,0.0,1289,2395,195623,225131,21358,35726,121043,83481,26934,76286,,
1900,PCGS,MS,62,2194909,New Orleans,2,10.0,10.0,0.0,0.0,1341,1795,177029,222081,18804,33253,123283,89530,25222,78726,,
1885,PCGS,MS,63,1855783,New Orleans,2,10.0,10.0,0.0,0.0,3323,1251,202898,235127,29185,35364,125331,89244,35228,88566,,
1891,NGC,MS,62,2128813,Carson City,2,10.0,10.0,0.0,0.0,4594,2729,212015,244897,37312,37598,124923,90059,39036,90537,,
1888,PCGS,MS,64,2194923,New Orleans,2,10.0,10.0,0.0,0.0,2314,1394,185108,220915,24563,31344,114979,85734,28960,82844,,
1893,PCGS,MS,63,2207949,Philadelphia,2,10.0,10.0,0.65,0.0,2138,1657,147252,199340,23747,31731,109519,78502,18522,75947,,
1878,NGC-CAC,MS,64,2102791,Carson City,1,9.0,9.0,1.05,0.0,5744,4328,194692,188795,38042,43136,115944,64726,27466,78273,,
1892,PCGS,MS,65,1875304,New Orleans,2,10.0,10.0,1.95,1.3,2051,2074,193139,230980,24558,37929,120137,92181,33968,85040,,
1881,PCGS-CAC,MS,63,2283412,San Francisco,3,8.0,7.0,0.35,1.65,3684,3159,182303,234947,32739,46535,126084,83953,24998,88522,,
1898,PCGS-CAC,MS,65,2463003,New Orleans,2,10.0,10.0,0.35,0.35,1941,3078,177563,238298,28108,42421,123670,85391,27226,90002,,
1886,PCGS,MS,65,2087177,Philadelphia,2,8.0,10.0,3.95,0.0,1891,2273,200759,252109,26550,38710,121489,88885,33390,87537,,
1885,PCGS,MS,64,2289674,Philadelphia,3,9.0,10.0,3.95,0.35,6802,1670,233962,220906,52605,43228,135885,76075,34772,83365,,
1878,NGC,AU,55,2263056,Philadelphia,3,10.0,9.0,2.3,2.95,4274,6509,205529,256807,35939,63436,119657,88584,39822,100684,,
1903,PCGS,MS,62,2364280,Philadelphia,2,9.0,10.0,0.0,0.0,1723,3471,200478,218245,23909,41485,129411,82541,32982,84907,,
1887,PCGS-CAC,MS,63,2235492,Philadelphia,2,10.0,9.0,0.0,0.0,4775,2563,172844,185536,36037,32549,102836,62946,31497,75761,,
1904,PCGS,MS,64,1856887,New Orleans,3,10.0,10.0,0.0,0.0,6035,1855,205274,222801,35620,35914,123646,71396,33724,85823,,
1886,PCGS,MS,62,2462920,Philadelphia,2,10.0,10.0,1.75,0.35,2834,2903,182746,227816,27418,37578,121102,87091,27716,82628,,
1904,PCGS-CAC,MS,63,2009624,San Francisco,3,9.0,10.0,2.6,1.3,2206,1850,210973,241516,28239,38125,119567,84995,32169,85485,,
1899,PCGS,MS,67,2250043,San Francisco,2,10.0,10.0,0.0,0.0,2937,1808,184869,215992,25669,33996,114700,78255,30707,84863,,
1891,NGC,AU,58,2382950,San Francisco,3,10.0,10.0,1.95,0.0,3031,3936,197932,221278,30761,41228,125522,83411,31339,83884,,
1878,PCGS,AU,58,2223959,Philadelphia,2,10.0,10.0,0.0,0.0,4992,2272,186034,213115,36833,36761,119424,82616,27322,85378,,
1888,NGC,MS,62,2287571,New Orleans,2,9.0,9.0,0.0,0.0,2287,1820,178119,218733,26562,34543,122061,83949,28609,81220,,
1899,PCGS,MS,66,2408874,Philadelphia,2,10.0,10.0,0.0,0.0,1814,1413,195940,221672,20963,33132,119690,76654,29087,81327,,
1878,PCGS-CAC,MS,63,2078677,Carson City,1,10.0,10.0,1.05,0.0,3261,2920,192526,226572,29476,38031,112597,84264,29642,79578,,
1881,NGC,MS,64,2289120,San Francisco,2,8.0,9.0,1.65,0.0,2419,1617,164256,188558,26699,38859,114699,65982,19305,71555,,
1891,PCGS,MS,64,2291142,New Orleans,1,10.0,10.0,0.0,0.0,1887,1738,167033,196720,26543,33957,108679,76101,23611,77672,,
1883,PCGS,MS,66,2291867,Philadelphia,1,10.0,10.0,0.0,0.0,1536,1629,216550,237194,25923,36163,128912,83566,29764,82857,,
1887,NGC,MS,64,2299616,Philadelphia,3,9.0,9.0,0.0,0.0,3153,3459,180497,198683,28540,42915,123803,76516,23264,71041,,
1884,PCGS,MS,66,2291859,Carson City,1,10.0,10.0,0.0,0.0,1652,1518,186372,236982,20890,36208,117356,86932,30278,81672,,
1878,NGC,MS,64,2151983,Philadelphia,4,7.0,8.0,3.25,2.6,10904,6019,209051,225488,61986,59628,135341,83396,32791,93052,,
1892,NGC,MS,64,2260562,New Orleans,4,9.0,9.0,2.0,2.95,5139,2976,213280,254360,40763,46282,124378,87674,38538,97222,,
1878,PCGS,MS,62,2259691,Philadelphia,2,10.0,9.0,0.0,0.0,6136,1872,179220,212968,33220,33800,102273,68810,25494,75483,,
1883,NGC,MS,65,2455923,Philadelphia,2,10.0,10.0,0.0,0.0,828,1880,187333,228242,17692,36952,121934,81063,27195,83931,,
1891,PCGS,MS,64,2054751,San Francisco,2,10.0,10.0,2.6,2.6,2377,2328,188791,226958,25407,39148,111816,86121,31426,80763,,
1891,NGC,MS,65,2289649,San Francisco,3,10.0,10.0,0.0,0.0,4243,2389,185315,215738,30516,37758,110872,67068,30341,96679,,
1888,NGC,MS,62,2291133,Philadelphia,2,10.0,10.0,0.0,0.0,3386,2380,185568,182100,28656,32950,126106,72855,25196,71403,,
1899,PCGS-CAC,MS,63,2078697,San Francisco,2,10.0,10.0,0.0,0.65,1801,1573,200283,231780,25897,36319,123334,87941,31876,82319,,
1878,PCGS-CAC,MS,64,2408914,Philadelphia,2,9.0,9.0,1.7,1.65,2775,1952,186592,190189,28479,34802,112257,65245,29143,77513,,
1891,NGC,MS,63,2248074,Philadelphia,1,10.0,10.0,0.0,0.0,2907,2646,193469,206573,26779,40260,120932,75140,25832,75553,,
1896,NGC,AU,58,2273742,New Orleans,2,9.0,9.0,0.0,0.0,6406,2746,226383,233839,50746,38882,136203,86837,39846,88501,,
1882,PCGS,MS,65,2257061,Philadelphia,1,10.0,10.0,0.0,0.0,2864,2775,185704,230376,18968,36652,114728,82201,30079,84093,,
1890,ANACS,MS,63,2457090,Philadelphia,1,10.0,10.0,0.0,0.0,2507,2775,186346,221144,25640,38596,123840,85032,21661,76966,,
1901,NGC-CAC,MS,64,2279081,New Orleans,3,10.0,9.0,2.3,0.7,3280,1766,205274,215236,32685,44246,130929,71167,26880,84449,,
1885,NGC,MS,66,2290075,New Orleans,1,9.0,10.0,0.0,0.0,2166,1547,138581,176498,19380,32135,97984,59572,27161,74892,,
1887,PCGS,MS,64,2439429,Philadelphia,1,10.0,9.0,1.05,0.0,4310,3384,179982,200625,30063,35895,111280,78677,26039,76021,,
1884,PCGS,MS,66,2036079,Carson City,1,10.0,10.0,1.75,0.0,1571,1561,186586,232722,20895,35462,117435,85401,30357,81214,,
1899,NGC,MS,62,2420839,San Francisco,1,9.0,9.0,0.0,0.0,4074,1871,203268,225398,30569,33699,125832,84911,31269,83430,,
1883,PCGS,MS,63,1872288,Carson City,2,9.0,8.0,1.75,0.0,2000,935,196180,216958,27846,31925,110579,75024,29019,83950,,
1891,PCGS,MS,63,2257091,Philadelphia,2,10.0,10.0,0.0,0.0,4179,1898,160172,170713,28773,33095,116403,68040,17471,68895,,
1894,NGC,AU,58,2291865,New Orleans,1,10.0,10.0,0.0,0.0,4405,1612,220283,233623,35369,33758,129824,84536,34145,83702,,
1880,PCGS,MS,64,2097755,San Francisco,1,10.0,9.0,0.0,0.0,2263,2498,194672,230846,27146,42154,108477,75932,27003,82723,,
1881,PCGS,MS,68,2188899,San Francisco,1,10.0,10.0,0.0,0.0,2357,958,185432,221478,21505,33768,109121,77362,24636,78090,,
1884,PCGS,MS,65,1853838,New Orleans,2,10.0,10.0,3.7,1.3,1911,1560,180484,228808,26133,35494,119795,91194,26931,86429,,
1880,PCGS,MS,65,2289592,San Francisco,1,10.0,10.0,0.0,0.0,2011,1892,210785,246172,26551,40198,124170,85759,27161,83989,,
1880,NGC,MS,63,1855755,San Francisco,1,10.0,10.0,0.0,0.0,5717,2253,218421,226961,36106,34328,124907,76215,32205,88127,,
1883,PCGS,MS,65,2064165,Carson City,1,10.0,10.0,1.75,0.0,2064,1239,191327,239188,23900,35859,113837,86540,29877,83615,,
1879,NGC,MS,65,2084716,San Francisco,1,10.0,10.0,0.0,0.0,2141,1136,184660,205897,22622,29168,107560,69547,26388,81087,,
1896,PCGS,MS,65,2040086,Philadelphia,2,10.0,10.0,0.0,0.0,1440,1977,202238,227184,22526,32378,120499,79976,31098,85184,,
1878,PCGS,MS,65,2290573,Philadelphia,1,10.0,10.0,0.0,0.0,1035,2149,184489,206588,19252,35609,102988,69880,25431,73564,,
1881,ICG,MS,63,2273705,Carson City,2,10.0,10.0,0.0,0.0,2803,2130,178938,206962,28989,37255,112751,77260,27215,73965,,
1903,PCGS,MS,66,2258526,San Francisco,1,10.0,10.0,0.0,0.0,3771,1707,196392,200313,25374,33818,121516,75786,27308,76363,,
1889,PCGS,MS,63,2293190,Philadelphia,2,10.0,10.0,0.0,0.0,3599,2570,199629,237564,32404,39809,123113,86871,24055,83926,,
1897,PCGS-CAC,AU,58,2151936,New Orleans,3,10.0,10.0,0.65,0.65,3597,3387,208114,254580,38042,42477,130465,90965,36553,95007,,
1878,PCGS,MS,64,2205917,Philadelphia,2,10.0,10.0,0.0,0.0,3143,2025,182453,199172,26454,33046,101367,64374,27755,74452,,
1904,PCGS,MS,62,2462932,New Orleans,2,10.0,10.0,0.0,0.35,3406,2445,199302,225289,32684,37150,132626,84571,27482,85820,,
1881,PCGS,MS,66,2156826,San Francisco,2,10.0,10.0,0.0,0.0,1857,1690,204629,232767,26510,38758,123046,73476,23019,83299,,
1886,PCGS,AU,55,2236049,New Orleans,1,10.0,10.0,0.0,0.0,5506,2156,197699,219511,31315,36010,123036,81458,28689,76696,,
1880,NGC,MS,65,2363342,San Francisco,1,10.0,10.0,0.0,0.0,2247,3024,175693,195876,23286,39269,118880,76571,23733,76407,,
1887,PCGS,MS,64,2362372,San Francisco,2,10.0,10.0,0.0,0.0,4309,3752,196100,201456,37032,39906,126905,78645,26965,78986,,
1899,PCGS,AU,58,2278089,San Francisco,3,10.0,10.0,0.0,2.6,3573,2260,188821,250315,37089,42536,129390,91424,27259,93122,,
1880,PCGS,MS,64,2223006,San Francisco,1,9.0,9.0,0.0,0.0,5334,1451,175831,194319,33860,32136,95680,64780,25491,72799,,
1888,PCGS,MS,64,2451057,New Orleans,2,10.0,10.0,0.0,0.0,1341,2154,186103,231069,23330,37074,124547,80198,26806,85810,,
1898,PCGS-CAC,MS,64,1888310,New Orleans,3,8.0,7.0,0.35,0.35,3435,1745,162160,184096,30952,32231,102933,63521,27200,73126,,
1891,PCGS,MS,61,2394837,Carson City,2,10.0,10.0,0.0,0.0,3568,4357,181785,235058,29831,43877,117346,89519,27507,81598,,
1892,PCGS,MS,61,2291388,Carson City,1,10.0,10.0,0.0,0.0,2148,2408,199292,218687,27080,41446,113976,67943,29794,82113,,
1894,PCGS,AU,55,2226460,San Francisco,2,10.0,10.0,0.0,0.0,5896,1802,196227,227968,35392,37854,127195,85188,28994,81499,,
1904,NGC,MS,62,2285311,New Orleans,2,10.0,10.0,0.0,0.0,3460,1972,190013,205635,32871,34497,124010,80996,24993,78235,,
1899,PCGS,MS,66,2247997,Philadelphia,3,9.0,9.0,1.35,1.35,6511,2843,233307,192611,47979,36894,129997,68475,48024,84014,,
1889,PCGS,MS,64,2263148,New Orleans,2,10.0,10.0,0.0,0.0,3542,2287,186520,197434,25159,31613,116448,74857,31768,81721,,
1884,NGC,MS,63,2369679,New Orleans,2,10.0,10.0,1.75,0.0,3877,3106,187123,203570,33191,37688,120539,78171,32127,77356,,
1921,NGC,MS,64,2288201,Philadelphia,3,10.0,10.0,0.0,0.0,2914,2150,201256,217189,30340,36180,122423,83826,26278,72731,,
1885,NGC,MS,62,2298987,San Francisco,2,10.0,10.0,0.0,0.0,4995,3622,165501,210494,29905,39164,112018,79244,22260,75946,,
1899,NGC,MS,63,2298218,Philadelphia,2,9.0,10.0,0.0,0.0,2724,1452,192023,224821,29745,39751,130395,87430,25699,85869,,
1879,NGC-CAC,MS,66,2218965,San Francisco,2,10.0,9.0,0.0,0.0,1247,1602,167539,193320,22157,29420,100236,66735,25333,76425,,
1890,PCGS,MS,63,2252530,Philadelphia,3,9.0,9.0,3.6,3.6,6878,2351,209217,221144,52331,47066,127161,80330,34988,76839,,
1896,PCGS,MS,64,1880911,San Francisco,1,10.0,10.0,0.0,0.0,2065,972,209328,230239,25749,32473,122732,84678,31367,83270,,
1889,PCGS-CAC,MS,64,2231590,New Orleans,2,10.0,10.0,0.0,0.0,5076,3730,180200,203931,33222,37051,113865,74950,28832,81132,,
1881,PCGS,MS,63,1857749,San Francisco,2,8.0,9.0,1.75,0.35,4994,1567,206125,231217,39756,37343,114257,84552,30065,81507,,
1904,PCGS,MS,66,2295131,New Orleans,2,10.0,10.0,0.65,1.35,2420,2738,199234,227424,23244,38491,122559,81578,28046,82961,,
1881,NGC,MS,65,2413375,San Francisco,1,9.0,9.0,1.75,0.0,1922,1287,184837,207738,24349,36546,123391,71994,20428,73407,,
1878,PCGS,MS,61,2298796,Philadelphia,2,10.0,10.0,0.0,0.0,5073,2531,210501,222409,41312,38228,123588,83685,30841,87493,,
1880,PCGS,MS,63,2248052,New Orleans,2,10.0,10.0,0.0,0.0,3831,2459,196124,229651,25400,36756,120926,78134,24721,78954,,
1885,NGC,MS,65,2291077,New Orleans,3,10.0,7.0,0.0,3.6,2840,4673,166810,213496,26132,48863,109893,77958,23882,81190,,
1878,NGC,MS,64,2298772,San Francisco,2,9.0,9.0,0.0,0.0,2398,2048,184463,212798,31342,40285,115008,81322,28531,82777,,
1884,PCGS,MS,66,2254635,Carson City,1,10.0,10.0,0.0,0.0,3459,1488,182313,211978,26231,32773,114951,75858,29235,80192,,
1884,PCGS,MS,65,2169458,Carson City,1,10.0,10.0,0.0,0.0,2974,1851,164223,188995,21887,34056,100531,68214,19152,64028,,
1881,PCGS-CAC,MS,64,2078683,New Orleans,2,10.0,9.0,1.75,0.0,2218,1277,203490,244694,29922,35707,125246,87124,32482,92838,,
1896,PCGS,MS,66,2295117,Philadelphia,2,10.0,9.0,0.0,0.7,1832,1986,196142,203180,22917,38323,125286,73088,28854,78579,,
1885,PCGS,MS,64,2188916,New Orleans,2,9.0,9.0,0.0,0.65,6556,4189,140414,175033,33686,33825,88812,66927,35756,73795,,
1878,PCGS,MS,61,2232066,Carson City,1,10.0,10.0,0.0,0.0,9831,3302,193056,205189,47446,38223,113013,80127,26874,74843,,
1904,NGC,MS,64,2274239,New Orleans,3,9.0,10.0,0.35,0.0,1901,2750,178375,218960,28595,38772,124326,86997,24503,83150,,
1880,PCGS,MS,65,2248005,San Francisco,2,10.0,10.0,0.0,0.0,4201,1902,180755,212384,26174,33527,110537,76903,26893,79479,,
1878,NGC,MS,62,2062875,Philadelphia,1,10.0,10.0,0.0,0.0,3831,1083,195079,246550,40680,34613,117204,84349,28865,90453,,
1884,PCGS,MS,65,2010022,Carson City,3,9.0,10.0,2.4,0.0,2294,1196,170235,208927,26065,32481,101833,82495,31981,80933,,
1883,NGC,MS,63,2273718,Carson City,2,9.0,9.0,0.0,0.0,6068,2653,192812,183781,38581,35844,115215,73293,27520,71735,,
1879,PCGS-CAC,MS,61,2265094,Carson City,3,9.0,7.0,1.95,2.3,5237,4637,206016,222980,42176,45654,120642,82095,36166,85661,,
1880,NGC,MS,63,2030663,San Francisco,1,8.0,7.0,1.75,0.0,4789,1266,173903,199057,37812,36249,105550,70299,25149,78149,,
1887,PCGS,MS,62,2287736,Philadelphia,3,9.0,9.0,0.65,0.0,1977,2477,177789,238169,28222,37604,121484,86920,23337,91385,,
1881,PCGS-CAC,MS,66,1875296,Carson City,0,9.0,7.0,1.75,0.0,2956,1914,174289,164266,28946,29999,103727,54924,33257,72833,,
1878,PCGS,MS,63,2289597,San Francisco,2,10.0,10.0,0.0,0.0,2965,2024,187193,194272,30275,35623,109854,69948,29391,76455,,
1881,NGC,MS,64,2295088,Philadelphia,1,10.0,10.0,0.0,0.35,1908,1731,206867,252580,21013,40246,120050,87862,33342,95120,,
1889,PCGS,MS,63,2189397,Philadelphia,2,10.0,10.0,0.0,0.0,2609,2257,190135,240608,25900,37408,116774,90023,28812,83525,,
1882,PCGS,MS,61,2182952,New Orleans,2,10.0,10.0,0.0,0.0,9977,3768,208404,244399,51756,48400,125956,85869,31583,91309,,
1890,NGC-CAC,MS,64,2258118,Philadelphia,1,10.0,10.0,0.0,0.0,3649,2763,188098,211256,27661,39626,121718,77982,24919,76660,,
1899,PCGS,MS,64,1873889,New Orleans,2,10.0,10.0,0.0,0.0,2404,1678,188794,238282,28741,37037,116996,89878,30773,85246,,
1885,PCGS,MS,64,2016238,Carson City,2,10.0,9.0,1.75,0.0,2124,1537,185336,236907,25411,37242,108336,84481,27582,84427,,
1880,PCGS,MS,65,2437978,San Francisco,2,10.0,10.0,1.75,0.0,1849,1597,174027,200490,25435,32191,113949,75801,22374,80128,,
1903,NGC,MS,63,2298802,Philadelphia,2,10.0,10.0,0.0,0.0,2275,2001,191750,191701,27011,37558,127139,77269,27197,76135,,
1884,NGC,MS,66,2273729,New Orleans,1,10.0,10.0,0.0,0.0,530,1523,174321,206910,17468,34162,112683,77079,25492,79437,,
1881,PCGS,MS,64,2290085,San Francisco,1,9.0,9.0,0.0,0.0,2823,1846,184407,220902,34192,41757,112307,73901,27375,82677,,
1891,PCGS,MS,62,2152013,Carson City,1,10.0,10.0,0.0,0.0,6027,2437,213188,242797,43675,42684,123143,86829,36057,86093,,
1880,NGC,MS,64,2283149,San Francisco,3,10.0,10.0,0.0,0.35,3802,1751,169296,178828,29517,34956,105638,68499,26442,71188,,
1891,NGC,AU,58,2223516,San Francisco,2,10.0,10.0,0.0,0.0,7002,2958,175035,192005,36659,39589,112692,78026,25017,68354,,
1887,PCGS,MS,63,2447926,Philadelphia,3,10.0,10.0,1.7,0.0,2320,1338,196328,221107,29622,34236,120480,81731,30052,81242,,
1884,PCGS,MS,65,2183884,Carson City,1,10.0,10.0,0.0,0.0,1699,1261,182764,221892,20963,32964,113681,87349,30596,81850,,
1897,PCGS-CAC,MS,63,2078696,San Francisco,2,10.0,10.0,0.0,0.0,3615,2402,194891,227080,32098,36692,116806,81564,34624,89686,,
1885,PCGS,MS,65,2296229,Philadelphia,2,10.0,10.0,0.0,0.0,1403,2165,191453,220834,21447,36472,121198,78714,23083,72129,,
1921,PCGS,MS,64,1856744,San Francisco,3,7.0,10.0,1.65,0.0,17152,5613,264881,245244,81704,51758,138110,88256,50131,89950,,
1900,PCGS,MS,63,1855334,New Orleans,2,10.0,10.0,0.0,0.35,2132,2781,197599,243979,26393,40272,126428,91570,29800,86073,,
1885,NGC-CAC,MS,66,2273731,Philadelphia,1,9.0,9.0,0.0,0.0,3045,1813,194056,212521,28265,36648,120162,74508,24249,77551,,
1889,PCGS,MS,63,2065675,Philadelphia,1,10.0,10.0,0.0,0.0,4473,3429,208611,242350,33554,41684,121362,86191,30168,77711,,
1897,PCGS,MS,63,1883365,San Francisco,2,10.0,10.0,0.0,0.0,3586,1370,199161,249418,33374,37777,110427,84780,32503,84731,,
1878,NGC,MS,63,2291657,Philadelphia,2,10.0,10.0,0.65,0.65,2468,2811,171400,235991,26467,41201,105974,89921,29303,92988,,
1892,PCGS,MS,65,2016574,Carson City,1,10.0,10.0,0.0,0.35,1908,2017,194511,232263,23625,37874,117161,85677,30737,83412,,
1899,PCGS,MS,67,2081157,New Orleans,1,10.0,10.0,0.0,0.0,2033,2852,195920,223073,20564,39946,124433,75302,31102,85001,,
1883,PCGS,MS,66,2160398,Carson City,1,10.0,10.0,0.0,0.0,2003,2193,207768,243965,26468,39576,117827,82620,37742,85951,,
1892,PCGS-CAC,MS,63,2234532,Carson City,3,9.0,10.0,0.0,0.0,5219,2667,171769,193557,35862,32654,116125,80450,29831,76373,,
1886,NGC,MS,63,2248080,San Francisco,1,10.0,10.0,0.0,0.0,4373,1411,198483,227352,29755,32915,121257,81450,28628,80731,,
1903,PCGS,MS,66,1853714,Philadelphia,3,9.0,6.0,2.3,4.3,7434,9540,197162,235226,41719,56099,123008,84731,28106,86653,,
1901,NGC,MS,64,2248058,New Orleans,3,8.0,10.0,2.0,0.0,6734,1933,214265,233150,47168,38669,124925,77724,39186,93494,,
1921,PCGS,MS,65,2232130,San Francisco,2,10.0,10.0,0.0,0.0,5025,2537,178087,204922,30852,33218,121851,85257,23752,74167,,
1898,PCGS,MS,61,1883822,San Francisco,2,9.0,10.0,0.35,0.0,4734,1530,198595,240267,37189,36445,121128,90925,26162,82933,,
1879,PCGS,AU,58,2249090,New Orleans,2,10.0,10.0,0.0,0.0,3272,2296,193830,231834,24625,38339,120647,79498,26964,77243,,
1878,NGC,MS,63,2291671,Philadelphia,1,10.0,10.0,0.0,0.0,2636,2056,178732,208012,20920,29753,113226,64016,24098,84030,,
1882,NGC-GSA,MS,65,2285275,Carson City,1,10.0,10.0,0.0,0.0,5662,3920,174633,213619,22839,36306,105392,82420,32337,78599,,
1880,PCGS,MS,64,2092730,San Francisco,3,9.0,10.0,3.7,0.0,4696,1933,194774,230464,35276,37174,107994,82991,30904,82231,,
1885,PCGS,MS,64,2054146,Philadelphia,1,7.0,5.0,1.75,0.0,5547,2780,184560,192685,40062,35547,105978,65362,38756,81582,,
1881,NGC,MS,65,2363358,San Francisco,1,10.0,10.0,0.0,0.0,2556,3910,178361,207986,25190,44982,119235,72332,23286,75205,,
1883,PCGS-CAC,MS,66,2100739,Philadelphia,3,10.0,10.0,4.35,0.35,2623,2607,185524,236493,27015,38089,119918,90478,32627,87847,,
1887,NGC,MS,63,1855775,Philadelphia,2,10.0,10.0,0.0,0.0,3569,1772,205324,208383,36706,38012,126733,79184,29854,79333,,
1882,PCGS,MS,64,2249122,New Orleans,2,10.0,10.0,0.0,0.0,2974,2205,176191,211919,22781,38224,120370,79206,27501,76536,,
1881,NGC,MS,64,2085734,San Francisco,2,9.0,9.0,1.75,0.0,3698,1271,163864,212572,30174,30994,101458,76287,22727,82747,,
1891,PCGS,MS,63,2231484,Carson City,1,10.0,10.0,0.0,0.0,6147,2838,196930,215070,41086,35989,118534,80714,28075,78163,,
1882,PCGS,MS,64,2114244,Carson City,2,10.0,10.0,0.0,0.0,1753,1692,163306,209111,22293,34204,113776,88600,20612,74754,,
1883,PCGS-GSA,MS,64,2048761,Carson City,2,9.0,9.0,1.75,0.0,1590,1054,179995,207243,25120,31966,107565,70861,24137,80342,,
1900,NGC,MS,63,2248527,New Orleans,2,10.0,10.0,0.0,0.0,2605,3299,188503,216093,24350,38821,121753,78876,26479,79295,,
1878,NGC,MS,63,2252506,Philadelphia,2,10.0,10.0,0.0,0.0,4493,2149,188008,213767,29208,35906,117238,77814,27360,80163,,
1885,PCGS-CAC,MS,67,2067694,New Orleans,1,10.0,10.0,1.75,0.0,1426,1585,181728,237744,21250,34765,116654,87322,33759,83911,,
1900,PCGS,MS,65,2463009,Philadelphia,1,10.0,10.0,0.0,0.0,1330,3306,176669,221879,21559,41458,122477,83702,23033,78272,,
1903,PCGS,MS,64,1883366,Philadelphia,3,10.0,6.0,0.65,3.25,6925,6456,217083,269388,46006,62644,124804,82943,32235,107965,,
1882,NGC,MS,67,2164330,San Francisco,2,10.0,10.0,0.0,0.0,2688,1220,208627,228183,25941,36710,120101,81224,31965,79278,,
1904,PCGS,MS,64,2075245,New Orleans,3,10.0,9.0,1.3,1.95,1689,4310,170431,238873,28456,48833,117888,88450,23149,94639,,
1880,PCGS,MS,64,2212609,San Francisco,1,9.0,9.0,0.0,0.0,4886,2560,166243,182518,31500,37992,92831,57250,30880,72666,,
1897,PCGS,AU,58,2010528,New Orleans,2,10.0,10.0,0.0,0.0,2622,2365,197002,247863,27776,39694,120039,90293,38072,89178,,
1878,PCGS,MS,62,2385203,Philadelphia,3,9.0,9.0,3.0,1.3,6725,6192,173146,203475,38743,45442,114960,78668,23635,84515,,
1900,NGC,MS,65,2110865,New Orleans,1,10.0,10.0,0.0,0.0,1844,1992,196210,225948,19927,33838,121271,86414,27773,79007,,
1897,PCGS,MS,66,2192945,San Francisco,3,10.0,10.0,0.35,1.0,3478,1896,205128,230923,32281,36239,114722,84935,42659,84547,,
1899,PCGS,MS,64,2296688,New Orleans,2,10.0,10.0,0.0,0.0,1286,1679,191557,212786,20273,35581,120031,78222,27063,77547,,
1880,PCGS,MS,64,2408822,New Orleans,1,9.0,9.0,1.75,0.0,3865,2618,182822,195042,33129,33043,104790,69644,27912,74592,,
1880,PCGS,MS,63,2049142,New Orleans,1,9.0,10.0,1.75,0.0,3728,1652,186269,215643,30090,31076,104096,75279,31810,81729,,
1901,PCGS,MS,63,1857760,New Orleans,3,9.0,9.0,0.0,0.0,3024,2384,217121,250517,31669,42815,122269,89388,36467,84765,,
1904,PCGS,MS,67,2203080,New Orleans,1,10.0,9.0,0.0,0.0,1472,1636,184055,186269,19867,25944,118958,65718,25010,72625,,
1904,NGC,MS,64,2115237,Philadelphia,3,10.0,10.0,0.35,0.7,2359,2272,176597,222159,26828,38528,123599,85010,21419,86101,,
1878,NGC,MS,62,2381832,Philadelphia,2,10.0,10.0,0.0,0.0,3724,2388,194959,208398,35199,38033,121165,80296,30840,83211,,
1892,PCGS,MS,65,1888308,New Orleans,1,10.0,10.0,0.35,0.0,5044,3084,195983,238456,30364,41020,118224,82018,37321,88802,,
1884,NGC,MS,66,2259715,New Orleans,2,10.0,10.0,0.0,0.0,3992,3434,190847,218430,28610,43187,122349,78654,35244,86946,,
1881,NGC,MS,64,2354788,San Francisco,1,10.0,10.0,0.0,0.0,4117,3066,200831,205592,34378,42855,126669,78674,30531,77956,,
1884,PCGS-CAC,MS,63,2283415,New Orleans,2,9.0,7.0,0.0,1.95,2622,3070,178918,228127,26501,42057,121599,84520,27235,90645,,
1883,PCGS,MS,64,2090178,New Orleans,1,10.0,10.0,0.0,0.0,2652,1811,183434,229386,23294,34737,115561,84611,29825,83375,,
1880,PCGS-CAC,MS,64,2249565,New Orleans,3,10.0,9.0,1.95,1.95,4853,4104,201347,260077,45444,47895,127379,90164,32522,98392,,
1881,PCGS,MS,64,2248040,Philadelphia,3,6.0,10.0,1.0,1.3,1703,1972,192805,213969,25789,40193,100661,72737,35520,80251,,
1921,PCGS,MS,64,2121289,San Francisco,3,10.0,10.0,1.65,2.95,8213,5887,250234,279874,53501,56971,135899,99545,50540,110547,,
1887,PCGS,MS,64,2259699,Philadelphia,1,10.0,10.0,0.0,0.0,4613,2967,180924,207271,26783,33225,113025,76748,22298,74700,,
1884,NGC,MS,66,2075355,Carson City,2,10.0,10.0,1.75,0.0,2678,1846,185227,217426,26810,33177,119976,81901,31892,82945,,
1897,PCGS,MS,66,2212421,Philadelphia,1,10.0,10.0,0.0,0.0,2743,2471,188854,217580,22654,37468,119048,81800,22553,80117,,
1882,PCGS,MS,64,2291448,Carson City,2,10.0,9.0,0.0,0.0,2598,2667,199770,204892,30975,35445,120847,74611,26653,79165,,
1897,NGC,MS,65,2273743,Philadelphia,1,10.0,10.0,0.0,0.0,3991,1660,178855,180460,27440,32130,108996,60240,23310,73938,,
1883,PCGS,MS,64,2097756,Carson City,1,9.0,8.0,1.75,0.0,3919,1625,199324,202191,31776,29152,109620,68849,30998,78278,,
1882,PCGS,MS,66,2057113,New Orleans,1,10.0,10.0,1.75,0.0,3611,2451,202899,219032,26869,39957,125129,71008,29343,81758,,
1883,PCGS,MS,66,2075327,Carson City,1,9.0,5.0,1.75,0.0,4438,2504,170514,185247,32158,33248,105526,67506,34818,75361,,
1881,NGC,MS,65,2260541,Carson City,3,9.0,10.0,3.6,0.0,7835,1971,220316,204111,55153,34746,123944,65881,35715,84134,,
1898,PCGS,MS,65,1875479,New Orleans,2,10.0,10.0,0.0,0.0,1679,1690,192418,240256,23440,35778,123900,88772,33136,90306,,
1900,PCGS-CAC,MS,66,2212555,New Orleans,3,8.0,10.0,3.6,0.0,11866,2716,233835,231716,61896,40099,126300,83467,44291,88634,,
1879,PCGS,AU,55,1853814,New Orleans,1,10.0,10.0,0.0,0.0,3391,2118,200053,246923,31392,40737,124216,93648,34765,85213,,
1889,PCGS,MS,62,2223491,New Orleans,2,10.0,10.0,0.0,0.0,5204,3973,183320,205126,27612,39605,111497,75244,30774,77651,,
1904,NGC,MS,64,2415535,New Orleans,1,9.0,9.0,0.0,0.0,3675,1345,185966,189297,35563,31206,121384,75703,24482,72766,,
1902,PCGS,MS,63,2259644,New Orleans,1,10.0,10.0,0.0,0.0,5242,2670,189803,215960,38716,32420,116271,79341,29288,83818,,
1878,PCGS,MS,65,2168331,Philadelphia,1,10.0,10.0,0.0,0.0,2708,1270,182858,205026,24525,33000,113901,78416,27107,81713,,
1880,NGC-CAC,MS,66,2273703,San Francisco,2,10.0,10.0,0.0,0.0,2937,1041,152416,198468,17713,32782,90787,66489,24433,73919,,
1886,NGC,MS,64,2248088,Philadelphia,4,4.0,5.0,2.6,1.3,5169,2764,223003,240788,50740,44688,127956,78641,42780,95496,,
1885,PCGS,MS,67,2291781,New Orleans,1,10.0,10.0,0.0,0.0,2318,1344,177430,201816,20746,34115,111370,74739,30284,80461,,
1884,NGC,MS,66,2273722,Philadelphia,2,10.0,10.0,0.0,0.0,1927,1859,180628,205793,23266,36236,116037,77357,26093,74716,,
1879,NGC,MS,63,2291626,San Francisco,2,10.0,10.0,0.0,0.0,2166,1483,185727,198071,32464,35758,115168,74628,30618,72927,,
1880,NGC,MS,65,2243004,Philadelphia,1,10.0,10.0,0.0,0.0,2864,836,174329,205309,23122,29242,109306,71886,29892,80916,,
1880,PCGS,MS,64,2287678,Philadelphia,2,10.0,10.0,0.0,0.0,1861,1613,188722,230444,22975,37055,123621,81672,29496,88670,,
1902,PCGS-CAC,MS,64,2032120,San Francisco,2,10.0,10.0,0.0,0.0,1482,1820,194049,233456,20361,33472,118854,86097,31786,84531,,
1891,PCGS,MS,63,2025080,New Orleans,1,10.0,10.0,0.0,0.0,3485,3148,189836,236568,35711,40940,122220,89950,29436,83990,,
1882,NGC,MS,64,2090181,San Francisco,1,10.0,10.0,0.0,0.0,3490,2532,209647,228987,38615,42233,120025,80507,33833,82469,,
1901,PCGS,MS,67,2275125,New Orleans,2,10.0,10.0,0.0,0.0,3186,832,175721,192899,20587,29318,114610,70780,25089,73687,,
1897,PCGS,MS,62,1883368,San Francisco,1,10.0,10.0,0.0,0.0,4712,938,203527,240084,38564,35369,116378,87838,28980,83926,,
1880,PCGS,MS,67,2437989,San Francisco,2,10.0,10.0,0.0,0.0,1249,2209,181892,224743,21360,38278,115815,79081,28225,78042,,
1882,PCGS,MS,65,2234225,New Orleans,3,7.0,10.0,2.3,0.0,3253,1467,188891,233914,33086,36954,120734,89241,29247,86083,,
1882,PCGS,MS,63,2025061,Carson City,2,10.0,10.0,1.75,0.0,3532,1762,196120,226388,32288,32369,117260,86244,31608,86143,,
1904,PCGS,MS,62,1883853,Philadelphia,1,10.0,10.0,0.0,0.0,1807,1555,205041,250639,22180,36207,119892,88526,29819,90226,,
1882,PCGS,MS,63,2447907,Carson City,2,10.0,10.0,0.0,0.0,2793,2775,192024,217847,29705,36789,122415,81733,24006,79488,,
1879,NGC,MS,62,2293130,Carson City,1,10.0,10.0,0.0,0.0,2917,2288,193524,210240,25008,37448,115936,75397,26814,75152,,
1891,PCGS,MS,62,2241139,Philadelphia,1,10.0,10.0,0.0,0.0,4658,1904,185781,208721,29848,32917,112094,70780,26929,74447,,
1902,PCGS,MS,64,2287568,Philadelphia,2,9.0,10.0,0.0,0.0,2302,3469,182900,197028,20654,39596,118409,72504,26108,75280,,
1881,PCGS,MS,63,2177360,Philadelphia,1,10.0,10.0,0.0,0.0,3918,1604,191206,230510,32425,36015,117648,87293,27198,84008,,
1878,PCGS,MS,66,2291769,Carson City,2,10.0,10.0,0.0,0.0,3244,1353,184346,227736,25395,35827,112133,86886,29268,87278,,
1899,PCGS,MS,63,2298648,Philadelphia,3,8.0,5.0,3.6,3.25,2595,5291,189527,256100,29919,53298,124905,93613,33816,92594,,
1884,PCGS,MS,64,2121286,New Orleans,1,10.0,10.0,0.0,0.0,4328,2908,187261,224708,31909,42149,118951,87778,29177,86579,,
1881,NGC-CAC,MS,66,2204423,San Francisco,1,9.0,9.0,0.0,0.0,2574,1636,184017,204219,24193,30900,109550,70595,23670,74774,,
1882,PCGS-CAC,MS,65,2465566,San Francisco,2,10.0,10.0,2.4,0.0,2041,2819,196946,224311,25170,41473,125827,78651,32908,83042,,
1878,NGC,MS,65,2181428,San Francisco,1,10.0,10.0,0.0,0.0,3014,2764,151779,160448,20681,34308,94975,55532,22649,61677,,
1878,PCGS,MS,63,2223064,Philadelphia,1,10.0,10.0,0.0,0.0,4345,2253,184668,174648,29568,31824,106756,54081,25265,73102,,
1900,NGC,MS,65,1853887,New Orleans,2,10.0,10.0,1.0,0.0,2785,2853,206741,240219,28170,40383,127079,82580,34320,95360,,
1880,PCGS,MS,62,2278085,New Orleans,3,9.0,9.0,0.65,0.0,2429,2199,156997,197821,26827,33465,113721,71875,20997,79324,,
1881,NGC,MS,62,2298689,New Orleans,2,10.0,10.0,0.65,1.3,4369,1886,211956,234959,41230,42852,135033,88576,31587,94627,,
1889,PCGS,MS,66,2247992,New Orleans,2,10.0,10.0,0.0,0.0,1560,1819,162588,204958,17450,34818,117531,77567,23440,76949,,
1889,PCGS,MS,63,2291939,New Orleans,2,10.0,10.0,0.0,0.0,4932,3227,217736,248543,37207,45566,128742,87400,30733,91086,,
1882,PCGS-CAC,MS,66,2225969,San Francisco,1,10.0,9.0,0.0,0.0,3279,1452,183206,215825,19319,34163,112874,74725,26879,77003,,
1887,PCGS,MS,64,2288158,Philadelphia,3,10.0,10.0,1.0,0.0,1401,3424,175330,222456,21543,38591,112740,87045,23119,86366,,
1882,PCGS,MS,65,2269083,Philadelphia,1,10.0,10.0,0.0,0.0,6391,2410,192231,211445,31358,32052,105254,72115,28727,77211,,
1890,PCGS,MS,64,1885876,Philadelphia,1,10.0,10.0,0.0,0.0,2552,1968,185385,235577,29309,38350,120561,90098,28607,84501,,
1884,PCGS-CAC,MS,66,2075329,Carson City,1,10.0,10.0,1.75,0.0,1181,1993,182795,229552,19698,34164,113391,87184,32573,81372,,
1894,PCGS,MS,63,2068699,San Francisco,2,10.0,10.0,0.0,0.0,1631,1117,188608,231336,25687,33540,117554,76107,31313,86923,,
1879,PCGS-CAC,MS,64,2080663,Carson City,2,10.0,10.0,1.75,0.0,2582,1734,181841,230838,25388,34776,101769,85505,26131,81782,,
1881,NGC,MS,65,2367382,San Francisco,1,10.0,10.0,0.0,0.0,2208,2775,175341,199582,25059,42517,118740,72758,23043,75719,,
1894,PCGS-CAC,AU,58,2053620,Philadelphia,2,9.0,10.0,0.65,0.0,3117,1653,197442,239152,31475,39552,120976,88747,37031,86965,,
1893,NGC,MS,61,2291714,Carson City,3,9.0,10.0,3.95,0.35,7220,1993,215732,215779,37236,45628,136934,80175,34313,85233,,
1879,PCGS,MS,64,2248144,San Francisco,3,9.0,9.0,2.0,2.6,12959,6713,208330,213182,56115,65023,91198,63529,44139,73318,,
1884,PCGS,MS,64,2291880,New Orleans,2,10.0,10.0,0.0,0.0,2349,2820,169649,205324,27200,38552,122073,78834,26204,79239,,
1883,PCGS,MS,66,2298600,Carson City,1,10.0,10.0,0.0,0.0,3152,1807,148338,187719,17538,29463,92175,63539,24120,71829,,
1881,NGC,MS,65,2160409,New Orleans,1,10.0,10.0,0.0,0.0,3072,1763,205586,227987,30770,38154,124111,83621,34068,86013,,
1880,PCGS,MS,64,2284146,San Francisco,1,10.0,10.0,0.0,0.0,3004,1331,188840,236039,21172,37986,115132,79683,28147,86597,,
1882,PCGS,MS,67,2063701,Carson City,1,10.0,10.0,1.75,0.0,1389,1919,187703,234420,21742,35384,115166,88829,28211,81038,,
1880,PCGS,MS,65,2462984,San Francisco,2,10.0,10.0,1.75,0.0,2198,2395,180795,220569,27075,33846,118942,81786,26486,82396,,
1886,PCGS,MS,63,2177387,San Francisco,1,10.0,10.0,0.0,0.0,2023,1672,184329,221629,26797,34748,108922,78556,25657,77975,,
1891,PCGS-CAC,MS,62,2053609,New Orleans,3,9.0,10.0,1.65,0.35,6577,2341,192492,188283,42313,33939,124394,67865,33201,82943,,
1878,NGC-CAC,MS,65,2206911,San Francisco,3,8.0,10.0,2.3,0.35,8695,1429,241125,214146,55055,38255,130270,71996,44059,85924,,
1879,NGC,AU,58,2270548,Carson City,2,10.0,10.0,0.0,0.0,4867,2862,179227,195304,33884,37394,107384,75571,26559,64248,,
1883,NGC,MS,64,2234007,Carson City,2,9.0,9.0,0.35,0.65,5890,3127,167605,152561,33668,34465,99504,55890,27982,62895,,
1880,PCGS,MS,63,2223017,San Francisco,1,9.0,9.0,0.0,0.0,5102,3059,178211,193264,36903,42637,107680,64636,35352,79916,,
1880,PCGS,MS,62,1883777,Carson City,1,10.0,10.0,2.4,0.7,6688,2148,211011,229050,44589,42885,126915,78734,34642,88623,,
1884,PCGS,MS,64,2293634,New Orleans,1,9.0,9.0,0.0,0.0,2115,1120,158915,189675,24033,30701,103124,66865,25081,72495,,
1893,NGC,MS,63,2286267,Philadelphia,1,10.0,10.0,0.0,0.0,2471,2320,199797,212510,27646,36636,123222,78104,27731,74463,,
1892,PCGS,MS,64,2257095,New Orleans,2,10.0,10.0,0.0,0.0,5249,2422,198374,238493,32351,38145,121623,88305,30620,85517,,
1897,PCGS,AU,58,2231489,New Orleans,2,10.0,10.0,0.65,0.0,4912,2497,192436,218392,35735,34820,118390,81352,33518,85834,,
1878,PCGS,MS,62,2260025,Carson City,2,9.0,9.0,0.0,0.0,6817,3505,169412,187801,34801,39583,105738,64936,22976,69284,,
1878,NGC,MS,62,2454561,Carson City,1,10.0,10.0,1.05,0.0,3207,1721,180766,213711,27993,38380,116267,78605,22188,82231,,
1878,PCGS,MS,63,2203055,Philadelphia,2,10.0,10.0,0.0,0.0,3332,2079,180881,221875,25542,36951,114237,87251,29395,86582,,
1878,PCGS,MS,65,2257052,San Francisco,1,10.0,10.0,0.0,0.0,3232,1688,195619,201320,23677,35185,115386,71581,27452,75983,,
1884,ANACS,MS,64,2457015,Carson City,1,10.0,10.0,0.0,0.0,2336,3137,179625,213927,25551,39190,120957,81087,25053,77299,,
1881,PCGS-CAC,MS,66,2075319,Carson City,1,10.0,10.0,1.75,0.0,1262,3114,176670,240948,19788,39974,103538,84701,30678,87690,,
1885,PCGS,MS,65,1875412,New Orleans,2,10.0,10.0,1.75,0.35,1537,1318,172516,219012,22482,34668,121424,87774,21779,84750,,
1884,PCGS,MS,64,2288155,New Orleans,2,10.0,10.0,0.35,0.0,1050,3405,161296,189681,21429,35391,116351,76085,19511,73380,,
1886,PCGS,MS,64,2272126,Philadelphia,3,9.0,10.0,3.25,0.0,2224,1892,178707,210154,24120,36365,111616,73128,28659,72083,,
1880,PCGS,MS,67,2408823,San Francisco,1,9.0,6.0,1.75,0.0,2524,1487,163164,196678,22421,33848,103507,65254,24818,88206,,
1893,PCGS,MS,63,2067699,Carson City,1,10.0,9.0,0.0,0.0,2360,2890,183526,209185,29639,39938,108082,70419,30019,80709,,
1889,PCGS,MS,63,2128797,New Orleans,3,10.0,10.0,0.0,0.0,1689,1829,169681,215465,20861,38063,116182,87180,26867,82499,,
1884,PCGS-CAC,MS,66,2421206,Carson City,2,10.0,10.0,1.75,0.35,2039,2604,160708,207452,22346,37277,118712,81539,17257,78340,,
1885,PCGS,MS,63,1857756,Carson City,2,9.0,9.0,4.35,3.25,2108,3211,181090,229586,29243,44740,117799,88266,30223,88023,,
1884,PCGS,MS,65,2288151,Carson City,1,10.0,10.0,0.0,0.0,1524,1467,181298,212812,21953,37574,111187,77292,27887,76459,,
1904,PCGS-CAC,MS,65,2196387,San Francisco,3,9.0,8.0,2.95,3.6,6450,10759,239071,269727,54772,64703,132355,83351,46869,105530,,
1882,NGC-GSA,MS,64,2243995,Carson City,2,10.0,10.0,0.0,0.0,3394,2052,171396,207124,27453,32264,106261,79660,30201,78010,,
1885,NGC,MS,63,2286599,San Francisco,3,9.0,9.0,0.35,0.0,2421,1715,150397,199352,20960,34411,105761,72580,20641,78423,,
1891,PCGS,AU,55,2255224,Carson City,2,10.0,10.0,0.0,0.0,4645,3135,199942,235343,32305,42719,123494,85012,28839,80512,,
1902,PCGS,MS,65,2293093,Philadelphia,1,10.0,9.0,0.0,0.0,3611,2877,212798,256062,31371,47516,133215,95492,33039,93827,,
1885,PCGS,MS,63,1883794,Philadelphia,2,10.0,10.0,3.05,0.0,5162,2745,185232,230423,38051,43002,121002,84415,29516,90287,,
1901,NGC,MS,64,2247618,San Francisco,2,10.0,10.0,0.0,0.0,4882,2265,194502,236097,30920,39732,120376,81895,31554,90177,,
1921,PCGS,MS,64,2029087,Philadelphia,2,10.0,10.0,1.95,1.0,4783,2197,214793,232058,35435,42352,132781,84741,30094,81944,,
1895,PCGS,MS,62,2408878,New Orleans,1,10.0,10.0,0.0,0.0,2641,2852,194202,237249,29253,43180,126480,84406,24849,86382,,
1879,NGC-CAC,MS,65,2420343,San Francisco,1,10.0,10.0,0.0,0.0,2235,1289,192259,213310,23195,31410,115174,76681,26447,77409,,
1904,NGC-CAC,MS,63,1862231,San Francisco,2,9.0,9.0,0.65,1.0,2118,1866,208670,236312,29247,39106,118128,81167,33622,82134,,
1889,NGC,MS,63,2298771,New Orleans,2,10.0,10.0,0.0,0.0,768,1747,177016,212802,18671,35984,113943,78117,28883,82490,,
1883,PCGS,MS,62,2155835,New Orleans,2,10.0,10.0,0.0,0.0,5971,2493,191620,188119,48755,40102,109946,61362,30770,77302,,
1902,PCGS,MS,65,2287668,New Orleans,2,10.0,10.0,0.0,0.0,1426,3159,181936,221661,21650,42954,111215,78753,23956,77621,,
1896,PCGS,AU,58,2067146,New Orleans,3,9.0,10.0,3.25,3.25,3573,2347,187774,229061,36474,43008,124448,88352,33308,85439,,
1888,PCGS,MS,61,1883803,San Francisco,1,10.0,10.0,0.35,0.35,2600,1652,199143,232393,28685,32481,122377,90471,28538,83058,,
1880,ANACS,MS,64,2296189,San Francisco,2,10.0,10.0,0.0,0.35,2691,3665,185695,214340,27340,44256,121657,82868,28175,81147,,
1899,PCGS,MS,63,2261128,New Orleans,2,10.0,10.0,0.0,0.0,3047,2891,180939,220704,28192,36861,117030,83856,32318,87746,,
1878,NGC-CAC,MS,63,2298287,Philadelphia,3,5.0,3.0,3.6,3.6,3124,1918,174650,230383,37339,38272,110689,79533,23253,93165,,
1888,PCGS,MS,62,2222993,San Francisco,2,10.0,10.0,0.0,0.0,3732,1953,203880,219195,26534,35983,122200,78740,28722,77449,,
1896,PCGS,AU,58,2177419,New Orleans,2,10.0,10.0,0.0,0.0,2590,3377,208877,251065,20722,39290,125361,89191,34958,86038,,
1893,PCGS-CAC,MS,63,2263018,Philadelphia,2,10.0,10.0,0.0,0.0,4122,1876,188900,203489,28718,34963,118196,79440,24777,76116,,
1901,PCGS,AU,58,2248046,San Francisco,3,10.0,9.0,2.3,3.3,2021,2248,221065,252532,36667,41909,137858,83903,42145,102237,,
1886,NGC,AU,58,2432446,New Orleans,1,10.0,10.0,1.05,0.0,3133,3106,193809,239580,28949,42392,122187,89554,33951,88359,,
1882,PCGS,MS,64,2218552,New Orleans,1,10.0,10.0,0.0,0.0,2931,2540,189443,226201,22108,38772,120297,79397,23522,72052,,
1884,PCGS,MS,64,2385219,Carson City,1,10.0,10.0,1.75,0.35,5240,4421,182458,209388,36891,37221,123687,83865,24593,77861,,
1891,PCGS,MS,62,2272179,Carson City,2,10.0,10.0,0.0,0.0,4299,4115,183089,227243,29644,41458,119497,81712,27590,79510,,
1900,PCGS,MS,65,2232124,San Francisco,2,10.0,10.0,0.0,0.0,2554,2303,194230,219329,20540,30332,116454,78948,31168,82049,,
1881,NGC,MS,65,2422022,San Francisco,2,10.0,3.0,1.75,3.6,1047,2487,182591,219515,21523,40444,123642,76434,20146,82393,,
1881,PCGS,MS,65,2155822,San Francisco,3,8.0,8.0,2.3,3.3,4757,1988,179287,168732,38753,32977,92755,55269,34934,74780,,
1897,NGC,AU,55,2449904,New Orleans,1,9.0,9.0,0.0,0.0,8206,5183,208574,228212,42793,45000,127189,83791,34668,84787,,
1880,PCGS,MS,68,2188898,San Francisco,1,10.0,10.0,0.0,0.0,993,959,189852,231146,17626,31744,113430,82649,25287,78748,,
1883,PCGS,MS,64,2048677,Philadelphia,1,6.0,5.0,1.75,0.0,4962,3054,175019,196639,40087,38790,92938,58964,33345,81541,,
1894,PCGS,MS,64,2064212,San Francisco,2,10.0,10.0,0.0,0.0,3004,1797,188598,241864,27384,35680,114463,84677,29583,87654,,
1884,NGC,MS,64,2125880,Philadelphia,1,10.0,10.0,0.0,0.0,1591,1818,168879,206725,17065,29754,111563,80819,25422,77484,,
1891,PCGS-CAC,MS,63,2255020,Carson City,2,10.0,10.0,0.35,0.35,1873,3454,172705,225070,25969,43593,113909,89213,27785,84696,,
1882,NGC,MS,63,2160433,San Francisco,2,10.0,10.0,0.35,0.35,4346,1877,170788,155617,30288,28375,106138,53515,31830,63801,,
1882,PCGS,MS,65,2452442,San Francisco,1,10.0,10.0,0.0,0.0,2064,2109,154503,185220,23831,39927,104053,62546,20819,70786,,
1882,NGC,MS,64,2090174,New Orleans,1,10.0,10.0,0.0,0.0,3392,1154,180939,237878,28054,32678,118790,86992,27701,88049,,
1892,NGC,MS,63,2291145,New Orleans,1,10.0,10.0,0.0,0.0,1960,1666,190514,200496,26101,30910,116459,70785,30819,82566,,
1881,PCGS,MS,65,2177364,San Francisco,1,10.0,10.0,0.0,0.0,3481,1502,193494,228567,24903,33507,121287,88363,28530,81236,,
1885,PCGS-CAC,MS,62,2078664,San Francisco,1,10.0,10.0,1.75,0.0,5080,1903,204970,242043,38473,39084,116374,85510,28480,84001,,
1887,PCGS,MS,64,2432441,Philadelphia,1,9.0,9.0,0.0,0.0,3521,3170,200406,203633,28868,36225,119472,77407,29225,71971,,
1899,PCGS,MS,63,1883824,New Orleans,2,10.0,10.0,0.35,0.0,2749,2768,180068,225020,30517,41744,122460,87867,25269,80952,,
1878,NGC,MS,63,2029123,Carson City,1,10.0,10.0,1.05,0.0,4003,2172,197995,236274,29948,38617,121656,86256,29811,82557,,
1899,PCGS,MS,63,2456796,New Orleans,2,10.0,10.0,0.0,0.0,2514,3808,197726,227775,28177,42006,125618,88511,28169,82095,,
1885,PCGS,MS,64,2029097,New Orleans,1,10.0,10.0,1.75,0.0,2275,2220,178701,224441,27613,40871,116596,87253,26099,81912,,
1900,PCGS-CAC,MS,64,2257103,Philadelphia,2,10.0,10.0,0.0,0.0,1712,2109,193301,220510,22525,32727,117422,79183,26758,76507,,
1890,ANACS,MS,63,2248054,Philadelphia,3,10.0,9.0,2.95,3.6,3904,2127,204926,222541,35058,47768,119312,82117,33378,80646,,
1880,NGC,MS,65,2075251,San Francisco,3,8.0,8.0,5.0,3.6,8134,4426,206435,198491,45122,44566,117273,66641,38006,84977,,
1899,PCGS,MS,65,2089204,Philadelphia,2,10.0,10.0,1.35,0.0,1086,1314,168315,208519,20419,35094,115393,85743,23156,73235,,
1884,PCGS,MS,64,2450916,New Orleans,1,10.0,10.0,0.0,0.0,3069,3193,184849,210755,30803,40183,125327,86468,23242,78643,,
1882,PCGS,AU,58,2121294,New Orleans,2,10.0,10.0,0.0,0.0,4490,2464,207623,248378,39061,42116,125283,86889,31664,85687,,
1887,PCGS,MS,61,2378773,New Orleans,3,10.0,10.0,0.0,0.0,4016,4439,192969,230611,37198,42019,124245,85927,29294,87539,,
1902,PCGS,MS,66,2463447,New Orleans,1,10.0,10.0,0.0,0.0,2301,4228,192396,211551,24544,40019,125373,80346,26282,75899,,
1880,PCGS-CAC,MS,65,2287680,San Francisco,1,10.0,10.0,0.0,0.0,1115,1068,183491,207566,19684,29738,115030,75595,22600,74091,,
1887,PCGS-CAC,MS,63,2028558,San Francisco,1,10.0,9.0,0.0,0.0,3744,1154,201578,238310,30422,35556,120619,85373,25768,83161,,
1884,PCGS,MS,66,2288126,Carson City,2,10.0,10.0,0.0,0.0,1898,1300,184000,186094,22904,32229,112222,70001,29205,67655,,
1884,NGC,AU,58,2211935,San Francisco,3,9.0,10.0,3.6,1.0,5319,1549,232957,233813,54217,40253,130020,87295,44460,95801,,
1880,PCGS,MS,66,2258088,San Francisco,1,10.0,10.0,0.0,0.0,1984,2322,158526,197130,22551,35512,101966,68703,21972,66590,,
1880,PCGS,MS,64,2420348,San Francisco,1,9.0,10.0,0.0,0.0,4438,2834,194757,219950,34850,38217,117235,79532,28122,77969,,
1896,NGC,AU,58,2276605,San Francisco,2,10.0,10.0,0.0,0.0,5849,4531,192096,229563,38281,50069,123273,87110,26529,78400,,
1904,PCGS,MS,64,1855319,New Orleans,3,10.0,10.0,1.0,0.0,4459,5390,197818,222696,37264,46175,129278,76733,22167,87200,,
1901,PCGS-CAC,AU,55,2408898,Philadelphia,3,10.0,9.0,0.0,0.65,4673,4031,205082,201078,30181,44447,128823,80043,32894,79850,,
1880,PCGS,MS,63,2253677,Carson City,2,10.0,10.0,0.0,0.0,4680,2006,180127,175783,33011,31251,110235,67571,25961,67205,,
1885,PCGS,MS,68,2043102,New Orleans,2,10.0,10.0,2.4,0.0,1860,1767,168339,217747,24374,38758,107411,85667,28784,85867,,
1884,PCGS,MS,63,1857753,New Orleans,2,10.0,10.0,2.4,0.0,1868,1557,191432,249601,26925,36732,122534,91063,32286,90868,,
1891,PCGS,MS,62,2064155,New Orleans,2,10.0,10.0,0.35,0.35,4594,1308,187422,217270,37048,34498,118366,81177,32215,85009,,
1899,PCGS,MS,62,2298799,Philadelphia,1,10.0,10.0,0.0,0.0,2648,1224,187336,217251,30726,36083,120979,79114,29577,76942,,
1896,PCGS,MS,65,2454686,Philadelphia,3,10.0,6.0,0.35,1.65,1416,2895,183956,231230,22854,40642,118598,82771,31858,88404,,
1921,NGC,MS,63,2274257,Denver,2,10.0,10.0,0.0,0.0,3385,2193,217335,230148,35798,35350,130628,86384,32614,87178,,
1881,PCGS,MS,63,2152009,Carson City,4,9.0,9.0,3.95,2.95,6871,3608,219890,222707,52378,39716,126996,77662,41224,94139,,
1881,PCGS-CAC,MS,65,2272090,Carson City,1,10.0,10.0,0.0,0.0,4908,2116,166199,208191,20976,33173,105763,78839,20939,79508,,
1891,PCGS,MS,63,2278088,Philadelphia,2,10.0,10.0,0.0,0.0,3740,3002,176621,176680,26519,33886,113205,58557,23590,67098,,
1878,PCGS,MS,64,1885864,Philadelphia,1,10.0,10.0,1.05,0.0,2683,1221,176475,225567,24676,34233,111206,85124,28695,89073,,
1904,PCGS,MS,64,2155853,New Orleans,1,10.0,10.0,0.0,0.0,2971,1861,216589,237440,31465,36323,123013,81151,29020,78484,,
1921,PCGS-CAC,MS,66,2244218,Philadelphia,3,8.0,7.0,3.95,3.6,8069,7097,190516,203437,50315,45648,114768,74915,28864,78989,,
1878,PCGS,MS,60,2298791,Philadelphia,2,10.0,10.0,0.0,0.0,4716,2147,193271,192307,40409,35776,114948,70601,30020,84989,,
1884,NGC-GSA,MS,61,2014079,Carson City,1,10.0,10.0,0.0,0.0,4544,2608,189037,231464,34010,38967,116126,89269,30556,84321,,
1881,PCGS-CAC,MS,66,2419926,Carson City,2,10.0,7.0,0.0,2.95,2081,2114,178108,216975,24623,34777,120815,79387,24156,83861,,
1892,PCGS,MS,61,2044588,New Orleans,1,10.0,10.0,0.0,0.0,2820,1656,205851,266396,26671,34517,120330,93040,36153,94396,,
1903,PCGS,MS,64,2241062,Philadelphia,2,10.0,10.0,0.0,0.0,2912,1610,190529,220856,27734,33026,118227,72217,23376,77039,,
1888,PCGS-CAC,MS,66,2284088,Philadelphia,1,10.0,10.0,0.0,0.0,4459,1494,172258,185163,24264,30693,116127,73197,26072,71486,,
1887,NGC,MS,63,2311181,Philadelphia,2,10.0,10.0,0.0,0.0,3105,3069,192350,216841,30972,41941,124623,85933,27371,80022,,
1903,PCGS,MS,66,2035573,Philadelphia,1,10.0,10.0,0.0,0.0,1077,2128,199965,229326,19122,37531,124408,84561,27560,81779,,
1880,PCGS,MS,65,2253512,Philadelphia,1,10.0,10.0,0.0,0.0,3478,1666,184550,212584,23278,32555,111495,73239,29828,80204,,
1902,PCGS-CAC,AU,58,2085218,San Francisco,3,9.0,8.0,2.6,3.3,4246,4871,198929,217758,41860,44121,125457,81846,32338,78893,,
1881,NGC,MS,65,2295089,Philadelphia,1,10.0,10.0,0.0,0.0,2100,2276,183472,220643,19268,35848,113108,75591,22594,82270,,
1884,PCGS,MS,66,2054712,Carson City,2,10.0,10.0,1.75,0.0,1351,1722,166410,203112,20569,31397,103628,81100,29759,76530,,
1889,PCGS,MS,65,2287742,Philadelphia,1,10.0,10.0,0.0,0.0,2570,2543,189807,219859,26749,38364,119577,76443,27008,78613,,
1883,NGC,MS,63,2274230,New Orleans,1,9.0,9.0,0.0,0.0,2361,3846,185701,209354,26431,44898,126488,83149,26732,79719,,
1888,PCGS,MS,64,2097791,Philadelphia,1,10.0,10.0,0.0,0.0,2779,2747,196006,246295,23202,40458,114547,88900,26952,83831,,
1889,PCGS,MS,64,1872325,Philadelphia,1,9.0,7.25,0.0,0.0,2926,1296,195456,232298,28924,31510,109836,78327,29901,81492,,
1901,NGC,AU,58,2252665,Philadelphia,2,10.0,10.0,0.0,0.0,5440,3664,188782,207993,34136,41321,123814,80872,28359,74223,,
1891,PCGS-CAC,MS,64,2206920,Carson City,2,9.0,9.0,0.0,0.0,5679,2459,184971,211361,29218,35725,107272,77097,26495,72964,,
1896,PCGS,AU,55,2010527,New Orleans,1,10.0,10.0,0.65,0.0,2278,2117,199323,256136,27303,39422,123964,90658,37394,93412,,
1883,NGC-GSA,MS,63,2206408,Carson City,2,10.0,10.0,0.35,0.0,2581,2151,153097,196581,23674,35047,111917,77741,22581,79149,,
1881,PCGS-CAC,MS,67,2067690,San Francisco,1,9.0,10.0,1.75,0.0,1633,1391,185180,224041,23162,35348,113860,80146,28390,84690,,
1884,PCGS,MS,65,2028557,New Orleans,2,9.0,10.0,2.4,0.0,3251,1994,187197,227101,32319,40522,123794,88526,31904,88991,,
1899,PCGS,MS,62,2287719,San Francisco,1,10.0,10.0,0.0,0.0,3101,1406,198939,216441,28838,37864,117911,78588,28867,79002,,
1891,PCGS,MS,62,2218536,Carson City,1,10.0,10.0,0.0,0.0,4308,2446,197378,229038,31441,37214,119700,85553,26860,80566,,
1882,PCGS,MS,65,2034637,Carson City,1,10.0,10.0,1.75,0.0,1571,1650,181823,224323,24783,33189,111567,85530,30166,83281,,
1881,PCGS-CAC,MS,68,2408829,San Francisco,3,7.0,10.0,3.7,0.35,1606,1681,175194,208905,20359,40169,116215,70342,25236,78011,,
1889,PCGS,MS,65,2272155,New Orleans,1,10.0,10.0,0.0,0.0,4530,2128,164241,189402,22709,33177,106585,75201,26132,68533,,
1890,PCGS,MS,64,2287667,New Orleans,1,10.0,10.0,0.0,0.0,2837,2242,178655,201714,27068,38695,116554,80170,19246,73067,,
1886,PCGS,MS,62,2287735,San Francisco,2,9.0,10.0,0.35,0.0,3848,1875,196025,200358,39798,35661,120367,67163,26993,75485,,
1904,NGC,MS,62,2151959,Philadelphia,3,10.0,10.0,0.0,0.0,3744,5111,208287,262251,37199,55132,130025,87053,37432,92757,,
1887,PCGS,MS,64,1872270,New Orleans,2,10.0,9.0,0.0,0.65,2316,2207,194459,237799,27834,38422,119963,88790,34365,87968,,
1901,PCGS-CAC,MS,66,1881262,New Orleans,3,10.0,10.0,1.35,0.35,2518,1569,200925,225792,32446,36162,124029,88851,31597,85094,,
1894,PCGS,AU,58,2224449,New Orleans,2,10.0,10.0,0.0,0.0,3135,2981,183911,229054,22455,38193,123505,88497,28065,87961,,
1882,NGC,MS,65,2298641,San Francisco,3,9.0,9.0,2.6,0.65,3767,1488,214570,234774,40368,38995,130588,81401,37793,91587,,
1921,PCGS,MS,63,1858217,Denver,2,10.0,10.0,0.65,0.35,3247,2409,199134,245317,29330,40259,119830,91647,25973,76892,,
1881,PCGS,MS,63,2068655,Carson City,1,10.0,10.0,2.4,0.0,1419,1931,181754,231854,21333,32624,102613,78151,33113,86170,,
1885,PCGS-CAC,MS,67,2118317,New Orleans,2,10.0,10.0,1.75,0.0,1497,1600,168227,239066,20687,37492,111314,89909,29367,89048,,
1878,PCGS,MS,63,2289109,San Francisco,2,10.0,10.0,0.0,0.0,2834,1599,192751,202194,31854,33754,114238,75478,31126,76854,,
1890,PCGS,MS,64,2282577,Philadelphia,1,10.0,10.0,0.0,0.0,4549,1719,177616,200352,27341,33695,117835,76069,27689,78008,,
1878,PCGS,MS,65,2277605,Philadelphia,2,10.0,10.0,0.0,0.0,1939,1761,155054,194200,18264,34338,87213,70145,23330,65020,,
1878,PCGS,MS,65,2298364,Philadelphia,1,10.0,10.0,0.0,0.0,3661,1419,210005,212076,30551,34004,123245,72887,32697,85876,,
1883,NGC,MS,65,2455917,Philadelphia,3,8.0,8.0,5.0,3.6,1571,1667,185633,198581,21245,32726,115329,72884,26551,69634,,
1880,NGC-CAC,MS,66,2198398,San Francisco,1,10.0,10.0,0.0,0.0,4028,2332,191042,218867,28116,31280,110536,79564,26775,77902,,
1898,PCGS,MS,65,2257100,New Orleans,2,10.0,10.0,0.0,0.0,3707,2176,174926,198690,24153,34476,114475,71844,20488,72888,,
1886,NGC,MS,64,2203068,Philadelphia,2,10.0,9.0,0.0,0.0,1477,2260,178778,237070,18649,35252,116178,86302,27419,87875,,
1880,NGC,MS,66,2115877,San Francisco,1,9.0,8.0,0.0,0.0,5112,2090,156412,194247,25522,34188,89744,68116,24246,74474,,
1890,NGC,MS,64,2432447,Philadelphia,1,9.0,9.0,0.0,0.0,2749,1578,193394,214664,27414,36305,113067,76442,27972,78496,,
1897,PCGS,MS,64,2187416,New Orleans,2,10.0,10.0,0.0,0.0,1776,3054,189743,237195,23038,40168,125378,89938,26966,83899,,
1902,NGC,MS,65,2248066,New Orleans,3,9.0,10.0,3.6,1.0,8839,2949,242415,225378,64798,44622,128575,70317,44838,93773,,
1878,NGC-CAC,MS,65,1885871,San Francisco,1,9.0,9.0,1.4,0.0,955,723,204485,225049,21078,33714,114657,74682,31848,81178,,
1885,PCGS,MS,65,2288129,Philadelphia,2,9.0,10.0,0.0,0.0,2110,1427,209355,234308,25318,38353,126555,81412,28974,84984,,
1882,NGC,MS,64,2090175,Philadelphia,1,10.0,10.0,0.0,0.0,2680,2229,195642,247061,23570,37643,118325,87879,31769,86491,,
1882,PCGS,MS,65,2462449,San Francisco,1,10.0,10.0,0.0,0.0,2571,3178,203261,230304,27822,46420,126714,76950,27335,80761,,
1892,NGC,MS,61,2009094,Philadelphia,1,10.0,10.0,0.0,0.0,6758,2609,226429,250596,41794,41086,130277,87320,30400,81799,,
1883,PCGS-CAC,MS,66,2295096,Philadelphia,1,10.0,10.0,0.0,0.0,2665,789,213391,218688,28037,28800,125102,77112,26827,80709,,
1878,PCGS,MS,64,2289164,Philadelphia,2,10.0,10.0,0.7,0.35,5780,2616,168986,226988,27295,43437,120370,88116,21212,88422,,
1887,NGC,MS,67,2382339,Philadelphia,1,10.0,10.0,0.0,0.0,1972,3481,188926,225729,22733,40541,127160,81406,21809,77717,,
1882,PCGS,MS,65,1854713,San Francisco,1,10.0,10.0,1.75,0.0,3929,1252,201032,242734,29148,35807,115316,88466,26913,87104,,
1882,PCGS-CAC,MS,68,1794122,San Francisco,3,10.0,10.0,1.75,0.35,803,6535,173708,178256,19386,60206,117350,51451,21712,48402,,
1885,PCGS,MS,64,2257074,Philadelphia,2,10.0,10.0,0.0,0.0,2145,8148,173828,175535,19252,55799,108094,44770,22856,47427,,
1879,PCGS,MS,65,2097777,New Orleans,2,10.0,9.0,1.75,0.65,2303,1483,184877,231124,26793,35478,113896,87584,31929,82020,,
1887,PCGS,MS,65,2036066,Philadelphia,1,8.0,8.0,1.05,0.0,2431,937,189398,217805,26047,29335,105354,71592,25878,77608,,
1887,PCGS,MS,62,2291081,Philadelphia,3,6.0,9.0,1.35,0.0,7571,2475,203951,216188,43665,34398,120163,80514,33743,81645,,
1880,PCGS,MS,66,2207998,San Francisco,1,10.0,10.0,0.0,0.0,2118,1086,183648,219524,24301,31492,104504,78810,27603,79467,,
1885,PCGS,MS,64,2120305,San Francisco,3,9.0,10.0,4.35,1.65,5970,1826,216942,160158,53023,30537,122681,49391,44462,68528,,
1884,PCGS,MS,62,2040092,Carson City,1,9.0,7.0,0.0,0.0,5069,1990,183941,189490,39135,35412,107199,66697,34493,75423,,
1901,PCGS,AU,55,2177436,Philadelphia,2,10.0,10.0,0.0,0.0,2356,3087,193474,240800,22999,38410,122376,87440,30113,81633,,
1881,NGC,MS,62,2260542,San Francisco,3,7.0,10.0,2.0,0.35,6315,1879,182759,155418,40781,30084,103202,46455,40757,67147,,
1883,PCGS-CAC,MS,65,2281309,Carson City,1,10.0,10.0,0.0,0.0,809,1421,171417,186941,19687,31124,110727,69336,26165,72298,,
1885,NGC,MS,67,2122864,Philadelphia,2,10.0,10.0,0.0,0.0,1655,2177,211407,229066,24448,37451,126327,86968,35044,88904,,
1902,PCGS,MS,63,2155851,New Orleans,2,10.0,10.0,0.0,0.0,3487,3273,207834,225774,31883,42686,123870,82224,31395,81917,,
1883,NGC-GSA,MS,64,2288583,Carson City,0,10.0,10.0,0.0,0.0,2997,2158,205505,252859,30254,42012,127382,88359,30708,94835,,
1885,NGC,MS,66,2273732,Philadelphia,1,10.0,10.0,0.0,0.0,2110,1833,184796,219814,22679,34515,113411,76203,26619,77934,,
1903,PCGS,MS,64,2208418,San Francisco,2,10.0,10.0,0.0,0.0,2573,2634,191092,222629,28082,38226,127508,77218,28466,85341,,
1891,PCGS-CAC,MS,63,2120309,Carson City,2,10.0,10.0,0.0,0.35,3921,2984,216247,220017,35531,37170,124009,79752,34474,81478,,
1878,PCGS,MS,63,2203056,Philadelphia,1,10.0,10.0,0.0,0.0,3403,1311,191664,237709,29805,35595,107547,84836,25995,86563,,
1900,PCGS,MS,67,2127291,New Orleans,2,10.0,10.0,0.0,0.0,1716,2489,193837,239269,25527,41459,128012,86614,22639,81745,,
1880,NGC,MS,63,2048766,San Francisco,1,10.0,10.0,0.0,0.0,4674,1001,200534,236214,36445,35137,115762,84910,28481,86776,,
1878,PCGS,MS,61,2287698,Philadelphia,2,10.0,10.0,0.0,0.0,2339,1709,172913,190950,25938,32956,105383,75547,24936,61755,,
1902,NGC,MS,63,2068713,San Francisco,3,9.0,6.0,1.65,2.3,3312,3011,176987,222120,32993,43294,123584,83045,18527,87142,,
1878,NGC,MS,62,2299015,Philadelphia,2,10.0,10.0,0.65,0.0,2550,1677,185533,204263,26915,34369,114313,76344,31845,80140,,
1879,PCGS,MS,64,2299613,San Francisco,1,10.0,10.0,0.0,0.0,3373,2313,177877,207595,32060,35728,110826,79868,22362,77076,,
1880,NGC,MS,65,2363344,San Francisco,1,10.0,10.0,0.0,0.0,3741,4127,170160,200961,29210,41813,111508,79047,22956,75582,,
1887,PCGS,MS,62,2218553,San Francisco,2,10.0,10.0,0.0,0.0,4385,1661,184490,216865,30679,37672,114606,71248,27683,79140,,
1904,NGC,MS,65,2184861,New Orleans,3,10.0,10.0,0.35,0.0,2404,2572,201869,169371,34891,37833,125919,57434,33457,68978,,
1886,NGC,MS,63,1855774,Philadelphia,1,10.0,10.0,0.0,0.0,2728,3127,212275,235808,29663,42878,129732,83228,29033,82758,,
1890,PCGS,MS,63,1855749,Philadelphia,4,8.0,10.0,3.95,0.35,8969,3927,218327,234421,57937,42686,139178,82192,39567,83583,,
1888,PCGS,MS,65,2295111,Philadelphia,1,10.0,10.0,0.0,0.0,1785,1492,194494,227492,20822,38164,116922,80726,24605,83856,,
1882,NGC,MS,66,2295090,San Francisco,2,9.0,10.0,0.0,0.0,3374,1203,167057,199178,22204,32448,106660,71102,27630,76450,,
1884,PCGS,MS,65,2259086,Carson City,2,10.0,10.0,0.0,0.0,3049,2224,173848,197508,24419,36089,116589,79541,29808,80874,,
1900,PCGS,MS,65,2286572,New Orleans,1,10.0,10.0,0.0,0.0,2383,3743,193319,230310,24145,39089,123886,87903,26320,83391,,
1898,PCGS,MS,64,1855770,Philadelphia,2,10.0,10.0,0.0,0.0,8637,2060,221881,221245,39180,40648,133786,70400,26284,86164,,
1921,PCGS,MS,62,2223458,San Francisco,3,10.0,10.0,0.0,0.0,4712,3600,206603,242176,34192,43472,124220,88510,33080,84045,,
1879,NGC,MS,65,1853884,San Francisco,1,9.0,9.0,1.75,0.0,1945,978,173150,229487,24631,32109,95653,82183,22812,84621,,
1880,NGC,MS,64,2160423,Carson City,2,10.0,10.0,0.35,0.65,2153,3644,204129,255711,29305,46223,128336,91059,35707,100579,,
1889,PCGS,MS,62,2270219,San Francisco,2,10.0,10.0,0.0,0.0,3303,1740,191047,218519,29787,38649,119328,78111,27212,77452,,
1891,PCGS,MS,62,2381850,Philadelphia,3,10.0,10.0,0.0,0.0,3454,3793,200134,222975,31358,39454,124789,83014,29372,83293,,
1878,PCGS,MS,65,1888319,San Francisco,1,9.0,8.0,1.4,0.0,2523,2015,200231,210957,29168,38272,107690,65734,32486,79746,,
1882,NGC-GSA,MS,64,2243994,Carson City,1,10.0,10.0,0.0,0.0,3742,2903,187432,219973,25556,38832,121414,79541,25650,82231,,
1884,PCGS,MS,65,2447917,New Orleans,1,10.0,10.0,0.0,0.0,1446,2716,165981,215692,18820,39412,121089,81874,26204,85226,,
1892,NGC,MS,63,2291636,Philadelphia,1,10.0,10.0,0.0,0.0,3954,3058,199847,231015,37358,41949,131442,83869,27054,82160,,
1883,NGC,MS,64,2260545,New Orleans,3,5.0,10.0,1.35,0.0,5532,2884,226103,229267,41044,44201,132707,78228,39131,90151,,
1888,NGC,MS,64,2298757,New Orleans,2,10.0,9.0,0.0,0.0,2805,4075,171330,203762,24561,39168,115484,76157,23990,81471,,
1900,PCGS,MS,64,2076152,San Francisco,1,10.0,10.0,0.0,0.0,2943,1553,197611,237409,30584,37452,116898,85614,28742,81616,,
1889,PCGS,MS,64,2257083,Philadelphia,1,10.0,10.0,0.0,0.0,3127,1515,194865,230164,24960,33802,121331,77869,22834,80238,,
1887,PCGS,MS,65,2038596,New Orleans,2,9.0,9.0,0.0,0.0,2897,1082,162547,172563,27206,26177,103237,65714,27511,71091,,
1891,PCGS,MS,64,2054120,New Orleans,1,10.0,10.0,0.0,0.0,1675,1919,179170,214181,22510,35193,119050,83566,23711,76957,,
1921,PCGS,MS,65,2288127,Philadelphia,2,10.0,10.0,0.65,0.0,3228,3695,220884,246459,30663,46571,134382,92621,34593,88363,,
1884,PCGS,MS,64,2241130,Carson City,2,10.0,10.0,0.35,0.35,4851,2597,182259,209612,31845,34146,114825,77159,28116,81992,,
1880,PCGS,MS,65,2255060,San Francisco,3,9.0,9.0,1.05,0.0,5332,1838,181875,212113,29697,40625,100979,60679,30008,80820,,
1921,NGC,MS,63,2223447,Philadelphia,0,10.0,10.0,0.0,0.0,5240,2465,202625,213029,33775,37119,121702,80355,22544,72985,,
1900,PCGS-CAC,MS,66,1861219,Philadelphia,1,10.0,10.0,0.0,0.0,1195,1584,213053,257762,21594,36727,120030,89795,33612,89320,,
1899,NGC,MS,64,2253551,Philadelphia,2,10.0,10.0,0.0,0.0,3814,3139,190204,207078,29561,37216,120277,78875,25123,77487,,
1883,PCGS,AU,58,2288619,New Orleans,3,9.0,9.0,0.0,0.0,3970,3512,193183,237115,34759,43407,128900,89360,27715,87406,,
1899,PCGS,MS,63,1857758,New Orleans,3,10.0,10.0,0.7,0.7,4720,2956,206652,240512,40590,41842,124084,85939,36678,93530,,
1881,NGC,MS,66,2461427,Philadelphia,1,10.0,10.0,0.0,0.0,1027,1916,190694,211654,19669,36571,120076,81736,24294,72500,,
1891,PCGS,MS,62,2025081,New Orleans,1,10.0,10.0,0.0,0.0,4138,1779,195236,222873,37945,32720,118031,85949,33020,86925,,
1885,NGC,MS,64,2260551,Philadelphia,3,8.0,10.0,0.65,0.35,1763,2456,160496,212865,22344,37907,95324,79471,28386,79677,,
1887,NGC,MS,64,2248065,Philadelphia,3,5.0,10.0,1.35,0.35,2071,1101,203611,212777,26943,39145,114676,75911,34630,88931,,
1903,PCGS-CAC,MS,65,1885861,Philadelphia,1,10.0,10.0,0.0,0.0,2532,1783,207695,243155,26016,35524,119191,87508,31159,87763,,
1897,ICG,MS,63,2248055,San Francisco,1,10.0,10.0,0.0,0.0,5292,2447,186703,201824,31741,33082,108117,70776,25074,72748,,
1880,ANACS,MS,63,2453573,Philadelphia,1,10.0,10.0,0.0,0.0,2412,2409,181730,220278,27620,37960,118941,78079,28512,83713,,
1883,PCGS-CAC,MS,64,2195394,New Orleans,3,9.0,9.0,2.3,2.3,5389,1848,186109,189058,47181,38957,121691,73249,25426,71036,,
1891,PCGS,MS,66,2259017,Philadelphia,2,10.0,10.0,0.0,0.35,1648,1492,161951,195408,21615,34061,117944,76255,19149,72226,,
1879,PCGS,MS,64,2087683,New Orleans,2,10.0,10.0,1.75,0.0,3821,1275,179377,209632,32120,36924,118930,86040,26991,76648,,
1880,PCGS,MS,68,2234690,San Francisco,1,10.0,10.0,0.0,0.0,1433,985,169307,213597,16513,29407,98159,72293,24527,76611,,
1887,NGC,MS,61,2184454,San Francisco,2,10.0,10.0,0.0,0.0,6558,2693,202213,215644,35151,37704,124634,75287,37244,85162,,
1887,PCGS,MS,62,2462923,Philadelphia,1,10.0,10.0,1.05,0.0,2015,2960,196831,239524,25089,41074,124038,85406,27331,83452,,
1880,PCGS,MS,67,1880905,San Francisco,2,9.0,10.0,3.05,1.0,2566,1456,185324,233066,28085,33791,108774,84148,28787,85624,,
1883,PCGS,MS,64,1883789,Carson City,1,10.0,10.0,0.0,0.0,2243,1080,188390,231224,24801,35480,115541,89262,31876,84612,,
1897,PCGS,MS,66,2295120,Philadelphia,1,10.0,9.0,0.0,0.0,3692,1801,211598,242461,33045,38561,122551,80988,31535,91927,,
1921,PCGS,MS,64,2068721,Philadelphia,2,10.0,10.0,0.0,0.0,2596,2235,195615,232958,26507,38083,121913,85937,27822,78519,,
1883,PCGS,MS,62,2114246,San Francisco,3,9.0,10.0,2.4,1.0,10025,5285,201257,218118,53891,49799,109753,75919,37179,79424,,
1921,NGC,MS,65,2125817,Philadelphia,2,10.0,10.0,0.0,0.0,3244,2688,197504,232784,27035,40132,121605,80031,31840,88858,,
1883,PCGS,MS,65,2287714,Carson City,2,10.0,10.0,0.0,0.0,2518,1213,194945,199971,28710,35922,117890,71039,21138,73320,,
1882,NGC,MS,62,2287582,San Francisco,3,10.0,9.0,2.95,1.95,3515,2844,148658,173929,26620,34107,105053,59042,26138,71541,,
1901,PCGS,MS,64,1883828,New Orleans,3,9.0,10.0,1.35,0.7,3318,3353,182126,227055,30223,40040,123382,85544,27937,83883,,
1878,PCGS,AU,58,1883381,Philadelphia,1,10.0,10.0,1.05,0.0,2969,1790,217686,267814,31438,41136,121027,91494,35472,93649,,
1895,PCGS,MS,61,2076647,New Orleans,2,10.0,10.0,0.35,0.35,2392,2651,190040,250364,27980,44165,123458,91330,29453,89343,,
1893,PCGS,MS,63,2254526,Philadelphia,2,10.0,10.0,0.0,0.0,2440,1874,180589,215079,24331,38566,120767,77538,23577,72268,,
1880,PCGS-CAC,MS,66,1880903,Carson City,1,10.0,10.0,1.75,0.0,979,1685,186140,239222,17796,33141,112233,86552,27424,93113,,
1881,PCGS-CAC,MS,66,2240479,San Francisco,1,10.0,9.0,0.0,0.0,4189,2090,180958,186803,30030,32094,105356,64228,24116,65781,,
1886,PCGS,MS,61,2279786,New Orleans,3,10.0,10.0,0.0,0.0,7696,3409,206152,235287,46425,48861,125552,80328,34220,93824,,
1921,NGC,MS,63,2044596,Philadelphia,2,10.0,10.0,1.0,1.0,5044,2771,224861,259563,37437,43601,132032,88819,29754,90309,,
1890,PCGS,MS,62,2241136,New Orleans,2,10.0,10.0,0.0,0.0,3860,2811,192494,215726,26194,35342,119693,83135,30771,83907,,
1879,PCGS-CAC,MS,64,2203399,Carson City,2,10.0,10.0,0.0,0.0,2582,1734,181841,230838,25388,34776,101769,85505,26131,81782,,
1880,NGC,MS,65,2188876,San Francisco,1,9.0,9.0,0.0,0.0,3410,1906,170318,204326,29008,34809,101745,72307,31926,74806,,
1880,PCGS-CAC,MS,68,2270281,San Francisco,1,10.0,10.0,0.0,0.0,1403,2640,167225,202085,18501,37873,109793,73148,23502,70386,,
1885,PCGS,MS,62,2248021,San Francisco,1,10.0,10.0,0.0,0.0,3524,2266,170940,215860,25052,38046,99293,72409,27710,75134,,
1880,NGC,MS,65,2048769,San Francisco,1,10.0,10.0,1.75,0.0,3555,1269,188957,235275,30824,35723,115172,85010,25927,84146,,
1878,PCGS,MS,64,2287701,Carson City,2,10.0,10.0,0.35,0.35,2788,1163,163492,170982,28196,29690,112748,70721,20065,67993,,
1878,PCGS-CAC,MS,64,2121760,Carson City,1,10.0,9.0,0.0,0.0,3448,3783,192480,220738,28646,44400,113460,74143,24795,78251,,
1878,NGC-CAC,MS,64,2249134,Philadelphia,1,9.0,10.0,0.0,0.0,4605,1200,164648,222330,31483,34851,98282,78415,19606,81491,,
1883,PCGS,MS,65,2163341,Carson City,1,10.0,10.0,0.0,0.0,1735,1691,194169,235997,20407,37464,116740,88618,28873,82074,,
1898,PCGS,MS,63,2224468,San Francisco,1,10.0,10.0,0.0,0.0,2643,1755,187128,211198,23235,30701,116229,73390,29025,79970,,
1881,PCGS,MS,64,2420875,New Orleans,2,10.0,10.0,1.75,0.0,3406,2509,185215,227091,30156,34977,124449,85277,26647,83848,,
1881,PCGS,MS,66,1854714,San Francisco,1,10.0,10.0,1.75,0.0,2068,1402,196245,244519,23244,36322,119405,85387,31273,87819,,
1884,PCGS,MS,65,1885886,New Orleans,1,10.0,9.0,0.0,0.0,1360,2611,174937,196656,18661,37648,106001,68816,27722,77978,,
1880,PCGS,MS,63,2295593,San Francisco,3,9.0,9.0,0.35,0.0,4045,1419,180597,203162,36835,35523,98534,64079,28967,79560,,
1880,PCGS,AU,55,2034067,New Orleans,1,10.0,10.0,1.75,0.35,8158,4838,218213,235335,41518,45108,126476,77752,38222,88209,,
1881,NGC,AU,58,2120280,New Orleans,1,10.0,10.0,0.0,0.0,3770,2180,198996,239555,23397,34670,123753,86957,32528,87791,,
1881,PCGS,MS,66,2032169,San Francisco,1,10.0,10.0,1.75,0.0,2220,1793,200867,229453,26414,37805,124950,76443,31120,82345,,
1882,PCGS,MS,65,2295092,Carson City,1,10.0,10.0,0.0,0.0,2154,2450,189664,235150,22561,37208,120988,85478,26428,84520,,
1885,PCGS,MS,65,2408846,San Francisco,2,9.0,8.0,1.75,1.0,2820,1782,180503,205813,31904,38223,110355,67681,31249,82507,,
1883,ICG,MS,64,2275558,Carson City,2,10.0,10.0,0.0,0.0,3346,1170,186955,215474,33431,33096,110427,80379,29752,84411,,
1883,NGC-GSA,MS,64,2054752,Carson City,1,10.0,10.0,1.75,0.0,1686,1601,188968,234552,22601,36912,111976,86574,29694,85257,,
1880,NGC,MS,65,2223438,San Francisco,1,9.0,7.0,0.0,0.0,2266,2003,167840,182760,23985,34148,103279,62275,27995,83386,,
1880,NGC,MS,65,2203903,San Francisco,1,10.0,10.0,0.0,0.0,4093,3516,169225,210904,25939,41185,106713,77724,22164,69654,,
1883,NGC,MS,60,2223448,San Francisco,3,10.0,10.0,0.0,0.0,3695,2225,186661,211040,35795,38678,114390,81820,32541,85235,,
1878,NGC,MS,61,2298984,Philadelphia,2,10.0,10.0,0.7,0.35,2133,1793,163623,195078,27056,37732,109202,79483,25195,72326,,
1886,PCGS,MS,62,2264530,San Francisco,2,10.0,10.0,0.0,0.0,4338,1682,198214,209646,33441,36696,119046,76643,28883,82335,,
1890,ANACS,MS,63,2457022,New Orleans,1,10.0,10.0,0.0,0.0,2905,2754,181715,221139,27927,38395,120281,84904,29341,81940,,
1900,PCGS,MS,65,2286268,New Orleans,2,10.0,10.0,0.0,0.0,3810,3220,185153,217255,30255,34880,122410,77905,24944,76888,,
1878,PCGS,MS,63,2016037,San Francisco,1,9.0,9.0,0.0,0.0,3206,1633,198635,228219,31168,40565,111936,73944,32563,80166,,
1890,NGC,MS,64,2285240,San Francisco,1,10.0,10.0,0.0,0.0,2843,2633,204086,227523,32282,40662,126654,80468,24560,80899,,
1900,NGC,MS,66,2273747,New Orleans,1,10.0,10.0,0.0,0.0,1619,2853,205736,237307,21932,41594,131563,86766,29206,87412,,
1885,NGC,MS,67,2382338,New Orleans,1,10.0,10.0,0.0,0.0,801,3266,176110,222615,17846,40515,126318,84290,24616,82858,,
1892,PCGS,MS,65,2291786,Carson City,1,10.0,10.0,0.0,0.0,3289,1804,176052,214296,28683,36081,106695,78193,28444,76567,,
1886,PCGS,MS,65,2296231,Philadelphia,1,10.0,10.0,0.0,0.0,1445,2719,201642,224203,21175,37327,125815,78806,24380,79297,,
1882,NGC,MS,64,2177367,New Orleans,3,6.0,10.0,1.95,0.0,6120,1392,171682,218417,30012,32393,117310,84302,24145,83427,,
1892,PCGS,MS,64,2054150,New Orleans,1,10.0,10.0,0.0,0.0,4513,2098,197789,241750,37077,34828,115696,86606,34739,86336,,
1880,NGC,MS,64,2151994,San Francisco,1,9.0,9.0,0.0,0.0,6692,3359,198139,227798,47844,43939,112927,78726,34358,78656,,
1887,ICG,MS,64,2275097,Philadelphia,3,9.0,10.0,0.35,0.35,2292,2294,160424,209893,19846,38500,100463,77344,23060,74133,,
1888,PCGS-CAC,MS,63,2234507,San Francisco,1,10.0,9.0,0.0,0.0,3675,3192,202017,196904,32112,38108,119986,66078,31358,80187,,
1889,PCGS,MS,65,1861220,San Francisco,4,8.0,9.0,3.6,3.6,4792,2395,207051,239084,41709,42032,123489,83783,35858,92530,,
1891,PCGS,MS,62,2151910,San Francisco,1,10.0,10.0,0.0,0.0,2966,2020,186815,210465,26916,32301,110895,76715,22171,73914,,
1879,NGC,MS,65,2274263,San Francisco,1,10.0,10.0,0.0,0.0,3354,1323,181736,215680,23181,33873,109575,74822,26685,79396,,
1880,PCGS-CAC,MS,63,2073640,New Orleans,2,10.0,10.0,1.75,1.65,2148,2678,181285,233078,27032,40402,117917,88338,29350,85809,,
1880,NGC,MS,65,2030653,San Francisco,4,4.0,9.0,4.35,0.0,7204,3130,243669,200148,55342,40580,133459,64407,41332,83676,,
1878,PCGS-CAC,MS,61,2252114,Philadelphia,1,10.0,9.0,0.0,0.0,6264,1708,171466,163913,38989,30770,90908,48821,33694,74968,,
1899,PCGS,MS,66,2242028,Philadelphia,2,10.0,10.0,0.0,0.0,1922,1086,178493,193244,20808,31219,115008,70982,24906,72566,,
1883,NGC-GSA,MS,65,2293751,Carson City,1,10.0,10.0,0.0,0.0,1403,1026,171475,196702,21237,31381,110520,67393,24783,78288,,
1882,PCGS,MS,67,2076180,San Francisco,3,9.0,10.0,3.7,0.0,7335,1554,232133,212503,48220,37129,128986,74472,46156,78751,,
1886,PCGS,MS,65,2076156,San Francisco,2,10.0,10.0,1.05,0.0,2402,1892,200235,218397,27753,36215,121228,79746,29607,75746,,
1884,NGC,AU,55,2211918,San Francisco,2,10.0,10.0,0.0,0.65,3645,3969,187456,207173,28906,40948,120598,82989,28723,73404,,
1885,NGC,MS,63,2248070,San Francisco,2,10.0,8.0,0.0,0.0,5478,2835,167852,167473,34250,31904,105821,59861,21039,65082,,
1882,PCGS,MS,65,2235988,Philadelphia,2,10.0,9.0,0.0,0.7,4859,2738,168980,207073,23155,40205,114642,80580,20811,69304,,
1881,NGC,MS,65,1853890,San Francisco,2,10.0,10.0,1.75,0.0,2628,2066,204113,249999,27639,38755,119815,87781,27984,90433,,
1890,PCGS,MS,64,1876788,New Orleans,2,10.0,10.0,0.0,0.35,6065,2835,173987,209535,38968,38888,124127,76446,12718,74598,,
1897,PCGS,MS,63,2156824,San Francisco,1,9.0,8.0,0.35,0.0,3591,1966,184143,219056,34722,35152,104725,72298,29657,82279,,
1879,PCGS,MS,64,2160470,San Francisco,3,10.0,10.0,2.3,0.35,4587,2140,193072,159249,34786,30829,107998,47471,42589,67613,,
1885,PCGS,MS,62,2291444,San Francisco,1,9.0,10.0,0.0,0.0,4482,2862,185297,243064,34150,39187,113392,85257,31575,86669,,
1884,NGC,MS,65,2422023,New Orleans,3,10.0,7.0,1.75,2.95,2236,6076,178372,219704,25768,48818,121918,87976,25647,88615,,
1880,PCGS,MS,62,2458499,Carson City,1,10.0,10.0,0.0,0.0,2800,2341,179331,215879,26758,36409,113716,85820,29550,78083,,
1880,PCGS,MS,63,1883776,Philadelphia,2,10.0,10.0,1.75,0.0,5151,2987,215096,231302,39462,42236,116601,80990,33341,86043,,
1881,NGC,MS,65,2363356,San Francisco,1,10.0,10.0,0.0,0.0,2237,2247,169418,200595,25007,37683,113125,68902,22308,74324,,
1878,PCGS,MS,63,2248037,Philadelphia,3,8.0,10.0,3.95,0.0,7001,1590,236876,249292,56560,42055,127870,82152,35045,101171,,
1885,NGC-CAC,MS,65,2298645,Philadelphia,3,7.0,8.0,2.6,3.6,8537,4608,190539,200899,44937,40112,113568,76332,28385,72681,,
1878,PCGS,MS,62,2160337,Carson City,3,10.0,10.0,2.95,0.0,6788,2449,221625,216533,51586,39807,123122,80535,35908,81002,,
1890,PCGS,MS,64,2218460,New Orleans,1,10.0,10.0,0.0,0.0,4621,2790,187739,205660,32125,39016,119197,79827,23555,73715,,
1883,PCGS,MS,65,2295094,Philadelphia,2,10.0,9.0,0.0,0.0,2899,1864,202409,198726,30764,35266,119345,69359,28683,74267,,
1888,NGC,MS,64,2298995,New Orleans,1,10.0,10.0,0.0,0.0,1936,2432,174517,205577,26435,40265,119741,77748,25267,79564,,
1878,NGC,MS,65,2298762,San Francisco,2,10.0,10.0,0.65,0.0,1178,1556,180396,193072,21787,35960,113929,73517,26868,74317,,
1903,NGC-CAC,MS,64,2279080,New Orleans,1,10.0,10.0,0.0,0.0,2997,2786,199803,242538,30304,41457,135003,85633,26586,87032,,
1881,PCGS,MS,62,1853812,Philadelphia,1,10.0,10.0,1.75,0.0,2506,1971,198303,243217,24985,35472,119313,89230,30549,84455,,
1890,PCGS,MS,62,2223483,San Francisco,1,10.0,10.0,0.0,0.0,6618,2254,203797,225251,40163,38521,118980,73407,29674,79474,,
1899,PCGS,MS,63,2257101,Philadelphia,3,10.0,10.0,0.0,0.0,4519,1401,180129,197447,28937,28960,107233,70581,25995,72276,,
1921,NGC,MS,63,2289687,Philadelphia,3,10.0,10.0,0.0,1.65,5447,4298,212852,249667,30177,53144,123129,80836,38372,95284,,
1880,PCGS,MS,65,2241101,Carson City,2,10.0,10.0,0.0,0.0,3516,2782,177762,205718,25745,30745,110587,79407,30990,80931,,
1882,NGC-GSA,MS,63,2206407,Carson City,1,10.0,10.0,0.0,0.0,4809,2876,196411,201259,28668,35588,105813,66352,27047,70003,,
1904,NGC,MS,65,2296660,New Orleans,1,10.0,10.0,0.0,0.0,2013,2942,200625,221712,26674,38680,130156,85489,26209,80806,,
1880,PCGS-CAC,MS,66,2054705,San Francisco,3,3.0,10.0,5.0,0.0,3241,1032,181975,215396,30311,36103,114441,80600,30922,80892,,
1887,PCGS-CAC,MS,63,2283423,Philadelphia,1,10.0,10.0,0.0,0.0,1746,2138,186981,215206,25253,37417,120294,73800,27646,75603,,
1879,PCGS,MS,64,2287704,Philadelphia,2,10.0,10.0,0.0,0.0,1623,1916,175608,214877,21812,38099,113329,75182,21128,77973,,
1903,PCGS,MS,63,1883833,New Orleans,1,10.0,10.0,0.0,0.35,6316,2802,234184,234250,29680,39073,135070,77505,33932,85697,,
1897,NGC,MS,65,2255607,Philadelphia,3,8.0,8.0,2.0,0.65,6725,2963,213906,228567,49068,45628,128618,79853,35025,88482,,
1883,NGC,AU,58,2248071,San Francisco,1,10.0,10.0,0.0,0.0,5563,3006,205251,226388,34358,41723,122540,83196,30902,78763,,
1901,PCGS,MS,64,2296693,New Orleans,2,9.0,9.0,0.0,0.0,2643,1740,187412,204083,25654,34016,118274,71425,24892,69395,,
1900,PCGS,MS,64,2296692,San Francisco,2,10.0,10.0,0.0,0.0,3314,2345,208761,230824,33103,36515,126304,82643,32182,91400,,
1886,NGC,MS,65,2097800,Philadelphia,2,10.0,10.0,0.0,0.35,1597,2122,190219,234614,25317,39683,118304,87635,27365,83421,,
1897,PCGS,MS,63,1856771,San Francisco,4,9.0,9.0,0.65,1.3,1967,2742,196367,252064,27097,42401,120933,88707,30083,96640,,
1880,NGC,MS,63,2048772,San Francisco,1,10.0,10.0,0.0,0.0,4438,1180,198932,236899,36950,36347,115357,85451,27753,84785,,
1897,PCGS,MS,64,1855768,Philadelphia,2,10.0,9.0,0.0,0.35,5809,2132,217021,244633,37302,36216,127217,82967,32614,87757,,
1886,PCGS,MS,60,2279781,New Orleans,3,10.0,10.0,0.0,0.0,9311,2867,197292,220828,41537,37294,122384,75771,35619,91095,,
1921,NGC,MS,63,2160476,Philadelphia,3,9.0,10.0,0.35,2.0,10352,4570,226657,226474,52239,50726,119806,68307,40226,89123,,
1879,NGC,MS,64,2422478,San Francisco,1,10.0,10.0,0.0,0.0,2097,2403,177514,216755,23696,36272,118261,80199,21863,80553,,
1882,PCGS,AU,58,2226453,San Francisco,2,10.0,10.0,0.0,0.0,5881,3031,197337,228537,42768,44958,115200,81303,31187,80842,,
1881,PCGS,MS,63,2416463,New Orleans,1,10.0,9.0,0.0,0.0,5112,2769,171550,179133,36480,35314,113289,68850,27755,75760,,
1878,PCGS,MS,64,2152007,Philadelphia,3,8.0,8.0,3.6,1.95,6735,3571,228913,224995,50507,48347,131088,75796,36113,84774,,
1890,PCGS,MS,63,2279688,San Francisco,1,10.0,10.0,0.0,0.0,4652,2489,174124,177017,30524,31931,115397,56524,23727,68645,,
1878,NGC,MS,63,2177346,Philadelphia,2,10.0,10.0,0.0,0.0,2508,2354,174644,210627,26191,36928,113696,83566,23138,79009,,
1880,PCGS-CAC,MS,66,2408821,Carson City,3,6.0,9.0,4.35,2.95,6309,3008,225794,227843,44214,40307,126968,82434,40789,86492,,
1878,PCGS,MS,62,2298766,Philadelphia,1,10.0,10.0,0.0,0.0,3020,1973,187329,214278,28700,39583,121738,76785,23177,79626,,
1885,PCGS,MS,65,2287729,Philadelphia,1,10.0,10.0,0.0,0.0,2427,1771,183009,195016,25236,32431,116482,70058,24492,70471,,
1880,PCGS-CAC,MS,67,2065684,San Francisco,2,8.0,8.0,2.4,1.3,2661,2013,165558,211569,27575,37737,103776,80218,25472,88943,,
1885,PCGS,MS,61,2169404,Philadelphia,1,9.0,9.0,0.0,0.0,6839,3908,198240,203289,48711,41276,115438,74713,38417,86412,,
1899,NGC-CAC,MS,62,2211951,San Francisco,2,10.0,10.0,0.0,0.0,5361,1693,186381,216548,30552,36314,116095,79331,26235,78900,,
1882,PCGS,MS,64,2090704,Carson City,2,10.0,10.0,1.75,0.0,3708,2136,205387,246730,32196,36953,118054,91454,33859,90742,,
1887,NGC,MS,62,2120288,New Orleans,1,10.0,10.0,0.0,0.0,4483,1580,213529,234292,37336,39580,129771,88409,34237,94101,,
1900,PCGS,MS,65,2008579,New Orleans,1,10.0,9.0,0.0,0.0,2375,1316,205952,239345,26788,32719,121495,86382,31394,86728,,
1880,PCGS,MS,65,2071213,San Francisco,3,10.0,5.0,1.75,3.95,2499,1286,145149,203659,26418,33212,113439,79732,20832,72728,,
1900,NGC,MS,64,2366361,Philadelphia,3,10.0,9.0,2.3,2.95,1474,4065,166772,216032,23548,43083,116352,89150,19283,76524,,
1883,PCGS-CAC,MS,66,2284073,Carson City,3,8.0,10.0,2.95,0.0,5460,2712,222881,216037,47145,39166,131349,73194,39703,86748,,
1904,NGC,MS,64,2454015,New Orleans,1,10.0,10.0,0.0,0.0,1653,1971,187980,215925,21101,36217,126415,80545,26823,82684,,
1891,PCGS,MS,64,2020037,Carson City,1,10.0,10.0,0.0,0.0,2735,2551,187187,235413,27171,38889,121772,89337,30451,83043,,
1882,PCGS,MS,65,2121773,San Francisco,2,10.0,10.0,0.0,0.0,4484,1981,176609,228767,34085,37484,103841,85174,25134,77484,,
1902,NGC,MS,64,2291097,New Orleans,3,9.0,9.0,3.25,3.25,2728,6629,172151,201921,21323,42220,118691,80687,27700,72434,,
1878,PCGS,AU,55,1857741,Philadelphia,3,10.0,10.0,1.05,0.7,6441,3323,207985,205429,36190,39283,127156,75776,35305,82417,,
1904,PCGS,MS,65,2463006,New Orleans,1,10.0,10.0,0.0,0.0,1378,2437,186453,234543,20062,38240,124572,85038,27242,84576,,
1883,NGC,MS,65,1853872,Philadelphia,2,10.0,10.0,1.75,0.0,2764,2733,193504,226250,30776,42103,118528,71478,38078,90369,,
1894,PCGS,AU,58,2287761,San Francisco,3,9.0,6.0,0.0,0.65,3640,4298,191032,213159,33816,51182,121531,74617,30866,85258,,
1903,PCGS,MS,64,2090229,New Orleans,3,10.0,9.0,1.0,1.35,5276,3876,183838,197644,30660,44121,123312,67653,26791,76475,,
1904,NGC,MS,64,2029117,New Orleans,2,10.0,10.0,1.35,2.0,3142,3578,197718,218151,37122,42715,123649,84821,33646,81924,,
1897,PCGS,MS,63,1883377,Philadelphia,2,10.0,9.0,0.0,0.0,3619,1710,203319,246564,30746,38804,116759,85251,30650,89395,,
1881,PCGS,MS,66,2408828,New Orleans,1,10.0,10.0,1.75,0.0,2522,1369,185186,209956,23582,31750,109379,75040,24903,76609,,
1881,PCGS,MS,65,2170900,Carson City,2,10.0,10.0,0.0,0.0,4025,1662,173633,180933,29441,31711,101877,60757,26792,69516,,
1903,PCGS,MS,63,2279654,Philadelphia,2,10.0,10.0,0.0,0.0,8022,2896,190597,210728,35102,35547,119524,74761,28617,77299,,
1878,PCGS,MS,65,2110781,San Francisco,1,10.0,10.0,0.0,0.0,2612,1372,188523,226774,24572,36524,115284,80305,29425,80361,,
1898,PCGS,MS,65,2203916,Philadelphia,1,10.0,10.0,0.0,0.0,2254,2831,198096,225231,26155,37290,122826,82372,30378,80617,,
1887,PCGS,MS,62,2241133,New Orleans,1,10.0,10.0,0.0,0.0,7019,3615,202312,214899,38919,37868,124576,82162,26436,75842,,
1896,PCGS,MS,61,2299093,Philadelphia,3,9.0,9.0,0.0,0.0,3302,2689,183553,240462,30483,39601,122587,88853,25231,90518,,
1895,PCGS-CAC,MS,64,2288233,San Francisco,2,9.0,9.0,0.0,0.0,2513,1274,186999,203434,23581,34009,113164,73416,29486,73594,,
1903,NGC,MS,65,2293659,Philadelphia,2,10.0,10.0,0.0,0.0,2222,3568,207510,229575,33289,42512,129135,81717,26723,78943,,
1883,PCGS,MS,63,2155834,New Orleans,2,10.0,10.0,0.0,0.0,3918,2802,200733,221267,33716,42141,127582,80944,31544,85847,,
1887,NGC,MS,64,2029121,Philadelphia,1,10.0,10.0,1.05,0.0,2295,3164,200275,226512,24527,42680,120767,84328,28491,76348,,
1880,ANACS,AU,58,2283303,New Orleans,1,10.0,10.0,0.0,0.0,7994,2384,169813,189158,35819,36455,107340,71134,25744,70703,,
1880,NGC,MS,66,2048778,San Francisco,1,10.0,10.0,1.75,0.0,2475,1903,184460,236437,25341,39649,114991,86942,27375,85082,,
1885,PCGS,MS,65,2029158,New Orleans,2,9.0,8.0,3.05,0.65,1095,2087,167446,208334,18567,36100,104236,67020,26121,75214,,
1885,ANACS,MS,64,2263525,New Orleans,3,10.0,10.0,1.35,1.35,3739,2822,178905,223831,27522,36638,119990,82124,28700,91808,,
1879,PCGS-CAC,MS,63,2244222,Carson City,1,10.0,10.0,0.0,0.0,2530,1865,159009,191260,26213,32059,99590,68238,23117,67454,,
1884,PCGS-CAC,MS,65,2169477,Carson City,2,10.0,9.0,0.35,1.35,3878,2133,167015,164120,26258,31456,101829,47958,33225,66613,,
1881,PCGS-CAC,MS,66,2272157,San Francisco,1,10.0,10.0,0.0,0.0,1525,994,184639,190790,19328,34458,106925,64998,28731,71160,,
1890,PCGS,MS,62,1883806,San Francisco,2,10.0,10.0,0.65,0.35,5064,1787,198948,235491,41766,39957,119752,87066,30084,83918,,
1887,PCGS,MS,64,2160475,Philadelphia,2,10.0,10.0,0.7,1.3,3721,3901,211605,256288,33548,48320,125539,85949,28708,95943,,
1880,NGC-GSA,MS,64,2234168,Carson City,1,10.0,10.0,0.0,0.0,3865,3777,174260,210714,30477,38680,112471,80530,26762,81094,,
1879,NGC,AU,55,2010520,Carson City,2,9.0,9.0,1.4,0.0,2832,2722,189373,232327,31346,39606,120806,91920,33267,81010,,
1891,PCGS-CAC,MS,62,2204430,Carson City,1,10.0,10.0,0.0,0.0,2513,2992,180109,219079,26816,39704,117023,86959,29887,78052,,
1883,PCGS,MS,62,2068665,San Francisco,1,10.0,10.0,1.75,0.0,3470,4203,196598,241914,33469,48045,121290,90575,29264,85671,,
1886,PCGS,MS,64,2427377,Philadelphia,1,10.0,10.0,0.0,0.0,2369,2601,189371,225535,27943,36136,121937,85879,30452,81665,,
1897,NGC,AU,55,2274272,New Orleans,3,9.0,10.0,0.0,0.0,4192,2885,192660,226082,34945,39319,118926,81873,31668,82329,,
1904,PCGS,MS,65,2029104,New Orleans,2,10.0,10.0,0.65,1.95,5369,3835,198334,197733,40933,37662,129058,67947,31772,83624,,
1878,PCGS,MS,64,2253514,Philadelphia,1,10.0,10.0,0.0,0.0,2961,1608,188333,225972,25248,36723,114948,76263,25157,82181,,
1890,PCGS,MS,65,2255624,Philadelphia,1,10.0,10.0,0.0,0.0,2888,1370,194173,215413,23441,29910,118991,77610,23972,73837,,
1881,PCGS-CAC,MS,65,1888323,New Orleans,1,10.0,9.0,0.0,0.0,1439,1577,195434,242934,20811,35367,123738,85590,28068,89064,,
1893,PCGS,MS,63,2120312,Carson City,1,10.0,10.0,0.0,0.0,6071,1501,199399,205520,44142,35123,107043,70764,27163,70056,,
1885,PCGS-CAC,MS,66,2065686,New Orleans,2,10.0,10.0,1.75,0.0,1715,1745,186055,225294,22931,37787,116608,85799,31336,86019,,
1891,NGC,MS,62,2177402,Philadelphia,1,10.0,10.0,0.0,0.0,2013,2175,199510,237975,25727,37065,120796,89870,30937,81666,,
1883,NGC,MS,65,2298212,Carson City,1,10.0,10.0,0.0,0.0,1600,1925,191440,236152,24919,38161,119143,88545,30814,89789,,
1891,PCGS,MS,62,2298767,Philadelphia,2,10.0,10.0,0.0,0.0,1972,2848,168063,206236,22798,33736,114327,79961,23109,77466,,
1896,PCGS,MS,61,2452014,New Orleans,1,10.0,10.0,0.0,0.0,4608,3371,193167,235745,32994,39075,124597,90633,32387,87714,,
1891,PCGS-CAC,MS,65,2207988,San Francisco,1,10.0,10.0,0.0,0.0,3727,2190,190831,219534,30215,35473,113977,81835,26221,76846,,
1880,PCGS,MS,61,2049141,Philadelphia,2,10.0,9.0,1.75,1.65,4653,2155,181811,226026,34936,38449,111732,84476,27221,84897,,
1886,NGC,AU,58,2090275,New Orleans,1,10.0,10.0,0.0,0.0,5861,4527,209156,240467,31846,43757,124600,86642,32964,85657,,
1891,PCGS,AU,55,2177404,New Orleans,2,10.0,10.0,0.0,0.0,6827,2982,198666,237619,39129,43167,126451,77222,37846,95847,,
1881,ANACS,MS,65,2457004,Carson City,1,10.0,10.0,0.0,0.0,2777,3698,180423,218499,27342,40563,118759,84252,26924,82117,,
1887,NGC,MS,63,2065727,Philadelphia,2,10.0,10.0,0.0,0.0,1052,2070,191827,235246,20680,35632,118886,89449,29801,83254,,
1887,PCGS,MS,64,2128801,Philadelphia,2,10.0,10.0,0.0,0.0,1955,2090,187697,228174,22682,36466,118488,88147,31474,84961,,
1898,PCGS,MS,65,2232121,Philadelphia,2,10.0,10.0,0.0,0.0,5872,2557,186196,218999,34746,36650,117616,82198,27386,86734,,
1880,PCGS-CAC,MS,64,2408886,New Orleans,3,9.0,9.0,2.4,0.35,3960,2399,183693,223486,32885,39195,121497,86432,26745,86390,,
1921,ANACS,MS,61,2296192,Denver,3,9.0,9.0,3.6,3.6,6507,4797,220559,238615,46971,52748,125332,75042,44696,92549,,
1904,PCGS,MS,66,2114238,New Orleans,2,8.0,8.0,0.35,0.35,2361,2253,186471,205448,32386,36751,117376,75872,26398,79277,,
1881,PCGS,MS,65,2296220,San Francisco,1,10.0,10.0,0.0,0.0,1524,2164,184803,190916,22449,35395,121065,72231,24465,73319,,
1883,PCGS,MS,64,2029094,New Orleans,2,9.0,10.0,1.75,0.0,2526,2665,189941,218441,27418,38274,122392,84637,29750,87071,,
1885,NGC,MS,63,1855772,Philadelphia,1,10.0,10.0,1.75,0.35,1862,1903,196868,239914,25389,37260,120248,87865,30383,81936,,
1921,PCGS,MS,63,2241150,Denver,2,10.0,10.0,0.35,1.0,4811,2805,227858,231225,48095,49905,138027,84957,39884,93619,,
1896,PCGS,MS,65,2068700,Philadelphia,1,10.0,10.0,0.0,0.0,858,3099,203732,245329,19975,41719,118996,85323,30418,83146,,
1891,PCGS,MS,64,2199017,Philadelphia,2,10.0,10.0,0.0,0.0,4442,2770,181828,211164,26783,34762,103838,70558,26021,76733,,
1895,NGC,AU,55,2100732,San Francisco,1,10.0,10.0,0.35,0.35,7307,5474,238477,252498,46916,51993,133048,84811,41462,83502,,
1885,NGC,MS,64,2295611,New Orleans,2,9.0,10.0,0.35,0.0,2306,818,150110,197749,20225,35238,99405,70870,20836,76795,,
1880,PCGS,MS,62,2259702,New Orleans,2,10.0,10.0,0.35,0.35,2839,2526,169730,191408,28495,36280,111044,72615,19893,68033,,
1879,PCGS,MS,63,2068650,San Francisco,1,9.0,9.0,0.0,0.0,3258,1265,206688,238890,32341,37794,117385,81823,28355,82744,,
1885,PCGS-CAC,MS,67,1875409,Philadelphia,2,10.0,9.0,1.75,0.0,1353,1585,175543,228397,16384,35938,120010,87963,19001,84397,,
1879,NGC,MS,64,2274232,Philadelphia,4,9.0,9.0,3.6,3.6,8793,3906,170530,185121,41929,36298,115404,69700,21492,73171,,
1890,PCGS,MS,65,2247993,Philadelphia,1,10.0,10.0,0.0,0.0,1718,1246,180058,214234,23697,30904,120588,77344,26204,78717,,
1886,NGC,MS,65,2203909,Philadelphia,1,10.0,10.0,0.0,0.0,4265,1880,190052,210412,30385,36638,121099,77180,23037,76153,,
1880,NGC-GSA,MS,61,2215112,Carson City,2,10.0,10.0,0.0,0.0,5425,3611,190974,223710,31726,39335,111644,86446,33082,77489,,
1884,NGC,MS,63,2194953,New Orleans,1,10.0,10.0,0.0,0.0,2547,1447,164454,210564,27923,35315,120315,89917,16723,78184,,
1879,PCGS,MS,66,2090225,San Francisco,2,10.0,10.0,1.75,0.35,1984,1605,164594,205538,24083,36413,111106,72488,18947,75884,,
1886,NGC,MS,67,2115878,Philadelphia,1,10.0,10.0,0.0,0.0,1191,1474,200497,253620,17336,35270,123539,89947,30141,88055,,
1890,PCGS,MS,64,2289585,New Orleans,1,10.0,10.0,0.0,0.0,2862,3675,205312,251410,33382,47726,131255,87548,30433,90584,,
1887,PCGS,MS,63,2025065,New Orleans,1,10.0,10.0,0.0,0.0,2787,2309,193789,253834,27714,39195,122658,88054,32059,90144,,
1895,PCGS,MS,63,2102777,San Francisco,1,10.0,10.0,0.0,0.0,4609,2901,212215,234085,40717,41773,118219,78947,30954,82703,,
1880,NGC,MS,60,2120279,San Francisco,1,10.0,10.0,0.0,0.0,8078,1409,207249,191967,50104,31337,113895,57497,28415,74030,,
1881,PCGS,MS,67,2291776,Carson City,1,10.0,10.0,0.0,0.0,1255,2429,177498,218675,18751,33253,108083,77775,28840,77041,,
1880,NGC,MS,65,2447900,San Francisco,4,2.0,1.0,2.4,2.6,6366,3872,194103,190626,38220,37184,114852,64609,30594,73936,,
1879,NGC,MS,63,2274269,Philadelphia,4,6.0,7.0,0.65,3.25,8433,6116,207476,243812,47101,52093,126871,84652,32922,99069,,
1878,PCGS,MS,66,2078771,San Francisco,1,9.0,9.0,1.4,0.0,1602,1331,184632,206816,22608,37118,108171,67253,28786,77393,,
1882,PCGS,MS,66,2244261,San Francisco,2,10.0,10.0,0.0,0.0,3380,2239,176842,211185,24819,34825,107604,75468,27228,74082,,
1892,PCGS,MS,64,2071217,Philadelphia,2,10.0,10.0,1.3,1.3,2002,1939,190297,259265,26739,39808,118159,91232,31906,89712,,
1888,PCGS,MS,65,2287745,Philadelphia,1,10.0,10.0,0.0,0.0,1574,2821,183117,210145,24430,40071,115871,78231,24308,76857,,
1887,PCGS,MS,61,2218557,San Francisco,2,10.0,10.0,0.0,0.0,5698,2641,184919,214824,38160,40147,120062,76989,27077,79584,,
1879,NGC,MS,64,2169371,San Francisco,1,10.0,10.0,0.0,0.0,5752,2046,180547,216886,30771,32621,109530,78520,28006,76313,,
1887,PCGS,MS,66,2255623,Philadelphia,1,10.0,10.0,0.0,0.0,1637,990,194407,216918,19000,30572,120903,78588,31458,80885,,
1885,NGC-CAC,MS,64,2298699,New Orleans,3,10.0,10.0,3.25,3.6,7777,8059,193782,239469,55173,66557,123380,89138,30542,84432,,
1892,PCGS,MS,64,2034651,New Orleans,3,10.0,9.0,2.95,2.95,5910,3390,177356,177387,38367,38108,124327,63956,27702,74698,,
1884,NGC,MS,64,2420394,New Orleans,1,9.0,8.0,0.0,0.0,2462,2019,156888,174180,26595,28910,106685,68808,26322,72261,,
1891,PCGS,MS,63,2260560,Carson City,1,10.0,10.0,0.0,0.0,3891,2984,179014,217938,30689,35832,117357,84250,26474,78973,,
1881,NGC,MS,65,2211970,San Francisco,1,9.0,10.0,0.0,0.0,5891,2895,202065,221447,31840,42571,122310,69696,25937,81941,,
1884,NGC-GSA-CAC,MS,64,2388312,Carson City,1,10.0,10.0,0.0,0.0,2587,3092,173767,208579,26488,39512,110936,78325,25891,77889,,
1896,PCGS,AU,55,2212015,New Orleans,3,10.0,10.0,1.65,3.6,3346,2501,176160,212637,34170,38364,121503,81027,27585,85376,,
1887,PCGS,MS,62,2025068,New Orleans,1,10.0,10.0,0.0,0.0,4532,1758,214747,257297,37274,35743,124013,88704,36589,92657,,
1900,NGC-CAC,MS,64,2453484,New Orleans,1,10.0,10.0,0.0,0.0,2254,3376,196315,235261,27691,44290,129630,84069,30628,80835,,
1879,PCGS,MS,63,2155810,San Francisco,1,10.0,10.0,0.0,0.0,4640,2603,176649,240522,36403,37460,97005,84568,24093,82751,,
1888,PCGS,MS,63,2170932,Philadelphia,3,9.0,10.0,3.95,1.35,9385,3430,192570,201482,52495,41686,119326,78157,32729,75629,,
1921,NGC,MS,63,2068720,San Francisco,2,10.0,10.0,0.65,0.35,3404,5961,189334,238442,34498,52609,126926,96057,29198,90867,,
1884,PCGS,MS,66,2104711,Carson City,1,10.0,10.0,0.0,0.0,2599,2075,205958,240439,25310,35016,124669,85445,36209,86171,,
1878,NGC,MS,63,2298787,San Francisco,1,10.0,10.0,0.0,0.0,3871,2388,183176,190364,23105,38952,110416,65262,27978,67263,,
1888,NGC,MS,61,2286602,San Francisco,3,9.0,10.0,0.65,0.0,3893,1980,194139,212550,32263,42262,108510,73873,33344,80007,,
1921,PCGS,MS,62,2090227,San Francisco,1,10.0,10.0,0.0,0.0,2116,2753,193303,214876,26287,38650,121059,87793,28136,73698,,
1881,PCGS,MS,66,2160381,Carson City,1,10.0,10.0,0.0,0.0,4535,2335,219026,235438,38620,37364,125052,83990,35379,89993,,
1897,NGC,MS,65,2184477,Philadelphia,2,10.0,10.0,0.0,0.0,2808,1758,189107,231983,26584,38284,119818,88577,27713,82829,,
1904,NGC,MS,63,2296185,New Orleans,2,9.0,9.0,0.0,0.0,2524,1975,188238,205996,24775,38207,130014,79532,23203,73883,,
1883,PCGS,MS,65,2462990,Carson City,1,10.0,10.0,0.0,0.0,1639,1761,194739,221328,22868,34896,121980,82936,30791,81319,,
1879,PCGS,MS,66,2184372,Philadelphia,2,10.0,10.0,0.0,0.0,2105,2586,182350,221015,24525,37934,117264,86853,28750,82443,,
1880,PCGS,MS,64,2291353,San Francisco,1,9.0,9.0,0.0,0.0,5116,2096,161532,198951,37788,40912,110333,73857,25268,72793,,
1902,PCGS,MS,66,2295127,Philadelphia,2,9.0,9.0,0.0,0.0,1758,2341,213897,240756,27005,42091,133458,86985,26897,87624,,
1883,PCGS,MS,67,2117230,Philadelphia,2,10.0,10.0,0.0,0.0,2663,2001,172150,237959,20812,37039,112727,88272,30346,87861,,
1891,PCGS,MS,62,2194929,San Francisco,2,10.0,10.0,0.0,0.0,3359,1580,195329,219812,31677,36111,123172,86445,27803,79746,,
1882,PCGS,MS,67,2033072,Carson City,1,10.0,10.0,1.75,0.0,1481,1478,190242,227459,20748,35437,114595,85043,29567,87434,,
1881,PCGS-CAC,MS,65,2092788,San Francisco,1,10.0,9.0,1.75,0.0,2208,2019,211978,226872,25697,41243,116332,69004,31726,76534,,
1879,PCGS,MS,64,1883387,San Francisco,2,10.0,10.0,3.05,0.0,2020,1862,184595,233867,23181,38339,106385,87033,32430,86125,,
1884,NGC,MS,64,2298697,New Orleans,4,6.5,8.0,3.25,3.6,4670,5127,199058,233587,47784,56406,128862,88380,40594,85791,,
1896,PCGS,MS,64,2445947,Philadelphia,3,8.0,10.0,3.6,0.35,1912,2314,181054,216331,26646,37293,117415,78312,32381,82623,,
1880,PCGS,MS,61,1860222,New Orleans,2,9.0,10.0,1.75,0.0,3124,2062,183773,231685,31724,38864,122964,88749,29388,89742,,
1881,NGC,MS,64,2283278,Philadelphia,2,10.0,10.0,0.0,0.0,2294,2578,174816,197791,23102,37113,116479,65761,18995,68798,,
1882,PCGS,MS,63,2064198,Carson City,1,8.0,7.0,1.75,0.0,4181,2170,196120,207501,37434,37374,104639,75129,29359,80759,,
1880,PCGS-CAC,MS,63,2212631,San Francisco,2,10.0,10.0,0.0,0.0,2307,1325,186785,221731,26305,36151,110538,83368,31430,82441,,
1879,PCGS,MS,63,2097762,San Francisco,1,10.0,10.0,1.75,0.0,4020,1882,204871,229960,35247,36593,116879,80805,34801,86215,,
1880,NGC,MS,65,2075248,San Francisco,1,9.0,9.0,0.0,0.0,3267,2863,194863,210476,27154,43136,117772,79670,23899,79097,,
1891,PCGS,MS,63,2152014,Carson City,2,10.0,10.0,0.0,0.0,5506,2384,222891,240519,48283,39965,126898,84195,34258,87275,,
1882,NGC,MS,64,2090182,San Francisco,1,10.0,10.0,0.0,0.0,3544,2596,190351,230722,34228,42577,116747,79076,30320,81441,,
1890,NGC,MS,63,2090202,San Francisco,1,10.0,10.0,0.0,0.0,3103,1441,191676,242291,27765,37157,115837,90334,27849,86806,,
1899,NGC,MS,64,2274289,New Orleans,2,10.0,10.0,0.0,0.0,1636,1676,191719,234421,26624,32737,118027,86816,34756,96279,,
1899,PCGS,MS,67,2057124,New Orleans,1,10.0,10.0,0.0,0.0,2033,2852,195920,223073,20564,39946,124433,75302,31102,85001,,
1882,NGC-GSA,MS,65,2096687,Carson City,1,10.0,9.0,0.0,0.0,3504,2315,172752,204542,24926,37366,104347,64056,19582,69636,,
1888,PCGS,MS,63,2296235,Philadelphia,2,10.0,10.0,0.0,0.0,3025,2785,179579,211529,26335,39341,123394,83484,24829,78906,,
1891,NGC,AU,55,2097747,Carson City,2,10.0,10.0,0.0,0.0,7764,5866,219274,239342,53281,50716,125948,87154,36810,85015,,
1887,PCGS,MS,64,2291686,New Orleans,2,10.0,10.0,0.0,0.0,1706,1064,187456,206156,22475,31787,125540,85544,27686,74595,,
1900,PCGS,MS,65,2034720,San Francisco,2,9.0,10.0,0.65,0.0,3162,1713,177318,214337,30928,37237,117905,86556,22002,79029,,
1878,PCGS,MS,62,2252116,Philadelphia,1,10.0,10.0,0.0,0.0,6513,3543,180075,194263,38821,37777,95025,59247,30835,81098,,
1904,ANACS,MS,64,2457099,New Orleans,1,10.0,10.0,0.0,0.0,4207,3669,177089,216151,30519,36015,122631,83410,23133,78482,,
1900,PCGS,MS,65,2182978,New Orleans,1,10.0,10.0,0.0,0.0,1826,2020,186471,236383,21433,37519,118375,87876,26207,82385,,
1883,PCGS,MS,63,2248120,Carson City,1,10.0,10.0,0.0,0.0,5549,1909,202456,220509,32633,32556,116742,78404,31874,82962,,
1880,PCGS,MS,63,2297147,San Francisco,1,10.0,9.0,0.0,0.0,3482,1925,180811,202349,31948,40978,114116,69596,27625,73201,,
1880,PCGS,MS,64,2462443,San Francisco,3,10.0,8.0,0.0,3.6,1635,1960,180154,202461,21191,38932,118107,72755,22964,76946,,
1880,PCGS,MS,65,2183880,Carson City,2,10.0,10.0,0.0,0.0,2641,1408,175819,212440,22278,33670,98850,84664,27975,76752,,
1896,PCGS,MS,64,2121296,Philadelphia,2,9.0,9.0,0.0,0.0,4412,2238,186311,225548,31032,37996,100877,76656,31760,83205,,
1885,PCGS,MS,62,1876780,Carson City,2,10.0,10.0,1.75,0.0,2481,1586,181002,234679,28685,33593,115708,88520,29655,89089,,
1883,PCGS,MS,65,2009607,Carson City,1,10.0,10.0,0.0,0.0,1252,1003,184045,222648,22521,32634,108679,79741,27844,84045,,
1879,NGC-CAC,MS,62,2258064,Carson City,1,10.0,10.0,0.0,0.0,5397,2142,176193,194639,32110,37204,105519,76177,22611,71227,,
1887,PCGS-CAC,MS,61,2276093,San Francisco,2,10.0,10.0,0.0,0.0,5044,2693,178982,196137,33418,35622,115243,68035,27985,75200,,
1896,NGC,AU,58,2280624,New Orleans,3,10.0,9.0,0.0,0.0,4065,3544,199582,246760,34817,49587,133811,94680,30137,94964,,
1885,PCGS,MS,65,2121245,Carson City,1,10.0,10.0,0.0,0.0,5201,2775,193849,246349,33320,41051,116787,86138,30430,85157,,
1904,NGC,MS,64,2298706,New Orleans,3,9.0,10.0,3.25,0.0,4398,1419,185571,216082,39155,41263,121750,85272,32466,77994,,
1890,PCGS,MS,64,2120308,New Orleans,1,10.0,10.0,0.0,0.0,3757,2930,195740,238077,29174,37885,119755,85776,29529,87206,,
1881,PCGS,MS,65,2248006,San Francisco,1,10.0,10.0,0.0,0.0,2409,2285,188248,207216,21060,34864,113254,68512,25851,77309,,
1886,NGC,MS,65,2392831,Philadelphia,2,8.0,7.0,1.75,1.0,6999,3733,157380,157258,36845,31727,98144,58384,23509,62119,,
1884,PCGS,MS,63,2392365,Carson City,2,10.0,10.0,0.0,0.0,3826,1638,178096,187256,28930,31575,116696,70703,26766,70512,,
1887,NGC,MS,62,2293187,Philadelphia,1,10.0,10.0,0.0,0.0,3649,2532,198668,214351,27123,36652,128121,81764,27009,80242,,
1887,PCGS,MS,62,2184425,San Francisco,2,10.0,10.0,0.65,1.95,2477,1290,199502,227657,29307,39729,119960,83497,29519,81758,,
1897,PCGS,MS,63,1883849,San Francisco,1,10.0,10.0,0.0,0.0,4829,1165,209809,242090,36979,38263,124300,87500,30970,81111,,
1921,NGC,MS,65,2184443,Denver,2,10.0,10.0,0.0,0.35,1831,2726,167553,204861,25508,43633,117687,85782,24906,65998,,
1878,NGC,MS,63,2291648,Philadelphia,2,10.0,10.0,0.0,0.0,1986,2231,178136,215389,25372,39498,120707,76638,25968,86060,,
1887,PCGS,MS,65,2275090,San Francisco,2,10.0,10.0,0.0,0.0,5508,2379,167802,183788,29169,34178,96494,63303,21958,68266,,
1890,PCGS,MS,64,2257088,New Orleans,2,10.0,10.0,0.0,0.0,4767,2450,187779,216969,34044,37092,120307,81473,25973,86482,,
1879,NGC,MS,65,2296649,Philadelphia,3,9.0,9.0,1.0,1.65,2791,1731,177982,208783,27542,40144,120472,79259,24326,75528,,
1885,NGC,MS,63,1853893,Philadelphia,1,10.0,10.0,0.0,0.0,4778,3138,209375,236683,39906,44454,125399,84388,29124,84406,,
1893,PCGS,MS,63,2231500,Carson City,1,10.0,10.0,0.0,0.0,4913,2533,193444,227862,33153,37962,114052,79588,29386,84711,,
1883,PCGS,MS,65,2288128,Carson City,3,10.0,10.0,0.7,1.0,2607,1985,202599,223743,29939,37222,120935,83868,31446,85570,,
1891,PCGS,MS,64,2298654,Carson City,1,10.0,10.0,0.0,0.0,3083,2888,171822,214181,26349,40877,109294,80425,27265,79742,,
1884,PCGS,MS,63,2226459,Carson City,1,9.0,9.0,0.0,0.0,7384,2370,171419,156146,37813,30395,100747,55036,26679,57844,,
1900,PCGS,MS,65,2181398,San Francisco,2,10.0,10.0,0.0,0.0,3752,1467,203365,232344,31495,32541,119563,86403,34329,85999,,
1921,PCGS,MS,66,1867247,Philadelphia,2,10.0,10.0,0.0,0.0,1307,1367,192843,245206,21597,36889,120050,87502,25408,74324,,
1883,NGC,MS,63,1853891,New Orleans,2,10.0,10.0,1.75,0.0,2842,1982,182963,228437,31441,34253,118063,87145,31669,89494,,
1881,PCGS,MS,66,2295091,San Francisco,2,9.0,9.0,0.65,0.0,4515,1653,214445,227969,38250,37098,127181,76700,28752,81709,,
1885,PCGS,MS,65,1856962,Philadelphia,4,10.0,10.0,5.0,1.95,7925,3234,213546,217078,61087,43282,128189,82277,32922,90881,,
1881,PCGS,MS,68,2268555,San Francisco,1,10.0,10.0,0.0,0.0,1216,1639,177043,192101,17781,36082,113824,64549,24101,70777,,
1896,PCGS,MS,65,2093102,Philadelphia,2,9.0,10.0,0.0,0.0,1627,2039,171312,220917,21350,35847,120960,88860,23217,81417,,
1904,PCGS-CAC,MS,66,2257107,New Orleans,2,10.0,10.0,0.0,0.0,3866,1454,175835,187321,23497,32741,120937,71902,24753,74108,,
1878,PCGS,MS,61,2272151,Carson City,2,10.0,10.0,0.35,0.0,8879,3233,207498,221400,47807,45631,124708,77382,31213,91896,,
1878,NGC,MS,63,2280073,Philadelphia,2,10.0,10.0,0.0,0.0,2876,2084,181296,214035,29248,41514,108388,72321,25344,79074,,
1879,PCGS,MS,62,2090173,Philadelphia,1,10.0,10.0,0.0,0.0,5624,2354,181507,227167,29529,34261,103966,80796,22907,77483,,
1881,NGC,MS,63,2160480,Philadelphia,3,9.0,9.0,2.3,0.0,11746,6067,251153,226654,64300,41391,140300,74736,36203,83264,,
1887,NGC,MS,61,2192895,San Francisco,2,9.0,10.0,0.0,0.0,3001,2805,180950,236986,27205,39193,116862,90183,21487,79913,,
1885,PCGS-CAC,MS,67,2160344,New Orleans,2,10.0,10.0,0.0,0.0,3352,2056,188707,225604,27096,35723,117018,80859,29474,88632,,
1880,PCGS-CAC,MS,67,2249128,San Francisco,1,10.0,10.0,0.0,0.0,1359,2066,185507,224770,18254,36522,111065,77952,26732,81228,,
1883,NGC-GSA,MS,65,2398999,Carson City,2,10.0,10.0,0.0,0.0,2385,2830,178018,215280,23894,34983,118857,83193,25032,81652,,
1885,PCGS,MS,64,2068675,Philadelphia,1,10.0,10.0,0.0,0.0,2480,1793,204364,238251,28209,37860,121363,85906,32088,90253,,
1884,NGC,MS,65,2369733,New Orleans,2,10.0,10.0,0.0,0.0,2331,3131,191396,210387,26318,38591,125936,79803,27551,82781,,
1884,PCGS,MSDMPL,65,2282580,Carson City,1,10.0,9.0,0.0,0.0,4077,2454,162175,189142,22908,35114,97969,60694,22518,67941,,
1888,PCGS,MS,66,2272153,New Orleans,2,10.0,10.0,0.0,0.0,3929,1493,156292,169710,21586,26562,107572,63669,26518,73615,,
1902,PCGS-CAC,MS,66,1888305,New Orleans,4,6.0,6.0,1.95,3.25,3073,2940,213730,247559,36029,45421,126831,83782,41075,90301,,
1900,PCGS,MS,64,2177433,New Orleans,1,10.0,10.0,0.0,0.0,2207,1901,183350,214526,24177,36177,114435,83079,23444,70814,,
1884,NGC-CAC,MS,64,2078660,Philadelphia,2,10.0,10.0,1.75,0.35,2723,1588,182198,220987,28296,34931,118836,85452,31297,77824,,
1883,NGC,AU,58,2392408,San Francisco,3,10.0,10.0,1.75,0.0,3815,2559,184374,192472,32304,33208,118108,74750,27972,74752,,
1903,NGC,MS,64,2029187,Philadelphia,2,10.0,10.0,0.0,0.0,1820,2223,203775,236650,24717,36979,125254,87047,31720,85559,,
1891,PCGS,AU,58,2255223,Philadelphia,1,10.0,10.0,0.0,0.0,5426,2182,199143,228379,32680,35498,120438,83035,30704,84100,,
1890,NGC,MS,62,2274226,Philadelphia,3,10.0,10.0,0.0,0.0,2762,3620,184979,235388,28352,36669,121362,88629,22376,82613,,
1898,NGC,MS,64,2273728,New Orleans,2,9.0,9.0,0.0,0.0,3067,2203,186683,199603,34105,38258,114731,67568,35197,84275,,
1896,PCGS,MS,63,1855784,Philadelphia,2,10.0,10.0,0.35,0.65,2796,1532,203069,246747,22930,35740,126800,92333,33329,90060,,
1885,NGC,MS,65,2121774,Carson City,1,10.0,9.0,0.0,0.0,4292,1197,183624,211566,29338,34022,108539,67983,27484,79473,,
1880,NGC,MS,65,2034568,San Francisco,1,9.0,8.0,1.75,0.0,2773,1064,181293,208515,27210,32877,106773,72790,27684,76590,,
1887,PCGS,MS,64,2244266,Philadelphia,1,10.0,10.0,0.0,0.0,2236,1416,186152,234462,26318,35153,118992,87941,26786,80966,,
1879,PCGS,MS,63,2288122,San Francisco,2,10.0,9.0,1.0,0.35,5802,2059,196275,201190,42487,41428,119352,63681,32417,78663,,
1885,PCGS-CAC,MS,64,2100737,Carson City,1,10.0,10.0,1.75,0.0,1845,1674,180605,217964,21721,32896,113732,87819,32399,79455,,
1878,PCGS,MS,64,2249073,San Francisco,3,9.0,9.0,2.95,2.95,3048,3200,192788,214648,35655,47302,114191,78747,36273,89064,,
1889,NGC,MS,63,2247493,New Orleans,2,9.0,10.0,0.0,0.0,2245,1606,167989,212539,23376,33200,114747,75723,23491,75706,,
1882,NGC-CAC,MS,66,2215023,San Francisco,3,9.0,9.0,3.25,3.25,4387,4093,218302,235983,38702,48646,119808,76072,44285,94588,,
1884,NGC-GSA,MS,65,2099215,Carson City,1,10.0,10.0,0.0,0.0,1899,2504,183688,229394,22386,34873,116744,88938,30879,81178,,
1891,PCGS,MS,62,2289589,Philadelphia,1,10.0,10.0,0.0,0.0,2502,2331,182306,204277,24927,33812,119147,73540,21325,73398,,
1903,PCGS,MS,63,2285308,Philadelphia,1,10.0,10.0,0.0,0.0,2296,2591,187141,226691,28303,39749,123876,83688,30767,82189,,
1883,PCGS,MS,63,2007009,Carson City,1,10.0,9.0,1.75,0.0,3700,1746,196820,225711,32924,37843,110096,82122,30762,87785,,
1887,PCGS,AU,58,2177391,San Francisco,1,10.0,10.0,0.0,0.0,2529,1379,215699,250512,29096,38172,123929,90723,34164,88186,,
1889,NGC,MS,64,2291884,Philadelphia,1,10.0,10.0,0.0,0.0,2278,3253,170965,211400,23041,38030,112998,75691,20322,76499,,
1882,PCGS,MS,65,1854712,San Francisco,1,9.0,9.0,1.75,0.0,3722,1062,215436,238264,34474,36582,115550,80249,31369,85758,,
1886,PCGS,MS,64,2247991,New Orleans,2,10.0,10.0,0.0,0.0,5017,2906,181338,216076,29511,38488,115727,81006,28980,80393,,
1881,PCGS,MS,65,2207943,San Francisco,1,10.0,9.0,0.0,0.0,1631,1932,187650,212150,21174,31466,113881,73517,23865,76415,,
1878,PCGS,MS,62,2257051,Philadelphia,1,10.0,10.0,0.0,0.0,2066,1628,192220,231270,22057,35220,118083,81729,27183,86199,,
1883,PCGS,MS,64,1875407,San Francisco,3,9.0,9.0,2.4,0.35,2823,1295,169558,220210,31344,28872,113743,86435,31031,85325,,
1898,PCGS,MS,63,2102822,New Orleans,2,10.0,10.0,1.3,0.0,3322,1387,183019,226458,31885,33149,123870,90858,24209,80984,,
1883,PCGS-CAC,MS,66,2295095,Philadelphia,1,10.0,10.0,0.0,0.0,1515,1232,203456,238291,25535,34233,122710,81651,30774,88494,,
1899,NGC,AU,58,2443637,New Orleans,2,10.0,10.0,1.95,0.65,4372,3977,190385,226716,35868,42772,122120,89798,31229,81826,,
1880,NGC-CAC,MS,64,2179877,Carson City,2,10.0,10.0,0.7,0.35,7052,3543,191970,222599,36030,40060,122509,71843,27707,97324,,
1885,NGC,MS,65,2413374,New Orleans,1,10.0,10.0,0.0,0.0,2160,1605,175317,210265,25290,37718,121092,83609,24018,78563,,
1894,PCGS,AU,55,2010526,Philadelphia,3,10.0,10.0,3.25,1.95,2504,1647,185014,238060,24836,38663,121898,91405,35459,90503,,
1897,PCGS,MS,63,1853829,San Francisco,2,10.0,10.0,0.0,0.0,2043,933,200786,254038,25600,35752,116943,88007,35602,88903,,
1881,PCGS,MS,61,1857742,New Orleans,3,10.0,10.0,1.75,0.35,4314,2495,183853,206963,34378,34675,108361,72814,30246,78050,,
1890,PCGS,MS,65,2178870,New Orleans,2,10.0,10.0,0.35,0.0,4155,1612,158551,194432,22400,30082,105678,77259,19182,78652,,
1879,NGC,MS,65,2298636,San Francisco,1,10.0,10.0,0.0,0.0,2482,989,188347,240877,26115,33117,108497,82083,28664,85632,,
1885,NGC,MS,64,2295610,Philadelphia,3,9.0,10.0,0.35,0.0,2589,1902,178154,188880,23947,38605,115699,70761,25123,68190,,
1882,NGC,MS,63,2030611,Philadelphia,1,10.0,10.0,1.75,0.0,1706,1305,196978,239260,22586,33704,120428,87791,30552,85180,,
1886,NGC,MS,65,2062871,Philadelphia,2,10.0,9.0,0.0,0.7,2169,1407,181139,202072,24252,32342,121165,81837,24684,67103,,
1880,PCGS,MS,65,2177359,San Francisco,1,10.0,10.0,0.0,0.0,1727,1022,180827,215329,20424,30222,112539,81385,27510,78627,,
1884,PCGS,MS,64,2121295,New Orleans,1,9.0,9.0,0.0,0.0,4249,1811,147408,170830,29152,30712,92540,67182,25671,72350,,
1888,NGC,MS,64,2170863,New Orleans,3,10.0,10.0,0.0,0.0,5393,4691,204451,229281,40966,46132,124508,82834,36432,92240,,
1880,NGC,MS,63,2272133,San Francisco,1,9.0,9.0,0.0,0.0,6523,3605,160424,175976,31561,38763,97498,61774,20638,60727,,
1885,NGC-CAC,MS,63,2279085,Carson City,2,8.0,7.0,0.0,0.0,5907,3014,178103,162948,37493,40178,102178,53633,30390,67108,,
1880,NGC,MS,64,2380874,San Francisco,1,10.0,10.0,0.0,0.0,2573,2410,184312,194251,27219,37922,119597,75223,25067,74818,,
1881,PCGS,MS,65,2016068,Philadelphia,1,10.0,10.0,0.0,0.0,2616,1838,196431,238885,26622,34790,119724,88679,28705,85838,,
1900,PCGS,MS,65,2182976,Philadelphia,1,10.0,10.0,0.0,0.0,1654,1221,175682,223915,20828,33386,116316,88753,24105,81709,,
1879,NGC-Redfield,MS,63,2014070,San Francisco,2,10.0,10.0,1.75,0.35,4474,1510,163048,210631,33481,34548,114418,87731,25731,78714,,
1885,PCGS,MS,64,2257076,New Orleans,2,10.0,10.0,0.0,0.35,3600,2549,177588,202183,27097,36482,115667,77474,25578,75319,,
1880,PCGS,MS,62,2249075,New Orleans,2,10.0,10.0,0.0,0.0,3293,1783,158932,202508,24571,32072,115103,79825,19045,75717,,
1884,PCGS-CAC,MS,65,2462993,New Orleans,1,10.0,10.0,0.0,0.0,2016,2480,185231,221190,25308,38052,124961,81803,25876,84807,,
1891,PCGS,MS,64,2279728,Philadelphia,1,10.0,10.0,0.0,0.0,2292,1259,174916,194126,21260,36738,103856,57499,29983,76948,,
1904,PCGS,MS,63,2049093,New Orleans,2,10.0,10.0,0.0,0.0,5073,3847,227112,239385,42340,42643,132587,78340,41245,95033,,
1884,NGC,AU,55,2211952,San Francisco,2,10.0,10.0,0.0,0.0,6206,4193,185874,221697,27193,45097,119469,87484,28611,82781,,
1898,PCGS,MS,65,2467927,Philadelphia,1,10.0,10.0,0.0,0.0,4066,3157,177178,191668,32855,37709,112102,73523,31598,84695,,
1889,PCGS,MS,62,1883804,Philadelphia,1,10.0,10.0,0.0,0.0,2461,2430,187826,235399,27278,38093,114192,88871,28016,79287,,
1883,NGC,MS,66,2099203,Carson City,3,9.0,10.0,5.0,0.65,1493,1617,173294,228968,24785,35002,112166,87147,31428,85949,,
1900,NGC-CAC,MS,66,2284077,Philadelphia,3,9.0,9.0,2.3,1.65,5412,6092,213015,267696,43718,62000,124654,88178,36253,97219,,
1888,PCGS,AU,55,2283305,San Francisco,2,10.0,10.0,0.0,0.0,2662,1578,197390,212944,32434,36963,122437,79043,27399,76702,,
1894,PCGS,MS,65,2441389,New Orleans,2,10.0,10.0,0.35,0.0,1588,1477,171034,218565,23128,36054,119889,80627,21146,80884,,
1903,NGC,MS,65,2248062,Philadelphia,1,10.0,10.0,0.0,0.0,2999,2307,183315,206189,28400,38396,122821,74431,21301,74273,,
1884,PCGS,MS,67,1864226,New Orleans,2,9.0,9.0,1.75,0.0,698,1671,179316,238426,17134,36866,106316,84759,32205,93306,,
1921,PCGS,MS,66,2118306,Philadelphia,2,10.0,10.0,0.0,0.0,1808,1702,197821,237835,22029,39050,117421,87376,27015,78161,,
1885,PCGS,MS,66,2282578,New Orleans,3,10.0,10.0,1.65,1.0,3101,2828,178523,217787,27144,45604,123492,78814,24048,84827,,
1878,PCGS,MS,63,2378779,Philadelphia,1,10.0,10.0,0.0,0.0,3851,2559,191763,221251,32044,39516,117090,85024,26395,80749,,
1885,PCGS,MS,64,2450924,New Orleans,1,10.0,10.0,0.0,0.0,1814,6723,181419,230432,21102,49261,125056,85662,27461,85908,,
1902,NGC,MS,64,1885862,Philadelphia,2,7.25,9.0,3.95,3.95,2838,3080,185104,215746,27031,45110,120829,77578,33344,74547,,
1884,NGC,MS,65,2054714,New Orleans,2,9.0,10.0,2.4,0.0,2127,2683,191554,241096,28030,38314,116425,85235,36684,89091,,
1881,PCGS,MS,65,2296219,San Francisco,1,10.0,10.0,0.0,0.0,2082,1937,167263,203709,22323,36405,117108,70177,22888,77067,,
1880,PCGS-CAC,MS,65,2462983,Philadelphia,2,10.0,10.0,1.75,0.35,652,1206,168475,205500,18429,35099,121063,78884,21279,77429,,
1899,NGC,MS,63,2029122,Philadelphia,2,9.0,9.0,1.3,0.35,1565,1443,194191,245554,22683,38992,123326,88610,32405,88074,,
1901,NGC,MS,65,2232076,New Orleans,2,9.0,9.0,0.0,0.0,3601,1615,147190,180505,25726,30747,105430,71493,19063,66183,,
1889,PCGS,MS,62,2422860,New Orleans,1,10.0,9.0,0.0,0.0,4430,4393,179317,227756,29947,40090,117460,86091,22592,84152,,
1885,NGC,MS,63,1855773,New Orleans,2,10.0,10.0,0.0,0.0,4210,2343,195112,222982,36342,37559,126518,84069,29646,84279,,
1883,PCGS-CAC,MS,66,2230475,Philadelphia,3,10.0,9.0,1.65,2.3,2088,1737,184198,203529,25620,42490,121023,76769,24656,84402,,
1884,NGC,MS,66,2098694,Carson City,3,10.0,10.0,4.35,1.95,5764,1986,192167,217773,42692,38357,119026,76549,36034,82112,,
1888,NGC,MS,63,2120289,New Orleans,2,10.0,9.0,0.0,0.0,2009,1882,195197,239055,23668,37881,122239,85604,32598,89241,,
1883,PCGS,MS,63,2275079,New Orleans,3,9.0,10.0,3.95,0.0,5823,2878,232585,227244,55098,43558,136526,75589,38523,92803,,
1899,PCGS,MS,65,2289651,Philadelphia,1,10.0,10.0,0.0,0.0,2235,1472,188353,207558,24682,33343,117309,70961,21853,70404,,
1892,PCGS,MS,64,2125910,Carson City,2,10.0,10.0,0.0,0.0,3243,1630,200593,228637,32429,37624,121045,82189,29291,86571,,
1879,NGC,MS,63,2240478,San Francisco,3,9.0,9.0,1.0,1.0,3869,3010,177380,217142,37371,52229,110869,73433,25128,85687,,
1878,PCGS,MS,63,2289598,San Francisco,2,10.0,10.0,0.0,0.0,2009,2914,189283,205267,27096,37874,120545,75450,27183,77028,,
1904,NGC,MS,63,2094180,Philadelphia,3,10.0,10.0,0.7,1.35,4503,3235,191227,202166,37457,42408,128240,76733,23402,71735,,
1891,NGC-CAC,MS,63,2090244,San Francisco,4,5.0,4.0,3.95,3.6,7640,5863,231507,255631,59954,57998,125335,81768,46415,99367,,
1894,PCGS,AU,58,2187398,New Orleans,1,10.0,10.0,0.0,0.0,2997,3111,206477,261308,28342,38943,125035,93007,37252,93525,,
1882,NGC,MS,61,2432440,New Orleans,1,10.0,9.0,0.0,0.0,2888,2843,186148,215130,29386,39639,127712,81595,27691,81025,,
1886,NGC,MS,67,2187409,Philadelphia,1,10.0,10.0,0.0,0.0,1847,1430,182123,224616,20474,31892,117476,88160,24234,79221,,
1883,PCGS,MS,67,2057114,New Orleans,2,10.0,10.0,2.4,0.0,3390,2312,207289,232019,28337,41238,134625,77952,32563,90170,,
1903,NGC,MS,62,2291414,New Orleans,1,10.0,9.0,0.0,0.0,2698,2685,221022,258123,30587,44441,134334,86732,31670,91124,,
1878,NGC,MS,63,2274267,San Francisco,3,9.0,10.0,1.0,0.0,4679,2003,180091,204135,34875,37805,119452,75987,25400,80300,,
1891,PCGS,MS,62,2381849,San Francisco,2,10.0,10.0,0.0,0.0,2499,2728,184911,224242,26355,41787,119770,81180,26148,80716,,
1889,PCGS,MS,65,1885878,Philadelphia,3,9.0,9.0,3.95,4.3,9187,4553,220650,217033,60027,47469,126379,73512,33975,83227,,
1884,NGC,MS,64,2211942,Carson City,1,10.0,10.0,0.0,0.0,2991,1873,179754,206620,24782,32996,115968,76651,26908,74528,,
1896,NGC,MS,64,2273740,Philadelphia,1,10.0,9.0,0.0,0.0,3271,1752,205661,216127,34465,34180,116625,77977,37677,84744,,
1921,ICG,MS,64,2044597,Philadelphia,2,10.0,10.0,0.35,1.3,3572,2104,222416,252712,32723,41932,125490,83118,28697,83989,,
1904,PCGS,MS,62,1885860,Philadelphia,3,10.0,8.0,0.7,3.3,5450,4182,197928,233783,35642,43983,128817,80194,28883,85146,,
1878,PCGS,MS,63,2065678,San Francisco,2,10.0,10.0,2.05,0.0,3279,1657,197158,241850,28455,37888,119530,83647,31402,88377,,
1885,PCGS,MS,62,2289134,Philadelphia,3,10.0,9.0,0.35,3.6,5422,2952,178208,198581,27902,32727,120032,78740,19898,72940,,
1884,PCGS,MS,65,2040094,Carson City,1,10.0,10.0,1.75,0.0,2216,1347,185494,219849,24356,33555,112305,86129,31240,80800,,
1884,NGC,MS,63,2260549,New Orleans,3,8.0,9.0,1.0,0.0,3863,3069,179257,210413,31512,36122,112184,81456,29061,80035,,
1878,NGC,MS,64,2289112,Philadelphia,2,10.0,10.0,0.7,0.7,3080,2464,182576,208013,29326,43945,124209,71259,25155,85715,,
1899,NGC-CAC,AU,55,2090248,San Francisco,3,9.0,9.0,3.25,3.6,5639,3477,195226,226919,38504,42856,125010,87690,28918,86948,,
1891,PCGS,MS,64,2287663,New Orleans,2,10.0,10.0,0.0,0.0,1898,1602,181777,220915,23205,35710,111808,77959,28228,79049,,
1889,PCGS,MS,63,2248048,New Orleans,1,10.0,10.0,0.0,0.0,5116,3411,201834,231019,29841,41534,116304,76483,31867,86312,,
1879,PCGS,MS,63,1876771,San Francisco,1,7.0,8.0,1.75,0.0,3996,1382,169227,222121,30545,33585,100698,75636,31539,83402,,
1878,NGC,MS,63,2065829,San Francisco,3,9.0,9.0,2.7,1.95,6749,2413,218847,256805,41524,43666,115881,83357,39093,96783,,
1885,PCGS,MS,65,1853796,New Orleans,1,10.0,10.0,1.75,0.0,1395,2140,176504,233673,20399,38654,118969,91529,25234,88158,,
1885,NGC,MS,65,2380883,Carson City,3,10.0,10.0,3.7,0.0,4714,2325,179474,194383,37598,30644,109819,76094,30588,73608,,
1885,PCGS,MS,64,2093097,Philadelphia,1,9.0,9.0,0.0,0.0,4663,2397,174851,201797,25795,30552,99267,68743,25000,73717,,
1900,PCGS,MS,66,2295124,Philadelphia,1,10.0,10.0,0.0,0.0,1491,2633,204093,231011,25256,38507,130272,84258,23830,83010,,
1895,NGC,AU,55,1874312,New Orleans,1,9.0,9.0,0.0,0.0,3926,2170,219753,258216,30576,39787,126016,92272,35116,96343,,
1888,NGC,MS,66,1888286,Philadelphia,4,4.0,6.0,3.6,3.6,5445,1977,216905,227389,46914,36261,115434,85285,37802,79280,,
1883,NGC,MS,65,2110862,Philadelphia,2,10.0,10.0,1.75,0.0,1898,1778,158521,218293,19888,36428,116645,83529,18385,76892,,
1885,PCGS-CAC,MS,63,2283422,New Orleans,1,10.0,10.0,0.0,0.0,1482,1893,171678,202285,21911,37950,122397,80291,27304,80948,,
1878,NGC,MS,62,2206912,Carson City,4,7.0,6.0,3.95,3.25,9089,5969,243840,271560,63808,62592,136187,96568,42007,104991,,
1893,NGC,MS,62,2081670,Philadelphia,3,6.0,6.0,3.25,2.6,1857,925,209840,212011,30499,31607,124358,75256,32632,74743,,
1892,PCGS-CAC,MS,62,2192947,Carson City,2,9.0,9.0,0.0,0.0,2514,1454,175932,216200,28032,31731,112489,79273,22138,85313,,
1885,PCGS,MS,65,2009617,San Francisco,2,10.0,10.0,0.0,0.0,4142,1323,198859,242753,33372,37836,117721,86588,28340,83937,,
1900,ANACS,MS,63,2457044,New Orleans,1,10.0,10.0,0.0,0.0,2025,2595,188506,223345,25398,38051,126924,84423,26494,79963,,
1898,PCGS,MS,64,2298649,Philadelphia,3,9.0,9.0,2.95,2.3,2331,3397,190341,235777,31465,40199,123456,85980,28998,96348,,
1880,ANACS,MS,63,2456992,Philadelphia,1,10.0,10.0,0.0,0.0,3604,3243,181358,206152,34836,36314,109468,75739,31888,79182,,
1881,NGC,MS,68,2269095,San Francisco,1,10.0,10.0,0.0,0.0,2404,1150,165752,172294,19486,32482,111075,58217,22619,67735,,
1879,PCGS,MS,65,2427860,Carson City,2,10.0,10.0,1.4,0.0,1137,2739,161195,202060,20201,33196,103696,80005,21774,70832,,
1882,NGC-CAC,MS,63,2252531,Philadelphia,4,8.0,7.0,2.0,2.3,2444,2449,212887,239907,31810,48776,127787,78889,35299,86192,,
1901,PCGS,MS,64,2054148,San Francisco,1,10.0,10.0,0.0,0.0,1975,1384,197458,228987,26267,34750,119554,81840,30624,83059,,
1891,PCGS,MS,62,2298958,Philadelphia,1,10.0,10.0,0.0,0.0,3035,2740,180204,213120,26834,34653,117881,75362,23748,76175,,
1885,NGC-CAC,MS,65,2110889,New Orleans,1,10.0,10.0,1.75,0.0,1461,1323,173151,213704,24859,33843,119983,87225,21496,82689,,
1903,PCGS,MS,64,2287671,New Orleans,1,10.0,10.0,0.0,0.0,1699,2328,184506,191050,21634,36620,119629,65918,21653,71740,,
1878,PCGS,MS,64,2296662,Philadelphia,0,10.0,10.0,0.0,0.0,2219,1483,194504,216436,25562,36108,117694,75452,29164,77848,,
1883,PCGS,MS,64,2191380,New Orleans,1,9.0,9.0,0.0,0.0,5003,3781,167071,195773,34320,36402,103911,73232,32384,81261,,
1890,PCGS,MS,64,2291784,Carson City,3,9.0,9.0,0.65,1.95,3915,2649,196466,244442,39936,50684,125961,88219,31986,92046,,
1883,NGC,AU,58,2120283,New Orleans,1,10.0,10.0,0.0,0.0,1586,2040,199456,224111,22003,32744,124309,83734,35047,83588,,
1884,NGC,MS,63,2451035,Carson City,2,10.0,10.0,1.75,0.0,3343,1794,191110,200223,32811,35532,118752,75522,26319,75171,,
1882,PCGS,MS,66,2288132,Carson City,1,10.0,10.0,0.0,0.0,1068,1628,169612,199398,17877,33180,103523,63049,25516,82641,,
1881,PCGS,MS,63,2364350,Philadelphia,2,10.0,10.0,0.0,0.0,4878,3459,205979,218793,39936,41591,124875,78984,25542,75313,,
1878,NGC,MS,61,2398907,Carson City,1,9.0,10.0,0.0,0.0,4824,3102,178265,201400,32898,40870,117984,77102,24981,75549,,
1885,PCGS,MS,64,2443556,Philadelphia,2,9.0,8.0,1.75,0.0,3553,2075,172645,177794,28530,32209,102640,63582,29274,74233,,
1894,PCGS,MS,61,2110756,New Orleans,2,10.0,10.0,0.0,0.0,5550,3409,207773,244880,46868,45323,125992,86837,33207,84670,,
1888,NGC-CAC,MS,63,1885880,New Orleans,2,10.0,10.0,0.35,0.35,3825,1926,175901,185745,28847,35704,118806,74007,21357,67269,,
1879,PCGS,MS,65,2084735,San Francisco,1,10.0,10.0,1.75,0.0,4014,1315,198494,241989,29765,35006,112061,87358,31905,87655,,
1885,PCGS,MS,66,2247990,San Francisco,3,8.0,9.0,3.6,1.3,11133,5038,222864,262101,64432,48931,120427,86362,41160,109822,,
1898,PCGS,MS,67,2016244,Philadelphia,2,10.0,10.0,0.0,0.0,1364,1337,193581,237289,20445,36912,120092,87399,29130,84031,,
1879,PCGS,MS,61,2169401,New Orleans,1,10.0,9.0,0.0,0.0,7065,2616,172054,203789,33139,38008,107202,77710,26029,77043,,
1878,PCGS,MS,65,2257053,Carson City,2,10.0,10.0,0.0,0.0,3946,3203,180945,211938,25390,36619,115437,76629,27121,79400,,
1880,NGC,MS,65,2075252,San Francisco,3,10.0,9.0,3.7,2.3,7333,6225,187422,207230,45593,51817,99552,72837,43545,88919,,
1887,NGC,MS,65,2422025,Philadelphia,2,10.0,7.0,0.0,3.6,2830,4809,186872,224985,25907,50860,123683,86961,23794,89236,,
1885,PCGS,MS,66,2252664,Carson City,2,10.0,10.0,0.0,0.0,3141,2268,177772,217193,22860,32310,105451,80058,29784,79033,,
1880,PCGS,MS,66,2182942,San Francisco,1,10.0,10.0,0.0,0.0,2853,1268,195950,224898,25467,34304,112475,77754,29842,80846,,
1880,PCGS,MS,64,2192984,San Francisco,1,10.0,9.0,0.0,0.0,5711,1634,191883,201172,36092,32695,105491,66967,27400,69280,,
1897,NGC,AU,55,2274248,New Orleans,3,9.0,9.0,0.0,0.0,8052,4429,184108,228152,36749,49356,118150,85307,30693,85194,,
1879,NGC-CAC,MS,63,2078679,Philadelphia,2,10.0,10.0,1.4,0.0,3334,1610,168844,205727,32068,33974,118861,87366,15219,75401,,
1884,PCGS-CAC,MS,65,2296629,Carson City,1,10.0,10.0,0.0,0.0,1738,2246,195895,258468,25134,43258,128404,88215,27223,87776,,
1880,PCGS,MS,60,2222978,New Orleans,1,9.0,9.0,0.0,0.0,7259,3382,191311,202837,41338,36645,103040,67632,31514,75683,,
1886,NGC,MS,64,2177384,Philadelphia,1,10.0,10.0,0.0,0.0,1637,1364,187916,223352,23281,33544,121760,86936,27008,79969,,
1893,PCGS,MS,63,2286240,Philadelphia,1,10.0,10.0,0.0,0.0,4877,2694,203373,218858,30697,40812,120270,77340,29131,73192,,
1881,NGC,MS,65,2151908,San Francisco,2,10.0,10.0,0.0,0.0,3033,2014,207008,233805,32689,38396,106812,78298,31476,82938,,
1892,PCGS-CAC,MS,64,2206409,Carson City,1,10.0,10.0,0.0,0.0,3291,1325,194406,230103,30009,35864,114636,86291,29044,78866,,
1897,NGC,MS,63,2248526,Philadelphia,2,10.0,10.0,0.65,0.0,6513,2793,175299,198192,37936,35070,115454,81317,28363,76856,,
1890,PCGS,MS,63,2298653,Philadelphia,3,6.0,10.0,3.6,0.0,5031,2879,182502,222070,36727,40773,123843,83088,21950,82123,,
1884,NGC,MS,65,2034571,New Orleans,1,10.0,10.0,0.0,0.0,3744,1588,192836,239587,30679,37986,117794,86761,32937,86482,,
1890,PCGS,MS,63,2191929,New Orleans,2,10.0,10.0,0.0,0.0,2022,2511,192707,235070,25714,38255,118937,90787,33743,82720,,
1903,PCGS,MS,63,2249159,Philadelphia,3,9.0,10.0,0.65,0.0,10373,2627,240504,207943,66075,34712,133756,71182,33710,74688,,
1904,NGC-CAC,MS,66,2273748,New Orleans,1,10.0,9.0,0.0,0.0,1519,2320,182403,186186,22117,35179,125969,68901,25915,71094,,
1894,PCGS,MS,64,2257097,San Francisco,1,10.0,10.0,0.0,0.0,1581,2386,200811,230105,20823,37507,119737,79880,31547,82470,,
1882,NGC,MS,61,2054710,New Orleans,2,9.0,10.0,5.0,0.65,4427,3923,191550,242759,38810,46100,122013,91191,30470,88040,,
1888,ANACS,AU,58,2226461,San Francisco,3,9.0,9.0,0.0,0.0,3889,2045,204493,220672,30608,38216,119668,80307,33678,82242,,
1883,PCGS,MS,66,2270350,New Orleans,1,10.0,10.0,0.0,0.0,2308,2162,199241,245870,26514,42721,130269,85035,28682,90148,,
1903,PCGS,MS,63,2451063,Philadelphia,3,10.0,10.0,0.0,0.0,1880,3657,176038,194291,26464,44059,115966,62541,22872,71055,,
1881,NGC,MS,65,2034570,San Francisco,2,10.0,10.0,3.05,0.0,2762,1628,190993,217902,34530,39130,121047,82895,34496,82511,,
1878,PCGS,MS,64,2298764,Philadelphia,1,10.0,10.0,0.0,0.0,2372,1837,205733,246822,28050,39931,127054,85603,28272,82679,,
1902,NGC,MS,64,2274222,New Orleans,3,10.0,10.0,0.0,0.0,3060,2940,182692,217886,27452,39420,122221,84640,25528,82325,,
1904,PCGS,MS,64,2445419,New Orleans,2,10.0,10.0,2.95,2.95,2219,4124,186959,216210,26641,43820,125981,80526,25207,81397,,
1894,PCGS,AU,55,2087691,San Francisco,1,9.0,9.0,0.0,0.35,7027,4357,235862,266289,52066,55386,129416,88427,37521,89861,,
1900,PCGS,MS,64,2029071,Philadelphia,1,10.0,10.0,0.0,0.0,2330,1737,202579,238942,26406,33638,116403,85085,29676,87981,,
1888,PCGS,MS,66,2075337,New Orleans,3,7.0,8.0,2.65,3.95,4517,1793,179356,204073,33890,36516,125444,75850,20510,78869,,
1885,PCGS-CAC,MS,66,2327531,Philadelphia,1,9.0,9.0,1.75,0.0,2949,1654,156297,182074,27699,28549,107526,71387,26091,73185,,
1888,PCGS,MS,65,2232114,Philadelphia,1,10.0,10.0,0.0,0.0,5586,3143,191058,224446,34252,39467,120313,82016,29376,81708,,
1888,ANACS,MS,62,2456999,Philadelphia,1,10.0,10.0,0.0,0.0,2724,2952,192065,205715,26777,38540,126474,79765,26276,74854,,
1883,PCGS,MS,61,2109793,Carson City,2,10.0,10.0,0.0,0.35,2998,2997,188315,244646,27560,41962,119395,92871,32422,90064,,
1884,PCGS,MS,64,2295098,Philadelphia,2,10.0,10.0,0.0,0.35,1276,2340,177434,217414,19786,36632,114053,84851,27443,80828,,
1884,PCGS,MS,63,2028556,Carson City,2,10.0,10.0,1.75,0.0,1870,1763,176480,211030,23400,31862,105948,81484,32297,81629,,
1895,NGC,MS,60,2096707,New Orleans,3,9.0,7.0,1.95,3.25,5412,2218,211200,245674,41891,40689,117853,83231,34783,90096,,
1901,PCGS,MS,63,2462455,New Orleans,3,10.0,10.0,0.35,1.0,3944,2199,182243,214542,31881,32745,114089,80647,28362,88278,,
1904,PCGS-CAC,MS,63,2078659,Philadelphia,1,10.0,10.0,0.0,0.35,2486,2372,208729,235240,27467,36196,125510,83275,30045,83010,,
1921,NGC,AU,58,2120297,Denver,2,10.0,10.0,0.0,0.0,3514,2285,213055,235329,29057,40294,127433,92188,34151,84344,,
1884,NGC,MS,63,2295608,New Orleans,3,9.0,10.0,0.0,0.0,1763,2839,170660,208473,25519,41866,111409,75047,27141,79782,,
1898,PCGS,MS,64,1883382,New Orleans,2,9.0,10.0,0.35,0.0,1700,1499,184974,241025,24260,38189,121161,88677,27308,87935,,
1881,PCGS-CAC,MS,66,2121772,San Francisco,1,9.0,10.0,0.0,0.0,3917,2078,190453,222398,34419,41664,114275,75046,29748,69819,,
1881,PCGS,MS,67,2348221,San Francisco,2,10.0,10.0,0.0,0.0,2708,2298,182389,198646,25711,39567,117689,72142,28050,80247,,
1879,NGC-CAC,MS,63,2430404,Carson City,2,10.0,10.0,0.0,0.0,1316,3298,181115,213346,21418,42994,118434,81560,26703,73774,,
1887,PCGS,MS,61,2025070,New Orleans,1,10.0,10.0,0.0,0.0,2914,2014,221027,253892,30333,38778,124226,90561,38985,90073,,
1880,NGC,MS,65,2065721,San Francisco,3,10.0,9.0,3.05,1.3,2916,2768,162844,209691,34806,43124,111819,82932,26950,84336,,
1888,PCGS,MS,65,2295110,Philadelphia,2,9.0,10.0,3.3,0.0,1555,1149,201850,223543,34417,31522,131649,82860,29667,86649,,
1882,PCGS,MS,64,2247499,Philadelphia,1,10.0,10.0,0.0,0.0,3777,2111,196772,219168,26194,35490,122106,79556,30558,81609,,
1886,NGC,AU,58,2091183,New Orleans,1,9.0,9.0,1.05,0.35,3427,3209,210780,235469,30262,42605,128537,85166,33719,86338,,
1899,PCGS-CAC,MS,63,2028560,Philadelphia,1,9.0,9.0,0.0,0.0,1661,1825,191921,241662,25787,39768,120699,88819,34953,86037,,
1897,PCGS,MS,62,1883848,Philadelphia,1,10.0,10.0,0.0,0.0,5508,1011,211491,238145,37771,35750,119976,88200,30814,83429,,
1884,PCGS-CAC,MS,63,2078674,Carson City,1,10.0,10.0,1.75,0.0,3144,2331,188326,229087,26090,37380,112901,84671,31474,82200,,
1897,PCGS,MS,64,2261084,San Francisco,2,10.0,10.0,0.0,0.0,3764,933,196191,223840,25728,33934,119614,79536,30386,85219,,
1881,PCGS,MS,62,2093073,New Orleans,1,10.0,10.0,0.0,0.0,2225,1604,211261,248747,25135,35178,126108,85904,30670,91479,,
1904,PCGS,AU,55,2252542,San Francisco,2,10.0,9.0,0.0,0.0,7623,6721,209233,207855,40513,43266,117730,72683,31276,71033,,
1884,NGC-CAC,MS,65,2110888,New Orleans,0,9.0,10.0,1.75,0.0,2689,2293,182482,228122,26054,37272,120608,88482,32662,82375,,
1881,NGC-Redfield,MS,65,2014073,San Francisco,2,10.0,10.0,2.4,0.35,2350,1068,177346,201371,29956,35300,122084,83576,26475,74264,,
1888,PCGS,AU,55,2255220,San Francisco,2,10.0,10.0,0.0,0.0,5727,2589,200726,238634,36133,39916,122042,86924,31507,80365,,
1884,PCGS-CAC,MS,64,1872460,New Orleans,2,7.0,7.0,1.75,0.0,3756,1511,173415,197624,28322,28707,97650,65986,31055,80857,,
1879,PCGS,MS,66,2151934,Philadelphia,3,10.0,10.0,3.6,1.35,3138,1862,209322,150789,35753,32090,124578,50648,40897,62763,,
1878,PCGS,MS,64,2181416,San Francisco,3,8.0,10.0,3.25,0.0,4075,2455,196230,236286,32663,42636,119523,84823,30500,83863,,
1898,PCGS-CAC,MS,67,2234673,New Orleans,1,10.0,10.0,0.0,0.0,1099,1879,179523,227355,18397,35590,115725,78782,32591,87194,,
1884,NGC,MS,67,2409004,Carson City,3,9.0,10.0,3.7,0.0,9795,1767,193859,188851,41374,30873,112659,78774,33619,72083,,
1878,PCGS,MS,62,2381600,Philadelphia,1,10.0,10.0,0.0,0.0,4148,2635,179007,233127,31855,39039,115333,84618,26576,81895,,
1889,NGC,MS,66,2233459,San Francisco,1,7.0,9.0,0.0,0.0,3518,1087,145338,178749,22432,28077,99527,67010,23542,69641,,
1883,PCGS,MS,65,2462989,Philadelphia,1,10.0,10.0,0.0,0.0,1200,2151,189484,228122,17844,38453,118411,78669,27042,80603,,
1899,PCGS,MS,65,2110794,New Orleans,1,10.0,10.0,0.0,0.0,1273,1524,177797,224715,19071,35430,116449,87847,22705,81047,,
1883,PCGS,MS,64,2293636,New Orleans,2,10.0,9.0,0.0,0.0,2759,2211,162479,195147,25010,38235,103718,68069,27897,79612,,
1898,PCGS,MS,63,2241056,San Francisco,2,10.0,10.0,0.0,0.0,3054,2092,192702,234569,24903,35311,118718,80617,28711,83599,,
1883,PCGS,MS,64,2040095,Carson City,1,10.0,10.0,0.0,0.0,1663,1468,207940,241814,23787,37672,123157,87896,33712,87447,,
1879,PCGS,MS,65,2452434,San Francisco,1,10.0,10.0,0.0,0.0,2371,1686,160221,183698,22971,37723,96956,63704,26177,69850,,
1897,PCGS-CAC,MS,64,2100736,San Francisco,2,10.0,10.0,0.0,0.0,2010,2281,194527,230029,26086,38063,117369,83641,34310,83306,,
1883,PCGS,MS,64,1855340,New Orleans,4,9.0,6.0,5.0,3.25,1386,2155,178448,234140,22513,43309,120871,88446,28730,90331,,
1885,NGC,MS,65,2125868,New Orleans,1,10.0,10.0,0.0,0.0,1575,2010,180508,242092,23167,39395,122304,87698,30750,86050,,
1921,PCGS,MS,66,2016569,Philadelphia,1,10.0,10.0,0.0,0.0,1513,1637,185409,237458,20636,38561,121452,87410,22077,78038,,
1880,PCGS-CAC,MS,68,1865828,San Francisco,2,9.0,10.0,2.4,0.0,825,1626,193716,234975,20044,37731,113467,83014,30812,85844,,
1885,PCGS,MS,63,1857757,Philadelphia,2,10.0,10.0,2.4,1.35,1907,1626,184309,220070,23140,34997,119580,87407,28384,81924,,
1885,PCGS,MS,63,2068673,New Orleans,1,10.0,10.0,1.75,0.0,3600,2118,181714,221915,31422,41145,125481,87323,26176,83459,,
1894,PCGS,AU,58,2289168,New Orleans,3,10.0,10.0,0.0,0.0,2988,2074,182962,219284,29241,33774,119435,80504,26847,81557,,
1895,PCGS,MS,61,2105712,San Francisco,2,10.0,10.0,0.0,0.35,5571,2367,231323,244077,42713,42229,126652,81953,34220,83230,,
1878,ANACS,MS,60,2456989,Philadelphia,3,10.0,10.0,1.35,0.0,2968,3649,220895,245354,31195,48117,123740,91066,32997,96273,,
1880,NGC,MS,65,2048776,San Francisco,1,10.0,9.0,1.75,0.35,3302,1641,194751,240578,30224,37134,114429,87325,27273,86339,,
1894,PCGS-CAC,AU,58,2231589,New Orleans,1,10.0,10.0,0.0,0.0,5187,2341,206748,225431,32758,34301,121771,80394,32076,82892,,
1894,PCGS,AU,58,2293143,Philadelphia,2,10.0,10.0,0.0,0.0,3879,3075,203666,245457,39828,43901,127437,88235,33947,87524,,
1885,NGC,MS,65,2252040,Philadelphia,1,10.0,10.0,0.0,0.0,2383,1059,172730,199724,20211,31636,112865,75516,28817,79669,,
1880,NGC,AU,55,2289125,San Francisco,2,9.0,9.0,0.0,0.0,8153,5875,186790,226814,33381,41027,115262,84670,25064,81946,,
1896,PCGS,MS,67,2451995,Philadelphia,1,10.0,10.0,0.0,0.0,1650,1868,190048,224511,21624,36742,120879,82175,26881,80988,,
1878,NGC,MS,64,2298746,San Francisco,1,9.0,9.0,0.0,0.0,1553,1277,170079,210626,22534,38698,111620,75366,24370,79934,,
1898,PCGS,MS,67,2057123,New Orleans,2,10.0,10.0,0.0,0.0,2065,2250,190446,234807,21646,36384,123478,80890,33158,90616,,
1903,PCGS,MS,65,2193381,New Orleans,2,10.0,10.0,0.0,0.0,1736,2052,171822,219046,19642,34567,117769,85452,23512,81645,,
1878,NGC,MS,64,2291667,San Francisco,2,7.0,9.0,0.0,0.0,3149,3354,169322,206820,27504,42200,110616,74108,23657,79762,,
1885,PCGS,MS,65,2093098,Philadelphia,1,10.0,10.0,0.0,0.0,1904,1733,180699,229818,19960,36142,116511,83142,25621,83534,,
1883,PCGS,MS,65,1885873,Philadelphia,4,8.0,7.0,5.0,3.95,4178,3309,199511,236002,44569,47587,125994,88173,30321,88566,,
1901,NGC,MS,63,2177442,New Orleans,2,10.0,10.0,0.0,0.0,1862,1943,176559,211430,26600,38220,110164,83816,27498,77603,,
1884,PCGS,MS,65,2232111,Philadelphia,1,10.0,10.0,0.0,0.0,4638,2004,198073,228737,28550,37510,113480,79225,31146,82753,,
1889,NGC,MS,63,2231532,New Orleans,1,10.0,10.0,0.0,0.0,2219,2425,165824,203452,22130,38159,108432,77314,23427,74873,,
1880,PCGS,MS,66,2178868,Carson City,1,10.0,10.0,0.0,0.0,1861,1311,179416,231154,19445,32604,110434,87825,29908,86973,,
1879,PCGS,MS,65,2420340,San Francisco,2,9.0,10.0,1.75,0.0,3881,2464,173948,219292,33135,38783,93941,82779,30839,77273,,
1883,NGC,MS,62,2065838,New Orleans,2,9.0,9.0,0.0,0.0,4063,2338,161301,198892,22757,33566,101871,74232,25629,73244,,
1921,PCGS-CAC,MS,64,2289099,San Francisco,2,10.0,10.0,0.0,0.0,2520,1670,219965,238188,31147,34681,134510,89178,29711,84849,,
1891,NGC,MS,64,2224463,New Orleans,1,10.0,9.0,0.0,0.0,784,1887,165111,223087,15573,38554,107340,81286,28377,86227,,
1887,PCGS,AU,58,2034071,San Francisco,1,10.0,10.0,0.0,0.0,3485,2441,207295,246625,31087,38627,122975,90497,36311,91160,,
1898,PCGS-CAC,MS,66,2284084,New Orleans,2,10.0,10.0,0.0,0.0,2603,2296,174712,202144,21029,37496,117140,76631,28514,77655,,
1884,NGC,MS,65,2184444,Carson City,1,10.0,10.0,0.0,0.0,3330,1750,179786,235412,21019,34253,112236,84970,24556,81346,,
1896,NGC,AU,55,2274284,New Orleans,2,10.0,10.0,0.0,0.0,5699,3061,182111,210297,32488,39188,121249,79316,29016,82919,,
1899,PCGS,MS,64,2177430,New Orleans,2,10.0,10.0,0.0,0.0,2231,1963,181083,224630,26806,35858,112513,87375,24564,78905,,
1885,NGC,MS,64,2029128,Philadelphia,2,9.0,10.0,5.0,0.0,8337,1656,226321,231889,48966,40648,134989,79298,35341,89362,,
1896,NGC-CAC,MS,64,2287579,Philadelphia,3,9.0,9.0,0.0,1.0,6437,3891,172913,186894,35574,40135,111864,65090,24442,76659,,
1881,PCGS,MS,65,2296221,San Francisco,2,10.0,10.0,0.0,0.0,1987,1838,187448,198567,23868,39646,126590,72489,25061,75837,,
1889,PCGS,MS,63,2068686,Philadelphia,2,10.0,10.0,0.35,0.0,3355,2364,186885,216846,32442,37285,117689,87335,26196,80599,,
1884,NGC,MS,64,2126264,Philadelphia,1,10.0,10.0,0.0,0.0,3512,1798,205937,241996,30590,37199,116550,85611,33670,85557,,
1886,PCGS,MS,60,2279779,New Orleans,3,10.0,10.0,0.0,0.0,8710,2955,189442,215762,39037,44010,115602,75778,34547,89100,,
1878,PCGS,MS,63,2195387,Carson City,2,7.0,9.0,0.0,0.0,6145,2832,168668,161202,37509,31658,96591,54749,28919,72971,,
1891,PCGS,MS,64,2252629,Carson City,1,10.0,10.0,0.0,0.0,4581,2328,195237,220328,31638,31830,119024,82284,27348,76167,,
1880,NGC,MS,68,2269094,San Francisco,1,10.0,10.0,0.0,0.0,4551,1456,159809,187426,22588,35511,103902,71917,24889,64793,,
1880,NGC,MS,65,2295087,San Francisco,2,10.0,10.0,0.0,0.0,711,910,166780,189402,17974,28605,100789,69371,24603,75808,,
1900,PCGS,MS,64,1888307,New Orleans,0,10.0,10.0,0.0,0.0,2698,1374,194731,245429,26238,36146,123295,90216,33331,87614,,
1880,NGC,MS,63,2177356,Philadelphia,2,10.0,10.0,0.0,0.0,2800,2058,188041,228518,23512,34468,113133,84661,24662,86781,,
1921,PCGS,MS,64,2005003,Philadelphia,2,10.0,10.0,0.0,0.0,2646,2500,199992,247637,25513,39637,123994,88472,26671,80531,,
1880,PCGS-CAC,MS,62,2252119,New Orleans,1,9.0,9.0,0.0,0.0,5942,2910,165535,174089,37619,33523,91518,53055,31688,79391,,
1880,NGC-CAC,MS,66,2260540,San Francisco,1,10.0,10.0,0.0,0.0,2099,1516,183793,205615,21510,34752,114422,74415,26495,74331,,
1887,PCGS,MS,62,2422011,San Francisco,3,9.0,9.0,0.0,1.3,3844,2821,204893,250070,37351,44472,123999,88001,29488,93990,,
1880,PCGS,MS,64,2097781,Philadelphia,1,10.0,10.0,0.0,0.0,2447,1411,190956,239523,24722,34758,116035,85466,31759,86990,,
1904,PCGS,MS,65,2270565,San Francisco,1,10.0,10.0,0.0,0.0,2512,3226,186833,210049,23014,37430,121034,80002,27804,73183,,
1902,PCGS,MS,64,2288159,New Orleans,3,10.0,10.0,0.0,0.0,1662,3555,188491,213993,23236,40823,121675,87443,30816,78504,,
1881,PCGS,MS,65,2298359,Carson City,1,10.0,10.0,0.0,0.0,1561,2339,172870,211768,18809,35235,106063,79629,25201,81006,,
1884,PCGS,MS,67,2193388,Philadelphia,2,10.0,10.0,0.0,0.0,1365,1066,158151,201587,20597,35950,121129,85423,20172,73944,,
1900,PCGS,MS,64,2257104,New Orleans,2,10.0,10.0,0.0,0.0,2579,3959,185682,225599,21282,41764,116252,78144,27326,78613,,
1884,PCGS,MS,65,2121767,Carson City,2,10.0,10.0,0.0,0.0,2622,2274,187434,225182,26884,41108,108210,71827,24069,83584,,
1887,NGC,MS,65,2296655,Philadelphia,1,10.0,10.0,0.0,0.0,2136,1628,208020,232732,26127,38130,130079,83549,28903,89373,,
1885,PCGS,MS,65,2249103,San Francisco,1,10.0,10.0,0.0,0.0,2319,1915,182077,230119,19453,38996,107589,75854,26009,81532,,
1921,NGC,MS,62,2280064,Denver,2,9.0,9.0,0.0,0.0,6497,2726,200335,227825,33002,36894,127488,85398,28858,80682,,
1878,NGC,MS,62,2120275,San Francisco,3,9.0,10.0,2.05,0.35,4894,2675,199781,207288,39902,42484,124715,76470,32356,79532,,
1898,PCGS,MS,66,2160339,Philadelphia,2,10.0,10.0,0.7,0.0,2247,2303,197840,247981,28141,45136,129249,84843,24542,84331,,
1884,NGC,MS,66,2030648,New Orleans,2,10.0,10.0,1.75,0.35,1524,2445,174348,215698,22289,38691,121548,86784,21118,77963,,
1885,PCGS,MS,66,2048675,New Orleans,1,10.0,10.0,1.75,0.0,1376,1932,178203,223599,21235,34263,112465,87414,27159,83884,,
1891,NGC-CAC,MS,64,2429445,New Orleans,1,10.0,10.0,0.0,0.0,2634,2828,177696,211596,25396,35689,117903,79463,25699,81859,,
1887,NGC,MS,65,1853881,Philadelphia,1,10.0,9.0,1.05,0.0,1145,2004,192821,235443,20484,35290,122052,91408,28819,86692,,
1881,PCGS,MS,63,2155829,San Francisco,1,10.0,10.0,0.0,0.0,4288,2584,206478,222186,35873,43607,120793,74535,27357,74754,,
1879,NGC,MS,64,2255207,San Francisco,1,10.0,10.0,0.0,0.0,4120,4142,205320,236178,31970,48747,126655,73443,31944,87796,,
1892,PCGS,MS,63,2291144,Philadelphia,1,10.0,10.0,0.0,0.0,1405,2202,174977,224946,20899,36492,108010,73077,22774,79451,,
1879,NGC,MS,64,2029120,Philadelphia,2,10.0,10.0,2.05,0.35,2440,1806,175584,225165,25836,37106,117465,85849,27695,86245,,
1887,PCGS,MS,63,2049148,New Orleans,1,10.0,10.0,0.0,0.0,2134,1629,178323,238691,28035,36156,116752,87731,30616,86501,,
1885,PCGS,MS,64,2039080,Philadelphia,1,8.0,7.0,1.75,0.0,4387,2124,201640,212114,34298,33951,110320,70746,30848,80890,,
1879,PCGS-CAC,MS,65,2111747,New Orleans,3,5.0,6.0,5.0,3.95,9187,3518,229923,224236,61784,48047,122378,84775,36362,83270,,
1881,NGC,MS,65,2318234,San Francisco,1,9.0,9.0,0.0,0.0,3206,4304,184252,201750,29925,48594,127049,71915,24332,71563,,
1887,NGC-CAC,MS,63,2078666,New Orleans,2,10.0,10.0,0.35,0.35,3062,1488,177115,197944,30685,36044,119316,83513,25575,74335,,
1881,PCGS,MS,64,2194924,Philadelphia,1,10.0,10.0,0.0,0.0,2248,2245,183766,228689,27302,36940,115443,88374,25816,80362,,
1882,PCGS,MS,66,2111749,Carson City,2,10.0,10.0,1.75,0.0,2094,1650,200172,241085,25967,36077,118702,86953,31932,88186,,
1879,PCGS-CAC,MS,64,1888320,Carson City,2,9.0,10.0,1.75,0.0,1643,2045,174663,234841,22158,36663,101533,83503,29417,84527,,
1894,PCGS,MS,63,2290080,San Francisco,1,10.0,10.0,0.0,0.0,2734,1791,188515,219120,23563,36374,119468,78368,27144,80508,,
1881,PCGS,MS,64,2295594,San Francisco,3,9.0,10.0,0.35,0.0,1208,1535,185935,196019,25401,38045,112580,61367,31472,76735,,
1891,PCGS,MS,62,2169400,Philadelphia,1,10.0,10.0,0.0,0.0,2805,1920,186692,227648,28394,34621,117733,86356,29639,82062,,
1904,NGC-CAC,AU,55,2398902,San Francisco,3,7.25,9.0,1.95,0.65,5233,5287,217094,237857,40610,50202,123436,87096,35846,84572,,
1904,PCGS,MS,64,2293635,New Orleans,1,9.0,9.0,0.0,0.0,3080,1765,165908,190283,27217,33950,118461,73732,23101,73925,,
1904,PCGS,MS,63,2298670,Philadelphia,4,6.0,6.0,3.95,3.25,3058,3427,204534,234367,40072,46878,134012,89782,29134,97930,,
1899,PCGS,MS,64,2218523,Philadelphia,2,10.0,10.0,0.0,0.0,2821,1741,180167,221207,22663,34070,112047,78034,21879,83004,,
1900,PCGS,MS,63,2462929,Philadelphia,2,10.0,10.0,0.0,1.0,846,2882,188693,224437,18086,40269,122812,83950,22506,79573,,
1878,NGC-CAC,MS,62,2029613,Carson City,2,10.0,9.0,1.05,0.35,4528,1996,190271,216799,36201,35969,114656,83781,29335,79971,,
1892,PCGS,MS,62,2287659,New Orleans,1,10.0,10.0,0.0,0.0,2926,1371,199739,226986,30481,36995,126531,80198,28769,82170,,
1884,PCGS,MS,65,2462992,Philadelphia,1,10.0,10.0,0.0,0.0,1130,2243,188199,225854,19535,37847,118838,80235,29946,84571,,
1921,PCGS-CAC,MS,66,2269092,Denver,2,10.0,10.0,0.0,0.0,2337,2167,177381,220449,21355,33426,115876,83058,17384,76035,,
1887,PCGS,MS,65,2232113,Philadelphia,2,10.0,10.0,0.0,0.0,3050,1835,173470,200332,24402,33416,111983,71941,22206,77815,,
1885,PCGS-CAC,MS,66,2296630,New Orleans,2,10.0,10.0,0.0,0.0,1858,1930,195447,227773,23764,37265,127666,83004,33354,89688,,
1904,PCGS,MS,63,2253680,New Orleans,1,10.0,10.0,0.0,0.0,4983,1655,189233,207178,32988,33568,122713,78754,24805,77238,,
1891,NGC,MS,63,2274293,San Francisco,2,10.0,10.0,0.0,0.0,2633,2267,201085,228806,34038,36304,122326,81661,30324,90967,,
1884,PCGS,MS,64,2212579,Carson City,1,10.0,10.0,0.0,0.0,6137,1847,180534,182575,32162,34983,111555,68583,26789,65083,,
1887,PCGS-CAC,MS,64,2263041,Philadelphia,3,9.0,10.0,2.0,0.0,6487,2546,223964,188224,42135,30626,118957,58037,36052,74366,,
1888,NGC,MS,64,2194941,New Orleans,1,10.0,10.0,0.0,0.0,1098,1759,174961,232771,19795,35182,115566,87572,31283,88614,,
1885,PCGS,MS,63,2177381,New Orleans,2,10.0,10.0,0.0,0.0,3920,1871,201789,215434,33310,36878,120123,86544,30763,81408,,
1902,PCGS,MS,64,2291457,San Francisco,1,10.0,10.0,0.0,0.0,3328,2654,176525,191141,28835,33827,111143,73865,27043,68031,,
1899,PCGS,MS,64,2291153,San Francisco,2,10.0,9.0,0.0,0.0,1851,1292,181977,190270,25077,32009,111416,71218,22780,69925,,
1921,NGC,MS,67,2014558,Philadelphia,4,8.0,7.25,3.65,3.3,7550,5845,210041,242994,46095,56094,126827,80008,36975,95375,,
1884,NGC-GSA,MS,63,2288594,Carson City,1,10.0,10.0,0.0,0.0,6046,2319,207336,219632,38094,42818,117699,71567,31958,88141,,
1898,PCGS,MS,64,1883850,New Orleans,1,10.0,10.0,0.0,0.0,2596,1881,205638,252251,30040,37057,119832,90882,36225,88758,,
1883,PCGS,MS,66,2192964,New Orleans,2,10.0,10.0,0.0,1.0,4088,1844,176674,203880,29352,37601,117135,73117,26761,75999,,
1886,PCGS,MS,61,2279787,New Orleans,3,10.0,10.0,0.0,0.0,8814,4148,189859,228882,38244,44095,116200,78959,34946,92676,,
1892,NGC,AU,55,2211937,San Francisco,2,10.0,10.0,0.0,0.65,4112,2047,192281,232659,35631,42243,121274,88360,30700,89557,,
1881,PCGS,MS,66,2244260,San Francisco,1,9.0,9.0,0.0,0.0,4372,2436,172777,208563,25355,38477,102833,73319,23846,66384,,
1878,PCGS,MS,65,2092371,Carson City,0,10.0,10.0,1.05,0.0,3103,2701,183744,227941,25348,39626,115821,86916,30765,86024,,
1884,NGC,MS,65,2280622,Carson City,1,10.0,10.0,0.0,0.0,2001,2173,197802,210288,25025,36578,121564,71884,27611,76815,,
1902,NGC-CAC,MS,66,2284078,New Orleans,3,10.0,10.0,1.3,0.0,4132,2434,200764,210019,35540,38281,122850,70925,44661,92741,,
1888,PCGS,MS,65,2009547,New Orleans,1,10.0,10.0,0.0,0.0,1571,1286,208711,246518,22805,35088,123900,90654,34627,87824,,
1883,NGC,MS,63,2293188,Carson City,2,10.0,10.0,0.0,0.0,3687,2262,199807,213981,35709,37639,125159,81401,26418,78258,,
1879,PCGS,MS,64,2182935,Philadelphia,1,10.0,10.0,0.0,0.0,1655,2141,174032,235744,20870,33823,110449,84737,21046,85375,,
1885,ANACS,MS,64,2296191,New Orleans,2,10.0,10.0,0.0,0.35,2682,3563,176364,220687,24026,45037,125349,86313,23198,78198,,
1882,NGC-GSA,MS,65,2232090,Carson City,1,10.0,10.0,0.0,0.0,2233,2667,185617,201870,23468,35578,116071,76095,27753,76628,,
1884,PCGS,MS,66,2165856,Carson City,1,9.0,9.0,0.0,0.0,2714,1896,163734,181380,19250,27529,103018,66783,25942,63430,,
1878,PCGS,MS,65,2187395,Philadelphia,3,10.0,5.0,0.0,1.35,3304,4741,180868,247917,26370,55140,104382,83081,26844,90447,,
1883,PCGS,MS,62,2152010,New Orleans,2,9.0,9.0,0.0,0.0,5139,3753,194408,189449,29460,41286,113484,53611,32272,79178,,
1879,PCGS,MS,65,2098691,Carson City,3,10.0,9.0,3.35,2.95,1981,4189,155377,187062,24463,42291,110739,83314,15738,62688,,
1890,PCGS-CAC,MS,64,2287666,San Francisco,1,10.0,10.0,0.0,0.0,4024,1801,179549,208020,36383,35331,100743,77504,25151,69359,,
1889,PCGS,MS,62,2182968,San Francisco,1,10.0,10.0,0.0,0.0,3376,2377,201561,242740,27029,37711,120913,87503,29776,81767,,
1893,PCGS,MS,62,2437988,Carson City,2,10.0,10.0,0.0,0.0,3187,2179,184458,214187,28312,36361,109293,80613,30985,79943,,
1878,NGC,MS,63,2422482,San Francisco,1,9.0,10.0,1.4,0.0,2459,2339,172689,202114,27382,38806,110720,73774,25929,75488,,
1882,PCGS,MS,66,1875477,Carson City,1,10.0,10.0,1.75,0.0,1008,1858,184583,231979,16494,32247,116142,89039,27429,82857,,
1882,PCGS-CAC,MS,67,2284156,San Francisco,2,10.0,10.0,0.0,0.0,1491,1374,180675,189550,20213,34029,114860,64186,20989,70737,,
1884,PCGS,MS,64,2008555,Carson City,2,8.0,8.0,1.75,0.0,2701,2299,188830,219315,31016,37363,109582,74504,27047,82823,,
1878,ANACS,MS,63,1853863,Philadelphia,3,9.0,10.0,0.7,0.0,3014,2441,168490,207446,34089,39496,119208,82640,19352,75136,,
1880,NGC-GSA,MS,63,2288573,Carson City,1,10.0,10.0,0.0,0.0,4175,2898,205820,246198,36465,41217,127477,89986,32183,88820,,
1891,PCGS,MS,63,2257093,San Francisco,2,10.0,10.0,0.0,0.0,2628,3230,180491,202175,24127,35693,111151,73542,26183,71764,,
1885,PCGS,MS,67,2076160,New Orleans,1,10.0,10.0,1.75,0.35,1456,2112,182400,235939,20930,39278,111740,88460,34307,82633,,
1899,PCGS-CAC,MS,63,2293693,Philadelphia,2,9.0,10.0,0.0,0.0,2511,3064,203289,242575,30758,40815,126179,90551,29758,85990,,
1879,PCGS,MS,62,2121241,San Francisco,1,10.0,10.0,0.0,0.0,5096,2569,203662,220144,39486,42905,117043,75758,29023,81294,,
1886,PCGS,MS,64,2286569,New Orleans,2,10.0,10.0,0.0,0.0,5580,1187,180662,194910,29958,33349,117785,68182,27385,78339,,
1886,PCGS,AU,55,2355258,New Orleans,3,10.0,10.0,0.0,0.0,8903,6010,185121,217728,32188,43192,121540,86868,32358,82329,,
1890,PCGS,MS,63,1883812,San Francisco,2,9.0,9.0,0.0,0.0,4464,2102,204349,241061,39930,40034,118048,90853,28717,84893,,
1896,PCGS,MS,63,1883817,Philadelphia,1,10.0,10.0,0.0,0.0,2270,2639,183052,238565,25696,41900,121831,91760,26360,84657,,
1888,PCGS,MS,65,2252044,New Orleans,1,10.0,10.0,0.0,0.0,1455,1955,189781,212415,20853,34422,119896,75214,29834,79676,,
1884,PCGS-CAC,MS,64,2193404,Carson City,1,10.0,10.0,0.0,0.0,2294,1941,189772,234565,27498,36070,118281,89800,30461,82468,,
1880,PCGS,MS,64,2034638,Carson City,1,10.0,10.0,1.75,0.0,4150,1735,193078,216614,37849,38069,112191,72609,31221,84682,,
1895,PCGS-CAC,AU,58,2443436,San Francisco,3,8.0,10.0,3.25,0.65,4957,3556,204096,239829,42103,38377,125644,92226,36999,90306,,
1893,PCGS,MS,64,2057117,Carson City,1,10.0,10.0,0.0,0.0,7778,2548,219184,225339,39113,40318,126544,78183,35909,83671,,
1887,NGC,MS,65,2065722,Philadelphia,1,9.0,10.0,1.05,0.0,2019,1952,181294,231595,22672,40831,114569,78750,26360,85781,,
1883,PCGS,MS,63,2430409,Carson City,3,9.0,9.0,3.05,0.65,6617,7018,180469,211255,31539,52325,109572,76462,31292,74890,,
1900,PCGS-CAC,MS,63,2248002,New Orleans,2,9.0,10.0,2.3,2.3,3694,2459,205814,220675,34816,39221,126518,84421,32120,82563,,
1890,PCGS,MS,63,2097749,Carson City,4,8.0,2.0,1.0,3.6,5851,4228,194497,238173,42447,52747,105567,85392,33508,93956,,
1885,PCGS-CAC,MS,64,2241049,San Francisco,1,10.0,10.0,0.0,0.0,3941,1853,186244,220693,25338,36073,113292,75223,22936,77016,,
1881,PCGS-CAC,MS,65,2230472,Carson City,2,10.0,10.0,0.0,0.0,3145,1881,147218,191263,18356,32878,91944,66711,21041,72006,,
1891,PCGS,MS,63,2261054,Carson City,1,10.0,10.0,0.0,0.0,5205,1537,192856,204445,35382,33033,112206,72967,27217,76610,,
1884,NGC,AU,58,2244485,San Francisco,2,10.0,10.0,0.0,0.0,6129,2342,196104,226728,29481,40179,123590,84686,28023,82399,,
1878,NGC,MS,64,2110853,San Francisco,2,10.0,10.0,0.0,1.0,4532,2228,221021,219450,37692,34880,123450,75954,33355,81492,,
1904,PCGS,MS,64,2295130,New Orleans,3,10.0,8.0,0.0,0.0,2066,1788,157903,203616,22278,33965,109164,64899,22355,82071,,
1878,PCGS,MS,64,2289648,Philadelphia,1,10.0,10.0,0.0,0.0,2239,786,169126,189958,23513,34400,107296,66560,24716,70469,,
1898,NGC,MS,63,2177425,Philadelphia,2,10.0,10.0,0.0,0.0,1751,1263,176369,222512,21169,34891,115426,86417,23975,86147,,
1884,PCGS,MS,63,2199390,New Orleans,3,9.0,10.0,3.3,0.0,8485,4353,229480,212170,59062,44215,128485,75686,40365,85072,,
1884,NGC-GSA,MS,64,2388310,Carson City,1,10.0,10.0,0.0,0.0,3374,3263,182198,202179,29979,40914,120381,81391,26644,80159,,
1898,PCGS,AU,55,1876799,San Francisco,2,10.0,10.0,0.35,0.0,6035,4480,226824,263328,43377,48905,128051,90798,34524,90203,,
1883,NGC,MS,64,2273719,Carson City,1,9.0,9.0,0.0,0.0,2962,1036,163542,156650,24941,27623,99736,54973,21960,65602,,
1891,PCGS,MS,65,2247994,Carson City,1,10.0,10.0,0.0,0.0,3440,3226,180580,210797,28606,33880,116814,82005,28781,76421,,
1882,NGC,MS,65,2184471,Philadelphia,3,9.0,9.0,3.6,2.6,1473,1289,172613,227767,20690,34510,112140,90040,27527,82082,,
1890,PCGS,MS,64,2232072,New Orleans,3,10.0,8.0,3.6,3.6,3191,3936,164018,225277,30178,45486,106737,83760,33683,85775,,
1890,NGC,MS,61,2177399,Carson City,1,10.0,10.0,0.0,0.0,4672,3353,214218,239138,39757,42966,126549,79312,34258,86506,,
1882,NGC,MS,64,2177365,Philadelphia,1,10.0,10.0,0.0,0.0,4246,1045,171377,219038,23020,30049,105182,80590,21215,77089,,
1886,PCGS,MS,62,2169450,San Francisco,1,10.0,10.0,0.0,0.0,3733,2188,197543,230464,28581,37705,117503,81922,28706,79093,,
1891,PCGS-CAC,MS,64,2274131,Philadelphia,1,10.0,10.0,0.0,0.0,1411,1763,181568,220237,21007,36831,112036,76154,22506,72996,,
1892,NGC,MS,61,2260561,Carson City,1,10.0,10.0,0.0,0.0,5104,2792,198920,219325,36925,34422,117782,80359,30816,79308,,
1883,PCGS,MS,65,2291076,New Orleans,3,10.0,7.0,0.35,2.95,14268,6769,180788,241868,67531,63103,120585,61078,40276,53352,,
1881,PCGS,MS,63,2458500,Carson City,2,10.0,10.0,1.75,0.0,3458,3380,179387,212378,31832,39008,118957,81755,30573,84278,,
1878,NGC,MS,65,2110821,San Francisco,3,10.0,9.0,0.0,0.0,5670,2657,182443,194834,28731,34476,107023,68628,24497,76106,,
1878,NGC,MS,61,2090687,Philadelphia,2,8.0,8.0,0.7,0.65,2669,2382,199546,237474,31735,42632,116564,85751,32549,85684,,
1885,PCGS,MS,65,2296674,New Orleans,2,10.0,10.0,0.0,0.0,2423,2976,201205,227494,27758,46071,128519,83063,32124,83488,,
1886,PCGS,MS,63,1863729,Philadelphia,2,9.0,9.0,0.35,0.0,3938,1787,213538,243269,32554,34747,111789,78429,31238,82755,,
1897,NGC,MS,62,2065725,Philadelphia,2,10.0,10.0,0.0,0.0,1603,2295,198377,242796,22217,38915,123882,89973,28990,89275,,
1887,PCGS,MS,64,2248027,Philadelphia,4,4.0,9.0,1.65,1.35,9395,2489,205994,214554,50682,37766,120775,71998,31499,85847,,
1891,PCGS,MS,65,2284125,Philadelphia,3,9.0,9.0,3.25,3.25,2219,2312,190406,205851,33929,40300,123142,73367,25087,80662,,
1883,NGC-GSA,MS,62,2291630,Carson City,1,9.0,9.0,0.0,0.0,4974,2402,156131,182633,27491,38726,94056,63470,35755,79695,,
1891,PCGS,MS,63,2068693,San Francisco,1,10.0,10.0,0.0,0.0,4290,2315,204467,226230,39820,40204,120641,82860,25377,75519,,
1888,PCGS,MS,65,1888291,San Francisco,3,9.0,9.0,3.6,1.65,3413,1952,207128,238048,43061,36690,123657,90098,39212,90015,,
1883,NGC,MS,65,2410383,Carson City,2,9.0,9.0,1.75,0.0,2787,2521,163751,181708,18911,30921,106652,67655,22592,67856,,
1884,NGC-GSA,MS,62,2246007,Carson City,1,10.0,10.0,0.0,0.0,5524,2876,184707,219939,31849,36308,114859,84593,31488,84161,,
1892,PCGS,AU,58,2209412,Carson City,2,10.0,10.0,0.0,0.0,5390,2090,203583,228408,37408,39749,118892,80727,33513,84776,,
1897,PCGS,MS,65,2232120,Philadelphia,2,10.0,10.0,0.0,0.0,3301,1817,183698,213105,31555,36659,117032,78770,26277,81159,,
1878,PCGS,MS,63,2447891,San Francisco,3,9.0,10.0,2.7,1.0,3768,1865,191930,220145,32959,38594,115719,76205,32191,85521,,
1888,NGC,MS,64,2299020,New Orleans,1,9.0,9.0,0.0,0.0,1575,2191,178977,217614,24355,36747,123055,80449,27571,78870,,
1903,PCGS,MS,64,2040093,Philadelphia,1,10.0,10.0,0.0,0.0,1081,2190,185412,228117,21007,35623,121379,86646,23980,82546,,
1884,PCGS,MS,64,2295102,New Orleans,1,10.0,10.0,0.0,0.0,2299,2130,177418,197018,25195,37245,116828,78156,27404,75572,,
1901,PCGS-CAC,MS,62,2258103,Philadelphia,3,9.0,9.0,1.65,1.65,4557,3097,196173,205641,35088,43403,121704,76832,31129,83706,,
1881,NGC,MS,65,2162351,San Francisco,3,10.0,10.0,0.35,0.35,2740,1818,162775,159806,25841,33118,101314,47624,30479,69830,,
1893,PCGS,MS,63,2071229,Carson City,2,9.0,10.0,0.0,0.0,2188,2512,178172,232245,28570,39908,118671,87498,25271,83670,,
1879,PCGS,MS,66,2290087,San Francisco,3,9.0,9.0,2.6,3.25,1742,1486,194897,233305,27405,32245,119053,83976,28528,86823,,
1882,NGC-CAC,MS,67,2273716,San Francisco,3,8.0,8.0,2.3,3.25,2873,2886,187775,244022,28472,46365,110306,86083,31736,90756,,
1886,PCGS,MS,63,1856901,Philadelphia,2,10.0,10.0,0.35,0.0,2809,1070,182689,236317,26854,35519,119196,89460,28699,84247,,
1887,PCGS,MS,63,2291083,Philadelphia,3,10.0,5.0,0.0,2.0,3321,3568,209958,235759,32362,46088,131590,84987,29569,90604,,
1884,NGC,MS,66,2203907,New Orleans,1,10.0,10.0,0.0,0.0,3119,2093,178463,191252,24923,32089,117337,71722,28000,77721,,
1886,ANACS,MS,65,2298644,Philadelphia,3,9.0,3.0,1.0,2.3,2498,2186,182282,221169,26010,37474,124960,83210,24222,83115,,
1885,PCGS,MS,67,2120302,Carson City,1,10.0,10.0,0.0,0.0,2338,2203,175889,211741,21840,34975,107605,79066,32831,81831,,
1890,PCGS,MS,64,2289105,New Orleans,2,10.0,10.0,0.0,0.0,2889,2422,208768,248984,32172,40592,123352,87264,33994,90860,,
1882,PCGS,MS,64,2064196,Carson City,2,10.0,10.0,1.75,0.0,2582,2382,201218,236025,28812,37796,116288,83545,33009,86486,,
1887,PCGS,MS,63,2223025,Philadelphia,2,10.0,9.0,0.0,0.0,7249,2909,177941,172962,38495,31480,107836,61452,19998,65466,,
1883,PCGS,MS,66,2287712,New Orleans,1,10.0,10.0,0.0,0.0,1375,1961,179749,209452,20973,34126,116925,75858,27401,78346,,
1891,PCGS,MS,63,2053652,Philadelphia,2,10.0,10.0,0.35,0.35,2623,1500,161676,226937,26032,35791,111826,89445,25032,82876,,
1878,NGC,MS,62,2298985,Philadelphia,1,10.0,10.0,0.0,0.0,3903,3103,186786,224665,28650,39716,112352,84097,26366,78639,,
1879,PCGS,MS,61,2169434,New Orleans,2,10.0,9.0,0.0,0.0,5129,3556,183689,199205,41226,43170,101093,68367,40455,85590,,
1888,NGC,MS,64,2085742,Philadelphia,1,10.0,10.0,0.0,0.0,1499,1426,180039,222343,24321,37261,119224,88746,25034,78407,,
1889,NGC,MS,63,2042620,New Orleans,1,10.0,10.0,0.0,0.0,1849,1794,195168,248977,25113,35319,120371,87785,30540,88668,,
1901,PCGS,MS,65,2287725,New Orleans,1,10.0,10.0,0.0,0.0,2088,1606,177982,223292,24514,33728,115903,79031,26089,82261,,
1881,PCGS,MS,67,2127307,San Francisco,1,10.0,9.0,0.0,0.0,3404,2324,182432,213017,33842,39529,110635,72785,29125,78745,,
1883,NGC-GSA,MS,65,2293752,Carson City,2,10.0,10.0,0.35,0.0,1296,1236,179131,205764,19093,32206,107132,77298,27133,79288,,
1885,PCGS,MS,62,2298961,San Francisco,2,10.0,10.0,0.0,0.0,4411,3479,177367,216567,28885,37710,111964,80642,25394,76567,,
1879,PCGS,MS,62,2249093,New Orleans,1,10.0,10.0,0.0,0.0,4963,2754,179802,218289,30785,34939,112338,81399,26216,80357,,
1899,PCGS,MS,66,2075346,Philadelphia,4,9.0,8.0,3.95,3.95,3522,3044,197759,216939,37494,43754,123919,70513,28892,75868,,
1884,PCGS,MS,64,2447916,New Orleans,2,10.0,10.0,0.0,0.0,4106,2556,185854,214392,34187,39866,127464,83257,27757,81983,,
1884,NGC,MS,64,2378786,New Orleans,2,9.0,8.0,1.75,1.95,3794,2561,172461,174605,29933,29583,117939,75826,27168,78341,,
1885,NGC,MS,64,2062872,New Orleans,2,10.0,10.0,0.0,0.0,3773,2293,166211,199380,26371,33763,112541,78576,27307,77635,,
1881,NGC,MS,66,2291827,San Francisco,1,8.0,7.0,0.0,0.0,4198,3110,200421,208831,39734,43825,122417,72905,27925,74978,,
1880,PCGS,MS,64,1855321,San Francisco,2,10.0,10.0,1.75,0.65,3407,1045,184657,235843,30773,33809,112043,87113,30513,83477,,
1898,PCGS,MS,64,2068703,New Orleans,2,10.0,10.0,0.35,0.0,2331,2060,192462,228974,28681,38391,120967,86608,30227,85058,,
1879,NGC,MS,62,2120277,San Francisco,2,10.0,10.0,0.0,0.0,3083,1949,203644,244806,28793,41612,115128,83313,31248,82586,,
1902,PCGS,MS,62,1883831,San Francisco,2,10.0,10.0,0.0,1.0,5778,2863,187221,212215,35157,40980,124477,76780,30402,84116,,
1883,NGC,MS,64,2099193,Carson City,3,10.0,10.0,4.35,2.3,949,1389,167049,208121,22499,32917,113779,86602,18466,83368,,
1921,PCGS,MS,63,2128794,Philadelphia,1,9.0,9.0,0.0,0.0,5561,3060,174685,203130,25438,33948,112767,78729,22725,69834,,
1880,PCGS,MS,66,2016201,San Francisco,1,9.0,9.0,0.0,0.0,3256,1139,189140,200825,27903,26847,109872,67044,25985,77660,,
1902,PCGS,MS,67,2408903,New Orleans,1,10.0,10.0,0.0,0.0,904,2087,189177,211617,17767,37880,121823,73636,27789,74603,,
1880,NGC,MS,65,2399058,San Francisco,1,10.0,10.0,0.0,0.0,2995,2498,176574,202951,28664,38783,108230,71728,27100,77333,,
1888,PCGS,MS,67,2408854,Philadelphia,2,10.0,9.0,0.0,0.35,1156,2250,175420,210493,21894,38658,124462,82175,19614,72041,,
1904,PCGS,MS,64,1883835,New Orleans,1,10.0,10.0,0.0,0.35,1524,2269,192373,249465,21411,39011,123404,87109,30682,85009,,
1896,PCGS,MS,63,2037083,San Francisco,3,8.0,9.0,3.25,1.95,2786,2427,216943,252507,38620,43744,123287,88558,44259,93445,,
1879,NGC,MS,64,2085813,San Francisco,1,10.0,10.0,0.0,0.0,3935,1705,214502,238630,37519,38318,119809,83753,28267,86207,,
1882,PCGS,MS,66,2270216,San Francisco,2,10.0,9.0,0.0,0.0,4417,3227,161425,185906,29377,39775,97211,67005,23860,74359,,
1878,SNGC,MSPL,63,2279088,Carson City,2,9.0,8.0,0.0,0.0,7870,1200,134377,144209,33313,29907,95917,56293,25345,67248,,
1898,NGC,AU,55,2291330,San Francisco,2,9.0,8.0,0.0,0.0,6356,4137,205943,270581,38088,49084,118952,90831,35317,95867,,
1885,PCGS,MS,64,2177379,Philadelphia,1,10.0,10.0,0.0,0.0,2253,2191,188689,226651,22774,37513,118040,83944,25148,84815,,
1881,NGC,MS,65,2274270,San Francisco,1,10.0,9.0,0.0,0.0,2847,2700,191151,204627,26451,40338,122663,70083,25970,78688,,
1879,NGC,MS,64,2295585,San Francisco,2,9.0,10.0,0.35,0.0,2098,1785,170461,216030,20277,39247,116070,77836,19207,79715,,
1881,NGC,MS,64,2065820,San Francisco,4,9.0,9.0,4.35,4.3,4696,3287,200578,206559,40494,47603,125755,67613,37379,80920,,
1881,NGC-CAC,MS,66,2029118,San Francisco,3,9.0,6.0,3.05,2.3,4063,3798,208449,210809,35584,48330,127072,71012,35271,81126,,
1885,PCGS,MS,67,2118316,New Orleans,1,10.0,10.0,0.0,0.0,1509,987,186335,218191,19172,35096,118665,88819,30222,83047,,
1886,PCGS,MS,65,2369635,Philadelphia,2,10.0,10.0,1.35,0.65,3806,5556,189675,245081,27800,45728,119829,88274,30572,96192,,
1896,NGC,MS,64,2274286,Philadelphia,2,10.0,8.0,0.0,1.65,2843,2574,192083,212912,31306,36703,126630,82472,26159,82422,,
1880,NGC,MS,63,1883392,San Francisco,1,10.0,10.0,1.75,0.0,3186,1529,195240,234926,30925,34301,110307,82951,33175,86542,,
1896,PCGS,MS,67,2452000,Philadelphia,1,10.0,10.0,0.0,0.0,1282,3283,185163,207447,22171,39746,124162,76011,25153,76866,,
1879,PCGS,MS,60,2121237,San Francisco,1,10.0,10.0,0.0,0.0,6701,3741,217585,219003,45089,48215,122872,77894,29096,82307,,
1898,PCGS,MS,65,2156831,New Orleans,2,10.0,10.0,0.0,0.0,1679,1690,192418,240256,23440,35778,123900,88772,33136,90306,,
1921,PCGS,MS,62,2092974,San Francisco,2,10.0,10.0,0.0,0.65,2591,2635,176110,243673,23699,38984,119220,85803,22149,85366,,
1879,PCGS,MS,62,2090253,San Francisco,1,10.0,10.0,0.0,0.0,6533,2886,204038,223238,44725,43516,108414,74894,24806,76907,,
1892,PCGS,MS,61,2039652,Carson City,1,10.0,10.0,0.0,0.0,3225,1185,209454,252152,31179,35683,119881,85852,33588,90764,,
1897,PCGS,MS,62,2194921,San Francisco,2,10.0,10.0,0.0,0.0,2842,1549,182005,218511,30928,35403,116106,86794,30931,80621,,
1891,PCGS,MS,62,2381803,San Francisco,1,10.0,10.0,0.0,0.0,3369,2906,190625,209580,28947,40432,123380,77948,24802,77747,,
1903,PCGS,MS,62,2369706,Philadelphia,2,10.0,10.0,0.0,0.0,1798,3777,199208,231692,25249,43732,132583,85584,30702,85208,,
1900,PCGS,MS,65,2276065,New Orleans,2,10.0,10.0,0.0,0.0,4688,1554,187706,209306,27252,34746,117325,77096,25208,72860,,
1885,PCGS,MS,65,2163345,Carson City,1,10.0,10.0,0.0,0.0,2990,2240,199867,246901,28062,40823,109735,79517,37175,90903,,
1885,NGC,MS,64,2286612,Carson City,1,10.0,9.0,0.0,0.0,3793,2735,172609,180962,30017,33185,100781,68848,26363,68154,,
1883,PCGS,MS,64,2064190,Philadelphia,2,10.0,10.0,1.75,0.35,2375,2301,186260,239511,23594,42028,115060,83684,30082,84307,,
1886,NGC,AU,58,2272070,New Orleans,1,10.0,10.0,0.0,0.0,3717,3986,179910,224190,24019,40236,120794,85500,30068,79996,,
1880,PCGS-CAC,MS,63,2231508,New Orleans,1,9.0,9.0,0.0,0.0,6459,4517,158237,167306,35299,36573,85196,51781,32893,78485,,
1903,PCGS,MS,63,2241057,Philadelphia,2,10.0,10.0,0.0,0.0,3500,2284,196057,201548,29851,39964,121745,75857,34838,70590,,
1887,NGC,MS,66,2087733,Philadelphia,1,10.0,10.0,0.0,0.0,1509,1557,195703,242262,21002,34605,122718,87755,29782,84952,,
1902,PCGS,MS,63,2064213,San Francisco,1,10.0,10.0,0.0,0.0,2676,1666,191261,236501,29900,37922,117667,86241,29480,79737,,
1880,NGC,MS,63,2125831,Philadelphia,2,10.0,10.0,1.75,0.0,3342,2161,192539,230118,34897,39119,126866,85900,33846,90632,,
1878,NGC,MS,61,2223457,Philadelphia,1,10.0,10.0,0.0,0.0,3639,2084,180706,214562,35252,36250,114571,76554,25360,76298,,
1881,PCGS,MS,64,2121291,San Francisco,1,9.0,9.0,0.0,0.0,6138,2146,177628,199745,28671,36031,112614,71102,20365,68278,,
1889,NGC,MS,65,2247492,Philadelphia,2,10.0,10.0,0.0,0.65,1986,2214,177156,204105,21851,35642,123590,81689,21170,67292,,
1884,PCGS,MS,62,1857744,Carson City,3,10.0,10.0,3.7,0.0,3318,1747,201745,227579,36692,34673,123161,87027,36351,82420,,
1880,PCGS,MS,64,1857762,San Francisco,2,10.0,10.0,1.75,0.35,1754,1544,192431,237238,24417,35839,111187,78919,31526,83312,,
1882,NGC,MS,65,2439426,Philadelphia,1,10.0,10.0,1.75,0.0,2324,2164,170773,216932,21532,37474,113279,80077,26474,79373,,
1878,NGC,MS,62,2275060,Carson City,3,9.0,9.0,1.35,1.35,4570,2661,188461,187055,40313,46979,105757,63363,35802,75294,,
1899,PCGS,MS,64,2291094,New Orleans,3,10.0,9.0,0.0,2.95,14721,7386,219153,231615,67197,68628,117069,64557,42062,63823,,
1887,PCGS,MS,63,2223007,Philadelphia,2,9.0,9.0,0.0,0.0,6515,1587,181976,159999,37664,28172,106808,58712,24004,66048,,
1883,PCGS,MS,67,2051672,Philadelphia,1,10.0,10.0,0.0,0.0,1213,1801,191674,236059,18673,38421,115560,86706,29929,84040,,
1884,PCGS,MS,64,2071157,New Orleans,2,9.0,9.0,5.0,0.0,1646,1816,173599,217908,22007,35197,116309,80762,29631,81508,,
1880,PCGS-CAC,MS,66,2073641,San Francisco,1,10.0,10.0,0.0,0.35,2652,1433,189082,219498,24722,33946,117490,78752,28113,82634,,
1882,NGC,MS,63,1855707,San Francisco,2,10.0,10.0,0.0,0.0,7771,2341,208782,232120,38313,40703,117677,80985,34354,86854,,
1881,PCGS,MS,64,2097805,San Francisco,2,10.0,9.0,0.0,0.0,4170,1078,194463,205821,31010,30862,122186,72210,24773,77960,,
1902,PCGS,MS,65,1858302,New Orleans,2,10.0,10.0,0.0,0.0,1844,1561,198406,230788,23831,33298,125316,89499,25866,80863,,
1881,PCGS,MS,64,2297589,Carson City,0,10.0,10.0,0.0,0.0,1542,1789,177089,208658,21263,36181,109179,76452,24594,80633,,
1921,PCGS,MS,63,1850718,Denver,3,10.0,10.0,0.35,0.35,6691,4731,223664,238919,42216,45301,117339,79496,34946,84897,,
1890,PCGS-CAC,MS,62,2287665,Carson City,1,10.0,10.0,0.0,0.0,3811,1272,186089,203232,33386,32261,116161,73788,26387,76191,,
1885,NGC,MS,65,2413371,New Orleans,2,10.0,10.0,0.0,0.0,2945,1645,185018,215276,28048,37791,123493,79748,27611,79911,,
1900,PCGS,MS,67,2443653,New Orleans,2,10.0,9.0,0.35,0.35,835,3044,179761,223234,18956,39308,127478,85413,22030,82549,,
1899,PCGS-CAC,MS,65,2465562,Philadelphia,2,10.0,10.0,0.0,0.0,2014,1469,196812,206681,24137,29176,113074,71705,28247,78356,,
1884,NGC-GSA,MS,62,2014080,Carson City,1,10.0,10.0,0.0,0.0,4954,2012,203664,233912,34898,36491,115900,89968,31944,84618,,
1892,ANACS,MS,60,2272074,Philadelphia,3,10.0,10.0,3.6,3.6,3656,2412,224260,240571,37038,39870,124665,78598,39780,89782,,
1887,PCGS,MS,63,1885881,San Francisco,2,10.0,9.0,0.0,0.0,2776,1410,192798,224475,31177,35393,111510,82363,32302,83800,,
1895,NGC-CAC,AU,58,2245994,New Orleans,3,10.0,10.0,1.95,0.0,11385,2658,238730,222619,60058,43113,132618,70818,44698,89409,,
1878,NGC,MS,62,2065827,San Francisco,2,10.0,10.0,1.4,0.0,2672,2185,187208,227665,29077,36826,111244,86751,28554,83512,,
1880,NGC,MS,66,2065801,San Francisco,3,9.0,9.0,5.0,3.6,8001,6112,181419,195768,51431,48617,102264,66168,30416,85398,,
1879,NGC,MS,65,2363336,San Francisco,2,10.0,10.0,0.0,0.0,2974,2773,186146,222693,25243,39305,125401,83361,24845,80035,,
1880,PCGS,AU,55,2200406,San Francisco,2,10.0,9.0,0.0,0.0,4195,3341,196518,242762,32799,42894,120035,87466,33197,88651,,
1881,NGC,MS,63,2128830,San Francisco,1,10.0,10.0,0.0,0.0,3952,1945,188176,233343,31387,38504,117339,83893,25016,78091,,
1921,PCGS,MS,63,1883838,San Francisco,1,10.0,10.0,0.0,0.0,4621,3479,201828,242139,36008,38436,125378,81429,23191,84722,,
1880,NGC,MS,65,2462444,San Francisco,2,10.0,10.0,0.0,0.0,2503,1613,183101,203107,28600,35206,118627,74240,24623,77881,,
1879,NGC,MS,64,2285232,San Francisco,1,9.0,9.0,0.0,0.0,1687,2278,161291,203550,20993,36479,103536,77854,24828,74204,,
1903,PCGS-CAC,MS,63,2078657,New Orleans,2,10.0,10.0,1.0,2.3,2720,2137,184920,218666,31242,36881,124177,85487,27193,80480,,
1887,NGC,MS,64,1888339,Philadelphia,3,10.0,5.0,4.3,3.6,4038,3268,181870,211764,36991,40497,123161,78483,25642,80969,,
1887,PCGS,MS,64,2296634,New Orleans,0,10.0,10.0,0.0,0.0,2056,2032,190714,224457,22914,37462,121948,76922,27601,83322,,
1883,PCGS,MS,65,1867254,Philadelphia,1,9.0,9.0,0.0,0.0,2142,2471,192664,208570,26337,41150,104662,67586,29442,81619,,
1899,PCGS,MS,63,1876800,Philadelphia,2,10.0,10.0,1.95,1.3,6725,2211,209189,216495,44006,42095,121280,75673,30347,82923,,
1884,PCGS,MS,63,2097784,Philadelphia,1,10.0,10.0,0.0,0.0,3362,1848,192987,239750,26773,35417,121213,90525,28896,83665,,
1904,PCGS-CAC,MS,64,2271517,New Orleans,2,9.0,9.0,0.0,0.0,2946,1633,177412,181149,26567,27537,114183,63320,17907,69720,,
1881,PCGS,MS,63,2155826,San Francisco,2,10.0,10.0,1.0,2.65,4714,1633,191860,216037,34573,40219,112911,70731,32528,87797,,
1887,NGC,MS,63,2291131,San Francisco,1,10.0,10.0,0.0,0.0,5359,1399,184236,225667,28234,40458,112468,81604,27168,79804,,
1881,PCGS,MS,67,2348222,San Francisco,2,10.0,9.0,0.0,0.0,1941,2145,196754,210030,24743,34336,127612,72904,27490,78626,,
1883,NGC,MS,64,2291810,Carson City,1,10.0,9.0,0.0,0.0,2092,976,166617,186271,24524,31765,114993,72117,21270,72035,,
1878,NGC,MS,63,2065830,San Francisco,2,10.0,10.0,1.4,0.0,3908,1835,209355,241567,34171,40964,116716,83439,33546,88958,,
1885,PCGS,MS,65,2120303,Carson City,1,10.0,10.0,0.0,0.0,3227,1476,190047,223525,29586,34613,108001,81820,32417,85030,,
1891,NGC-CAC,AU,55,2193393,Carson City,3,9.0,9.0,3.25,3.25,7374,4230,229460,231981,50110,45963,127019,87361,44623,86690,,
1889,NGC,AU,58,2296171,San Francisco,2,9.0,10.0,0.0,0.0,7518,2605,177851,201050,34293,40447,117357,70576,24755,75859,,
1880,NGC,MS,64,2160419,San Francisco,3,10.0,9.0,0.0,0.65,5152,2109,192077,168436,42230,30890,111552,42811,39328,78054,,
1888,PCGS-CAC,MS,66,2166366,Philadelphia,1,10.0,10.0,0.0,0.0,1711,2307,167332,215806,19309,38812,115226,84363,25980,81309,,
1881,NGC,MS,62,2169373,San Francisco,1,10.0,10.0,0.0,0.0,6634,1995,176286,223005,32771,34642,112404,84025,21957,76060,,
1884,PCGS,MS,64,2098692,Carson City,2,8.0,7.0,1.75,0.0,4714,3038,186189,183645,37830,38415,101848,61564,35385,64875,,
1898,PCGS,MS,65,2287695,New Orleans,1,10.0,10.0,0.0,0.0,2141,2036,187103,220051,23391,41206,119024,81514,24830,78128,,
1881,PCGS,MS,65,2097802,San Francisco,3,10.0,10.0,1.75,0.0,3920,3188,166045,212278,28675,37430,113401,82858,21958,76759,,
1885,PCGS-CAC,MS,65,1888313,San Francisco,2,10.0,10.0,0.0,0.0,6346,3806,203574,230897,32911,45371,125675,83321,35261,88081,,
1904,NGC,MS,63,2261136,Philadelphia,1,10.0,10.0,0.0,0.0,5513,2658,197964,229729,32388,37402,123960,78056,22772,76318,,
1881,PCGS,MS,63,2190919,Carson City,3,9.0,9.0,3.95,2.95,6871,3608,219890,222707,52378,39716,126996,77662,41224,94139,,
1881,NGC,MS,64,2029131,San Francisco,2,10.0,9.0,2.4,2.95,2752,4764,189445,254922,30557,54771,117397,89478,32248,101668,,
1880,PCGS,MS,63,2257056,Carson City,2,10.0,10.0,0.0,0.0,4203,1866,196382,231530,27914,33458,119383,85333,30152,88331,,
1881,NGC,MS,65,2413380,San Francisco,1,10.0,10.0,0.0,0.0,1689,1816,190885,203685,23032,38513,121993,72372,23720,73188,,
1890,PCGS,MS,64,2125917,Philadelphia,1,10.0,10.0,0.0,0.0,2183,2184,171018,222370,21834,38890,117547,86793,22749,79442,,
1882,PCGS,MS,64,2257064,New Orleans,2,10.0,10.0,0.0,0.0,2660,3002,178041,223139,20815,35341,122693,85376,24336,83039,,
1895,PCGS,AU,55,1872526,New Orleans,1,10.0,10.0,0.0,0.0,2205,2180,197087,261727,26515,39147,123288,94158,35672,95292,,
1890,PCGS,MS,64,2087692,New Orleans,1,10.0,10.0,0.0,0.0,3563,4027,210323,227299,30322,40544,126056,79978,31482,84113,,
1890,PCGS,MS,64,2289577,New Orleans,1,10.0,10.0,0.0,0.0,2205,2016,188977,227936,25526,38756,119738,79229,30391,90924,,
1899,PCGS,MS,63,2177431,San Francisco,1,10.0,10.0,0.0,0.0,5801,2158,217815,245910,36895,42309,129518,87630,33877,88044,,
1884,PCGS,MS,65,2097774,New Orleans,1,9.0,8.0,0.0,0.0,2984,1887,162334,196589,29459,35695,100260,68948,28065,77946,,
1878,PCGS,MS,66,2063696,Carson City,1,10.0,10.0,0.0,0.0,1941,1940,184634,226799,23160,37093,114843,84581,26835,82367,,
1878,PCGS,MS,63,2008534,Carson City,2,7.0,8.0,1.7,0.0,4407,1680,194797,214314,38592,36173,106800,75419,24631,76878,,
1900,NGC,MS,63,1855757,Philadelphia,1,10.0,10.0,0.0,0.0,6776,2408,223935,243493,42032,38594,133178,87346,33465,89979,,
1885,PCGS-GSA,MS,64,2044582,Carson City,1,10.0,10.0,0.0,0.0,1059,2293,172901,227160,22745,37481,104661,82194,29381,88008,,
1881,PCGS,MS,68,1855291,San Francisco,2,9.0,7.0,2.4,1.0,2223,2427,187377,205949,28335,39307,116090,66912,28230,77071,,
1884,PCGS-CAC,MS,67,1888300,Philadelphia,4,7.0,10.0,2.4,0.7,1832,1040,192870,221737,25058,34744,120527,85498,32704,87733,,
1887,NGC,MS,63,2274321,Philadelphia,2,10.0,10.0,0.0,0.0,2977,2333,198591,226374,30068,38509,127580,86447,26787,84090,,
1894,PCGS,AU,55,2087690,New Orleans,1,10.0,10.0,0.0,0.0,8154,3894,238823,254358,53356,43465,133373,88033,40918,91919,,
1879,NGC,MS,64,2451032,Carson City,1,10.0,10.0,0.0,0.0,1849,3884,186503,230196,24573,43243,118075,93477,28675,81164,,
1884,PCGS,MS,64,1854722,Carson City,2,10.0,10.0,1.75,0.0,4348,2147,207040,241818,37400,37756,123093,90764,37268,87972,,
1882,NGC,MS,65,2455921,San Francisco,1,10.0,10.0,1.75,0.0,1366,1768,190149,202553,20101,40530,118266,70688,27696,69862,,
1881,NGC,MS,63,1883390,New Orleans,1,10.0,10.0,1.75,0.0,4448,2279,195317,240778,36073,40724,124637,87351,28754,88898,,
1897,PCGS,MS,62,1883369,San Francisco,1,10.0,10.0,0.0,0.0,2372,1669,198093,242960,27823,37714,120792,90387,31973,82114,,
1880,PCGS,MS,62,2194914,New Orleans,1,10.0,10.0,0.0,0.0,5003,1289,185818,206732,33947,31332,118127,75433,26853,82939,,
1897,PCGS,MS,64,2076648,New Orleans,2,9.0,9.0,0.0,0.35,1891,3280,185393,237405,22501,42392,124470,89333,27546,83413,,
1902,PCGS-CAC,MS,63,2152308,San Francisco,1,10.0,10.0,0.0,0.0,3812,3687,206399,219417,31856,39731,128691,79786,29888,77715,,
1889,PCGS,MS,65,2182966,Philadelphia,1,10.0,10.0,0.0,0.0,2544,1733,183392,232695,26572,37061,116718,89544,26746,84901,,
1881,PCGS,MS,64,2182943,Philadelphia,1,10.0,10.0,0.0,0.0,2050,1492,182680,222999,24248,30887,112020,82407,22105,77820,,
1901,PCGS,MS,63,2034722,San Francisco,1,9.0,9.0,0.0,0.0,2343,1871,191277,227052,29758,32676,118593,80804,32717,86418,,
1921,PCGS,MS,66,2262122,Philadelphia,1,10.0,10.0,0.0,0.0,2415,2515,197065,235922,22199,37538,118717,83156,22072,75626,,
1890,NGC,AU,55,2008532,Carson City,1,10.0,10.0,0.0,0.0,5995,3113,223166,229663,43658,41406,120559,79122,32934,74385,,
1886,PCGS,MS,63,2257079,San Francisco,3,9.0,9.0,0.0,0.0,3259,1430,184077,199378,27087,29455,109255,68868,29161,72538,,
1881,PCGS,MS,64,2450912,San Francisco,2,10.0,10.0,1.75,0.0,2976,3137,172484,223930,27773,38856,111046,78907,25642,79965,,
1891,PCGS,MS,63,2071158,San Francisco,3,9.0,9.0,3.3,2.3,6071,4717,182670,233536,35066,46467,118569,77232,33651,96849,,
1878,PCGS,MS,62,2203054,Philadelphia,1,10.0,10.0,0.0,0.0,3477,2556,206344,224678,28923,43364,118740,79954,28199,80684,,
1878,PCGS,MS,63,1872891,Philadelphia,2,9.0,8.0,1.05,0.0,4862,1934,194277,224082,39848,36691,99791,78266,30087,78218,,
1886,NGC,MS,63,2097788,Philadelphia,1,10.0,10.0,0.0,0.0,4566,2489,190550,235072,28601,35432,120140,88018,26230,77387,,
1891,PCGS,MS,62,2098695,Carson City,2,10.0,10.0,0.0,0.0,4351,2179,204731,240440,37046,37129,112587,84648,31723,83888,,
1887,PCGS,MS,63,1888303,New Orleans,1,10.0,10.0,0.0,0.0,1929,1714,202971,257627,22718,35301,120562,92107,34726,92284,,
1879,NGC,MS,63,2097790,New Orleans,2,10.0,10.0,1.75,0.35,4137,2515,197679,215046,34663,41400,125755,83459,28946,77189,,
1878,PCGS,MS,62,2223967,Philadelphia,1,10.0,10.0,0.0,0.0,5413,2252,201403,214796,29810,34306,120222,75361,27015,77042,,
1899,PCGS,MS,64,2025089,Philadelphia,1,10.0,10.0,0.0,0.0,2459,1432,194244,240480,28815,36793,116735,88871,35106,83428,,
1879,PCGS,MS,62,2241128,New Orleans,1,10.0,10.0,0.0,0.0,2890,2626,190801,230727,22810,37119,118295,84371,28050,76610,,
1878,NGC,MS,62,2262042,Carson City,1,9.0,10.0,0.0,0.0,5197,2563,162333,169684,28859,35084,98921,64396,24496,68206,,
1891,NGC,MS,63,2273738,Carson City,1,10.0,10.0,0.0,0.0,1984,1346,167283,180123,21803,33394,109072,66456,23648,73520,,
1878,NGC,MS,64,2291665,Philadelphia,2,10.0,9.0,0.0,0.0,5054,2202,197694,213919,42621,36896,121825,82454,27962,82269,,
1883,NGC,MS,64,2296182,New Orleans,3,7.0,9.0,3.6,1.0,9501,3209,186921,209040,51603,39603,120933,80910,31091,84865,,
1883,PCGS,MS,63,2451033,Carson City,1,10.0,10.0,0.0,0.0,1947,2143,206299,235785,24795,38315,125173,86157,29419,80203,,
1879,NGC-CAC,MS,66,2280667,San Francisco,3,9.0,10.0,2.95,0.0,4185,1663,209670,218301,38857,39714,119211,70040,39606,84733,,
1885,NGC-CAC,MS,66,2284076,New Orleans,1,10.0,10.0,0.0,0.0,2177,1886,153157,182701,18428,33790,103980,69632,20987,67487,,
1878,NGC,MS,64,2298780,San Francisco,1,10.0,10.0,0.0,0.0,2696,1854,189502,194706,30114,32862,116677,75164,25456,76509,,
1884,PCGS,MS,66,2075330,Carson City,1,8.0,8.0,1.75,0.0,1962,1553,155310,185606,21456,32986,99807,62683,30299,71981,,
1881,PCGS,MS,64,2254625,Carson City,1,10.0,10.0,0.0,0.0,2927,2268,190634,215779,31499,36135,116190,82313,29392,82433,,
1882,PCGS,MS,65,2155836,San Francisco,2,10.0,10.0,0.0,0.0,3484,1786,211848,238252,31702,39416,120732,81325,33075,86366,,
1881,PCGS,MS,66,2293584,San Francisco,1,9.0,9.0,0.0,0.0,3794,1602,184521,203062,28747,37552,115610,73362,29472,76477,,
1884,PCGS-CAC,AU,58,2205903,San Francisco,1,10.0,10.0,0.0,0.0,2572,2585,192246,232249,30635,38746,120733,89693,31954,84524,,
1883,ANACS,MS,63,2457009,Philadelphia,1,10.0,10.0,0.0,0.0,2497,3324,194767,236285,23375,40095,129013,89507,29505,86611,,
1881,PCGS,MS,64,2234694,New Orleans,3,5.0,10.0,3.65,0.0,3801,1055,194636,217418,37284,40607,129160,77865,33355,87066,,
1890,PCGS,MS,64,2421215,New Orleans,2,10.0,10.0,0.35,0.35,1395,3917,175113,217812,23322,45367,116401,76827,25534,87850,,
1884,NGC,MS,64,2065802,New Orleans,3,7.0,9.0,5.0,3.95,4306,3365,189558,219590,35267,46663,125244,79310,23078,77114,,
1897,PCGS,MS,63,2285246,Philadelphia,2,9.0,9.0,0.0,0.0,3753,1691,198898,224295,33374,37535,125261,82881,26575,83878,,
1878,NGC,MS,65,2254530,San Francisco,2,10.0,10.0,0.0,0.0,2018,2912,193286,204305,21794,40769,116563,70695,31170,74946,,
1884,PCGS,MS,64,2440126,Philadelphia,3,10.0,7.0,1.75,3.6,3013,3281,189898,227029,26072,43390,118568,85271,26042,88756,,
1881,NGC,MS,65,2218470,San Francisco,2,10.0,9.0,0.0,0.0,2973,3118,174435,200965,24981,35452,112204,75885,25623,75390,,
1885,NGC,MS,63,2274317,New Orleans,3,10.0,10.0,0.0,0.0,2501,3590,172000,204119,23642,36155,120901,82382,24552,82571,,
1884,PCGS,MS,64,2450915,New Orleans,2,10.0,10.0,2.4,0.0,2064,3990,172778,213877,25408,41943,119575,83725,22286,82404,,
1891,PCGS,MS,63,1883813,Philadelphia,2,10.0,10.0,0.35,0.35,2623,1500,161676,226937,26032,35791,111826,89445,25032,82876,,
1878,PCGS,MS,63,2192991,Philadelphia,1,10.0,10.0,0.0,0.0,4737,1233,205362,229097,36103,33005,116695,81612,28087,84174,,
1880,PCGS-CAC,MS,66,2184419,Carson City,1,10.0,10.0,0.0,0.0,1125,1920,174614,205138,17556,30346,110011,83214,31306,73125,,
1894,PCGS,AU,58,1872528,San Francisco,1,10.0,9.0,0.0,0.0,4567,2167,210527,229803,34892,36378,117075,80043,32858,76927,,
1891,PCGS,MS,62,2248033,New Orleans,3,10.0,10.0,2.65,1.65,5435,1540,218254,209184,43056,37426,129527,77426,32403,85033,,
1891,PCGS,MS,63,2177405,San Francisco,1,10.0,10.0,0.0,0.0,6739,2223,201109,240689,41808,37252,120777,89651,26742,83052,,
1889,PCGS,AU,58,2270300,San Francisco,3,9.0,10.0,0.0,0.0,9979,2324,200026,231550,40127,39543,120444,83771,36618,84616,,
1885,PCGS,MS,63,2119731,San Francisco,2,10.0,10.0,0.0,0.0,3662,1344,212707,232175,34548,36539,122072,80458,30875,86240,,
1891,NGC,MS,63,2291408,Carson City,2,10.0,10.0,0.0,0.0,2945,1896,182589,227082,24325,35943,113624,85295,30662,81148,,
1882,PCGS,MS,64,2182949,New Orleans,1,10.0,10.0,0.0,0.0,3027,2551,172618,199792,22455,29125,117810,83680,27291,76464,,
1898,PCGS,MS,66,2182975,New Orleans,1,10.0,10.0,0.0,0.0,1475,2248,197005,235240,21133,37541,121006,88313,33245,88016,,
1921,SEGS,MS,61,1861849,Philadelphia,2,10.0,10.0,0.0,0.0,6842,2164,235376,243552,47544,35219,138150,86133,32754,89348,,
1902,PCGS,MS,63,2287759,San Francisco,1,10.0,10.0,0.0,0.0,1613,2093,191937,209859,23152,35818,117996,79992,26638,74669,,
1886,NGC,MS,64,2160482,Philadelphia,4,8.0,10.0,2.95,0.7,5749,4146,214353,217364,45199,43693,124481,74000,35409,82125,,
1887,NGC,MS,62,2285314,Philadelphia,2,10.0,10.0,0.0,0.0,5975,4015,194841,203638,40948,39682,124970,80252,23900,73912,,
1883,PCGS,MS,66,2151917,Carson City,1,10.0,10.0,0.0,0.0,2789,2456,195111,223943,27678,38306,115086,83166,30232,81178,,
1884,PCGS,MS,65,2125921,Carson City,1,10.0,10.0,0.0,0.0,3228,1982,196403,227256,28257,37310,120616,77365,32699,85581,,
1900,PCGS,MS,65,2010038,New Orleans,1,10.0,10.0,0.0,0.0,2573,1882,201781,240044,24581,34663,122094,88240,32428,83490,,
1884,PCGS,MS,63,2273055,New Orleans,2,10.0,10.0,0.35,0.65,3020,4098,177628,227494,27064,45498,120950,84913,25492,82909,,
1883,NGC-GSA,MS,63,2014078,Carson City,1,10.0,10.0,0.0,0.0,2781,1629,192748,246352,26483,37931,115037,88843,30963,86981,,
1878,PCGS,MS,64,2374381,Carson City,2,10.0,10.0,0.0,0.0,3195,1651,185252,182986,29377,34235,121040,68811,22612,75190,,
1885,PCGS,MS,65,2463861,New Orleans,3,6.0,10.0,4.35,0.35,2220,3521,182801,204134,26699,40708,119859,85795,29839,78945,,
1886,PCGS-CAC,MS,67,2026162,Philadelphia,2,10.0,10.0,1.05,0.35,1762,1228,180499,222401,23857,35469,127710,88342,21840,80875,,
1885,NGC,MS,63,2274309,New Orleans,2,7.0,6.0,0.0,0.35,4922,2759,145381,174178,39019,34140,93856,64544,31096,79810,,
1890,PCGS,MS,64,2241052,New Orleans,2,10.0,10.0,0.0,0.0,5671,1859,174683,197142,35915,30413,114913,79083,22215,76112,,
1879,PCGS,MS,61,2249092,New Orleans,2,10.0,10.0,0.0,0.0,7344,2653,183479,221943,36081,35774,113965,84174,28079,81350,,
1880,NGC,MS,64,2030667,San Francisco,1,7.0,7.0,0.0,0.0,5062,954,172941,188976,35788,32948,103893,70130,30898,74650,,
1898,PCGS,MS,66,2295123,Philadelphia,3,9.0,8.0,3.25,0.65,2976,6071,201076,256675,40508,60604,126683,94994,26465,98954,,
1887,NGC,MS,63,2248081,San Francisco,2,10.0,10.0,0.0,0.0,5705,2023,194257,217739,37458,33558,116151,77235,28864,83859,,
1899,NGC,MS,64,2010023,Philadelphia,0,10.0,10.0,0.0,0.0,4376,3469,212998,243659,34769,43499,125438,86203,30019,85222,,
1878,NGC-CAC,MS,63,2090263,Philadelphia,2,10.0,10.0,0.7,0.35,2289,2260,173564,196574,27798,37398,110333,75585,22792,75304,,
1880,NGC,MS,64,2075242,San Francisco,1,9.0,9.0,0.0,0.0,6148,2107,155264,191041,32313,33039,100848,71628,26058,68477,,
1900,NGC,MS,64,2065803,New Orleans,1,10.0,10.0,0.0,0.0,2312,1224,218158,253469,22819,36983,125714,87052,35208,87057,,
1885,NGC,MS,64,2160481,New Orleans,4,8.0,6.0,0.7,3.6,5446,3360,194517,235417,37714,48054,115384,79423,44212,88492,,
1878,PCGS,MS,63,1857748,San Francisco,2,10.0,9.0,1.4,0.35,2713,2198,204016,234049,30536,39803,117877,88629,28362,81733,,
1893,NGC,AU,58,2255551,New Orleans,2,10.0,10.0,0.0,0.0,4293,2575,204316,237592,32933,34696,122982,88054,33493,82441,,
1885,PCGS-CAC,MS,64,2236065,San Francisco,1,10.0,10.0,0.0,0.0,3882,1716,185411,213602,26144,34437,112872,74032,25965,73128,,
1878,PCGS,AU,58,2289169,Carson City,1,9.0,10.0,0.0,0.0,4310,2930,203028,241612,36550,44366,119912,85226,27726,83172,,
1883,PCGS,MS,62,2226458,Carson City,1,9.0,9.0,0.0,0.0,4404,2402,177991,167629,31244,30046,104311,58284,22210,61619,,
1881,NGC,MS,65,2363357,San Francisco,1,10.0,10.0,0.0,0.0,3073,2518,173188,207982,24960,38953,111610,76063,20274,76522,,
1894,PCGS,AU,58,1860227,New Orleans,2,10.0,10.0,1.65,1.0,6541,2903,197976,224930,37359,42400,131749,79072,29143,82111,,
1887,PCGS,MS,67,2127313,Philadelphia,1,10.0,10.0,0.0,0.0,1996,1448,217256,249211,22774,34499,127164,80517,29911,85730,,
1904,PCGS,AU,55,2127344,San Francisco,2,10.0,10.0,0.0,0.0,4074,3659,225444,253634,37204,46774,127802,85308,39998,86886,,
1884,SEGS,MS,66,2154855,New Orleans,1,10.0,10.0,0.0,0.0,6311,2509,152724,198661,28154,32476,105319,79072,27199,81018,,
1883,PCGS,MS,64,2255605,New Orleans,3,10.0,10.0,3.3,0.0,10632,3143,222645,241095,63164,46590,126030,78606,43668,94366,,
1893,PCGS,AU,58,2187379,Philadelphia,3,10.0,10.0,0.0,0.0,3271,2736,198072,251451,31492,42590,118067,93162,29413,82546,,
1903,PCGS,MS,67,2408923,Philadelphia,2,10.0,10.0,0.0,0.0,1238,2264,178400,215408,20685,37097,127522,77042,22110,75765,,
1880,NGC,MS,66,2030654,San Francisco,1,8.0,6.0,0.0,0.0,3606,1369,176547,192598,32003,34347,103826,68559,26987,72112,,
1883,NGC,MS,67,2183861,Carson City,3,7.0,10.0,2.35,0.0,6921,2130,172562,159278,39301,34150,96653,43743,32062,64615,,
1887,PCGS,MS,64,2121290,Philadelphia,1,10.0,10.0,0.0,0.0,4000,1534,194064,224833,29138,32211,110662,78154,26339,80032,,
1881,PCGS,MS,63,2311160,San Francisco,2,10.0,10.0,0.0,0.0,3412,2495,196377,209349,34581,41118,121484,66342,23625,79328,,
1886,PCGS-CAC,MS,66,1888304,Philadelphia,1,10.0,10.0,0.0,0.0,1047,1080,204429,247394,20841,33843,122510,88348,33161,86468,,
1898,NGC,MS,64,2274207,New Orleans,3,10.0,10.0,0.0,0.0,2515,2796,192648,226594,28609,37136,121977,84376,29633,87836,,
1885,PCGS,MS,66,2167340,New Orleans,1,10.0,10.0,0.0,0.0,2629,2187,168676,226398,24141,34956,118257,89306,23992,83522,,
1891,NGC,AU,55,1883315,Carson City,3,9.0,8.0,3.6,3.25,6392,4632,227932,237526,54917,47473,127020,90943,42843,88112,,
1899,PCGS,MS,62,2187391,San Francisco,2,10.0,10.0,0.0,0.0,3034,1616,194427,223736,28542,34344,125350,88203,29703,79351,,
1884,NGC,MS,60,2090689,San Francisco,1,6.0,4.0,1.75,0.0,2931,2189,188221,211163,32843,36170,109996,74439,34399,88389,,
1878,PCGS,MS,63,2296663,Philadelphia,1,10.0,10.0,0.0,0.0,4307,2071,223023,246385,40581,41100,121902,85484,31431,84522,,
1894,PCGS,AU,58,2208001,New Orleans,1,10.0,10.0,0.0,0.0,3188,1532,204096,247675,28901,34712,120208,88579,34402,92430,,
1883,NGC,MS,64,2177370,Philadelphia,2,10.0,10.0,0.0,0.35,3446,1919,174380,208192,20616,34591,112024,76114,25644,76272,,
1880,PCGS,MS,64,2155819,San Francisco,2,5.0,6.0,0.35,0.0,5140,2889,183304,191832,39928,40358,103906,50482,36087,74157,,
1886,NGC,AU,55,2363293,New Orleans,3,10.0,9.0,1.05,0.65,12082,14480,176094,249911,40369,61082,111669,92894,35953,101331,,
1888,PCGS,MS,64,2257082,New Orleans,2,10.0,10.0,0.0,0.0,4434,1450,175845,193594,25394,29257,114067,70041,26375,74789,,
1885,PCGS,MS,64,2270542,Philadelphia,2,10.0,10.0,0.35,0.35,4167,2188,178634,203885,25990,33411,118725,78511,23150,78073,,
1883,PCGS,MS,64,2299607,New Orleans,3,9.0,9.0,0.0,0.0,2156,2585,181139,218916,23093,40357,129067,87230,20834,84308,,
1878,NGC,MS,63,2298783,Philadelphia,2,9.0,9.0,0.35,0.0,2928,1251,174338,208510,28468,35757,116094,80436,28723,85826,,
1884,PCGS,MS,65,2026208,Carson City,1,10.0,10.0,1.75,0.0,1433,2140,195574,238878,22851,39482,117150,86690,30982,85982,,
1882,PCGS,MS,64,2293100,New Orleans,2,10.0,10.0,0.0,0.0,1319,2408,175845,219536,21225,38105,117544,82614,22581,76516,,
1891,PCGS,MS,62,2218462,San Francisco,2,10.0,10.0,0.0,0.0,5316,2371,201343,204714,36416,32065,121371,75852,28987,71623,,
1904,NGC,MS,66,2289655,New Orleans,3,9.0,9.0,0.0,0.0,1795,1750,163289,184750,24266,34986,112544,62500,20721,71992,,
1884,PCGS,MS,66,2257070,Philadelphia,2,10.0,10.0,0.0,0.0,2148,9001,195757,197132,23126,57917,116035,50790,26140,51611,,
1902,PCGS,MS,62,2155850,New Orleans,2,10.0,10.0,0.35,0.35,2910,3399,198903,225699,30491,40400,124829,83617,32599,91467,,
1883,PCGS,MS,65,2296226,New Orleans,1,10.0,9.0,0.0,0.0,1405,1527,175029,215641,21335,32409,118899,82194,24619,83426,,
1900,PCGS,MS,65,2076159,San Francisco,1,10.0,10.0,0.0,0.0,4548,2506,189319,230575,34346,39446,118298,85479,27014,82230,,
1878,PCGS-CAC,MS,66,1853716,San Francisco,1,10.0,10.0,1.4,0.0,1520,1625,199153,241792,20857,38733,112492,83117,29441,85838,,
1878,PCGS,MS,64,2264032,Philadelphia,1,10.0,10.0,0.0,0.0,4696,2527,179137,190458,27596,29304,107592,71120,25369,80377,,
1882,PCGS,MS,65,1888287,New Orleans,3,5.0,10.0,3.05,0.0,3172,1342,188916,229048,33235,35668,120089,87599,29764,85475,,
1880,PCGS,MS,66,2029062,Carson City,2,10.0,10.0,2.4,0.65,1170,2343,169740,216282,21905,35710,107290,83924,28942,80950,,
1878,PCGS,MS,64,2152008,Philadelphia,1,10.0,10.0,0.0,0.0,3885,1416,177465,220047,23059,32483,111144,83991,26702,80811,,
1887,PCGS,MS,65,2068680,Philadelphia,2,10.0,10.0,1.05,0.0,2166,1757,200280,241950,24564,36636,120856,90398,30893,88313,,
1904,NGC,MS,64,2128814,San Francisco,3,10.0,9.0,2.3,2.3,5784,3528,209119,223076,42350,43427,126300,81415,45246,91524,,
1878,NGC-CAC,MS,64,2078675,Philadelphia,3,10.0,10.0,0.7,0.35,2219,1500,165911,210608,28837,39594,110825,82300,20898,87532,,
1921,PCGS,MS,64,2081671,Denver,1,9.0,9.0,0.0,0.0,3577,2149,213686,254624,32549,36631,121418,86176,29999,84315,,
1885,NGC,MS,64,2291089,New Orleans,3,5.0,9.0,0.65,0.0,9071,3229,170389,203021,39225,34564,121532,84050,27616,79351,,
1878,PCGS,MS,65,2181860,Philadelphia,2,10.0,10.0,0.0,0.0,3070,1880,171431,214979,24571,32987,113700,78409,26011,82732,,
1901,NGC,MS,64,2054157,San Francisco,3,8.0,9.0,3.6,3.25,8239,4805,208406,213530,51177,45957,127341,75267,36336,84590,,
1894,PCGS,MS,62,2111744,Philadelphia,2,9.0,10.0,1.65,2.0,4199,2189,203048,230057,37045,43263,124017,83773,28478,77652,,
1881,NGC,MS,64,2110868,San Francisco,3,9.0,9.0,4.35,1.65,5736,2789,208419,208747,46591,42564,125750,71315,38692,86060,,
1890,PCGS,MS,62,2223494,New Orleans,2,10.0,10.0,0.0,0.0,5677,2462,180781,201665,34604,38762,120653,77896,24399,75188,,
1903,PCGS-CAC,MS,66,2269090,New Orleans,2,10.0,10.0,0.0,0.0,2682,2098,183484,211189,22955,33717,118719,73158,20418,76461,,
1904,NGC,MS,64,2160485,New Orleans,4,7.0,7.0,2.3,0.65,9814,6955,247938,260907,63747,60025,138932,89226,44117,97794,,
1886,NGC,MS,68,2269097,Philadelphia,2,10.0,9.0,0.0,1.65,1933,1150,180118,205003,19484,32377,117325,76953,24982,74091,,
1886,PCGS,MS,64,2408848,New Orleans,1,10.0,10.0,1.05,0.0,1308,3262,187135,225874,22203,41074,123632,83417,26741,83726,,
1900,PCGS,MS,64,1850712,New Orleans,2,10.0,9.0,0.35,0.0,1776,1623,198262,243004,26730,35160,126509,88328,29008,84289,,
1884,PCGS,MS,66,2036080,New Orleans,1,10.0,10.0,1.75,0.0,1453,3299,182808,220397,22453,39988,117967,86030,24378,80175,,
1883,PCGS-CAC,MS,66,2065685,Carson City,2,10.0,10.0,2.4,0.0,2843,1230,196719,234689,32265,38428,117329,86739,29728,86426,,
1898,NGC,MS,63,2274312,New Orleans,2,10.0,10.0,0.0,0.0,3975,3179,196592,233399,36432,40935,124941,89298,35833,90296,,
1899,PCGS,MS,65,2120315,Philadelphia,1,10.0,10.0,0.0,0.0,2313,2118,203037,234044,29954,39519,125737,79520,30539,85123,,
1879,PCGS,MS,65,2016175,San Francisco,1,8.0,8.0,1.75,0.0,4325,1805,184186,196600,38052,38093,97468,66240,34397,78019,,
1893,NGC,AU,55,2044589,New Orleans,1,10.0,10.0,0.0,0.0,2459,1837,206481,249340,27883,37489,123347,90022,38400,88268,,
1879,NGC,MS,63,2248072,San Francisco,1,10.0,10.0,0.0,0.0,6041,1855,194746,205897,33714,33977,104145,74752,23591,75793,,
1899,PCGS,MS,65,2463008,New Orleans,2,10.0,10.0,0.35,0.0,1106,2368,173652,212345,20216,40566,120778,82257,24864,79273,,
1887,NGC,MS,64,2151991,San Francisco,4,9.0,9.0,1.65,2.3,9110,5372,253055,223110,65494,53304,136268,74369,50436,89438,,
1889,PCGS,MS,63,2257084,San Francisco,3,10.0,10.0,0.35,0.0,2908,1858,190968,219193,27627,35308,121696,77399,28634,81506,,
1901,NGC,MS,65,2274282,New Orleans,1,10.0,10.0,0.0,0.0,1888,2163,182533,214914,23371,36222,127316,83096,23255,77382,,
1883,NGC,MS,65,2260546,New Orleans,3,9.0,10.0,2.0,0.35,7906,2007,198221,210835,42187,38927,121739,75390,29366,79068,,
1878,NGC-CAC,MS,64,2122760,San Francisco,1,9.0,9.0,0.0,0.0,5034,1413,180791,211311,31114,33786,106436,74326,23691,76521,,
1900,PCGS,MS,64,2426880,New Orleans,2,10.0,10.0,0.0,0.0,2433,2401,194998,212516,25512,35961,124494,81311,24347,76790,,
1899,PCGS,MS,64,2257102,New Orleans,1,10.0,10.0,0.0,0.0,3215,1776,194638,213462,27336,35037,123003,75141,27505,80197,,
1901,NGC,AU,58,2030613,Philadelphia,1,9.0,9.0,0.0,0.0,2142,1467,216892,237148,25228,34263,125378,80960,35963,86971,,
1879,PCGS-CAC,MS,64,2409058,Carson City,1,8.0,7.0,1.75,0.0,4708,2091,148433,174519,28711,30102,95057,61659,24555,71314,,
1885,NGC,MS,65,2125841,New Orleans,1,10.0,10.0,0.0,0.0,1709,1795,173952,223411,19901,35203,115663,89208,26246,77627,,
1889,NGC,MS,63,2289678,Philadelphia,4,7.0,6.0,3.95,2.65,6125,3119,204843,255620,41168,48248,128974,90781,29120,89950,,
1885,NGC,MS,62,2298793,San Francisco,1,10.0,10.0,0.0,0.0,4160,2159,164322,211852,21463,33508,109836,78068,20637,75104,,
1878,PCGS,MS,66,2166358,Philadelphia,2,10.0,10.0,0.7,0.7,1460,1478,176933,199111,22524,34099,111517,77188,20753,81076,,
1881,ANACS,MS,65,2120324,San Francisco,3,10.0,10.0,2.4,1.0,4403,1781,192714,171114,37245,30708,114761,47975,45508,79353,,
1891,PCGS,MS,62,2169399,Philadelphia,1,10.0,10.0,0.0,0.0,2955,1652,179054,219353,27048,33131,116421,86802,27590,80190,,
1894,PCGS,AU,55,2010525,New Orleans,2,9.0,9.0,0.0,0.0,2494,2665,208206,253904,28197,38024,121116,91945,38855,90332,,
1895,PCGS,MS,63,2247604,San Francisco,1,10.0,9.0,0.7,0.0,4811,2689,209867,227093,40047,42268,120129,77689,36882,86282,,
1896,NGC,AU,55,2449903,New Orleans,1,10.0,10.0,0.0,0.0,3568,3982,206539,240785,32101,42958,128139,89225,39724,91375,,
1887,PCGS-CAC,MS,67,2408849,Philadelphia,1,10.0,10.0,0.0,0.0,1090,1089,182608,198643,18283,30504,124086,75205,25475,74025,,
1881,PCGS,MS,65,2218468,San Francisco,0,10.0,10.0,0.0,0.65,2040,5542,185749,247893,23857,52159,117600,88004,26901,94941,,
1921,PCGS,MS,62,2223009,Denver,2,10.0,10.0,0.0,0.0,4940,3952,207242,231225,36705,39874,117829,85567,27580,80444,,
1890,NGC-CAC,MS,64,2252146,Philadelphia,1,10.0,10.0,0.0,0.0,5117,2796,192047,209100,30401,38827,121098,78082,25914,75656,,
1896,NGC,MS,63,2261156,Philadelphia,4,9.0,7.0,3.7,1.65,8358,2658,223829,199764,58048,43737,117605,62051,37503,73400,,
1888,PCGS,MS,63,2258164,San Francisco,3,9.0,9.0,3.25,2.6,4080,2729,242077,269338,43511,53047,130866,84274,45104,99946,,
1898,NGC,MS,63,2248068,Philadelphia,3,9.0,9.0,2.65,2.0,4589,2280,200016,217176,34468,38513,123191,73808,34465,71788,,
1921,NGC,MS,65,2248087,Philadelphia,2,10.0,10.0,0.0,0.0,3442,2185,212768,225949,32617,36406,123196,80982,27729,82745,,
1887,NGC,MS,64,2201420,San Francisco,4,9.0,9.0,1.65,2.3,9110,5372,253055,223110,65494,53304,136268,74369,50436,89438,,
1900,PCGS,MS,65,2287721,New Orleans,2,10.0,10.0,0.0,0.0,1885,1941,186028,210192,23572,39379,123216,78474,25344,74760,,
1889,PCGS,MS,63,2068685,San Francisco,1,10.0,10.0,0.0,0.0,2960,1998,216798,249682,30270,39275,120560,83864,31759,87666,,
1902,PCGS,MS,64,2288161,Philadelphia,1,10.0,10.0,0.0,0.0,4018,2963,203767,251632,35397,43246,132096,87538,27385,89851,,
1881,NGC-CAC,MS,67,2226477,San Francisco,3,9.0,10.0,2.0,0.0,3587,1643,207891,213972,34578,39804,115451,70594,38008,86495,,
1880,PCGS,MS,63,2068651,San Francisco,2,9.0,10.0,2.4,0.0,2159,835,204304,235541,26497,33703,116689,75192,33874,89178,,
1902,PCGS-CAC,MS,65,2203076,San Francisco,3,8.0,9.0,3.95,3.25,4708,4635,198548,220587,38136,48805,122494,82851,36582,88087,,
1880,PCGS,MS,64,2287681,San Francisco,1,10.0,10.0,0.0,0.0,4094,1391,190624,215659,31075,35416,120129,73719,24894,78821,,
1878,NGC,MS,63,2298997,San Francisco,2,10.0,10.0,0.35,0.35,3100,1564,177290,183549,28933,34830,110959,69183,28057,71086,,
1878,NGC,MS,64,2273692,Philadelphia,1,10.0,10.0,0.0,0.0,3732,2385,176674,202592,25643,36574,109924,72007,24596,76688,,
1897,PCGS,MS,65,2110792,Philadelphia,1,10.0,10.0,0.0,0.0,1385,1397,195741,229349,21706,35025,121424,87954,27988,82586,,
1904,PCGS,MS,63,2008511,Philadelphia,2,10.0,10.0,1.95,0.0,1764,2964,193960,238952,24300,39145,125327,88265,30225,83076,,
1880,PCGS,MS,63,1855259,San Francisco,2,10.0,10.0,1.75,0.35,3079,1266,189288,239059,30245,32544,102145,86056,28279,83228,,
1884,PCGS-CAC,MS,63,2283414,New Orleans,1,10.0,10.0,0.0,0.0,1347,2358,173124,200118,22263,34859,116821,80029,26581,76714,,
1882,NGC,MS,65,2151907,New Orleans,2,10.0,10.0,0.0,0.0,3140,1343,182140,225710,30263,34755,121856,82434,24271,80992,,
1880,PCGS,MS,63,2099192,Carson City,2,9.0,10.0,2.4,0.65,2112,1780,174864,214594,28059,38191,104010,84296,33768,82916,,
1901,PCGS,MS,64,1881263,New Orleans,1,10.0,10.0,0.0,0.0,3142,3451,198019,240279,30121,46252,124799,89401,32173,85073,,
1878,PCGS,MS,62,2287703,Philadelphia,1,8.0,8.0,0.0,0.0,3944,1116,187581,217388,34150,35613,109800,72964,27446,73565,,
1883,PCGS,MS,64,2445413,Carson City,1,10.0,10.0,0.0,0.0,1923,2844,191910,214142,24675,39893,124416,82965,24518,76248,,
1878,PCGS,MS,64,2079700,San Francisco,2,10.0,10.0,1.4,0.35,2744,1289,198516,236314,29147,33982,114073,83797,33587,89204,,
1889,PCGS,MS,65,2249094,Philadelphia,2,10.0,10.0,1.95,0.0,4315,1830,188530,217359,31377,37672,119673,80479,25154,81297,,
1887,NGC,MS,61,2203070,New Orleans,1,10.0,10.0,0.0,0.0,3510,2615,178757,208786,28076,36575,118419,76315,23201,82243,,
1883,NGC,MS,64,2170931,Philadelphia,2,9.0,10.0,1.65,0.35,2944,1618,184132,221542,31179,35858,117712,87122,26484,76879,,
1903,PCGS,MS,65,2063656,Philadelphia,3,9.0,7.0,2.65,2.0,3189,5765,201492,257685,35389,57866,129371,85706,33637,102268,,
1898,PCGS,MS,64,2092967,Philadelphia,3,9.0,10.0,3.3,1.0,3638,2409,176953,218272,28391,40182,115510,78151,19183,87208,,
1880,PCGS-CAC,MS,66,1853755,San Francisco,2,10.0,10.0,1.75,0.0,2154,1477,176159,238610,24345,37299,110706,88007,28491,82103,,
1887,NGC,MS,64,2223037,Philadelphia,3,9.0,10.0,0.65,0.0,4221,2520,193375,201398,37039,43270,124770,75820,26705,80570,,
1899,NGC,MS,62,2274212,Philadelphia,1,10.0,10.0,0.0,0.0,2273,2050,172153,194831,21277,33723,108335,70764,25992,68460,,
1886,PCGS,MS,66,2462996,Philadelphia,1,10.0,10.0,0.0,0.0,2392,3400,200176,228416,23184,37617,130033,80460,21387,81044,,
1881,PCGS,MS,66,2253525,San Francisco,1,10.0,10.0,0.0,0.0,2198,1696,178571,201630,21705,32744,113551,62813,24603,68601,,
1889,NGC,MS,65,2110822,Philadelphia,1,10.0,10.0,0.0,0.0,2220,1877,180964,229503,24106,36658,116357,90464,27671,81403,,
1878,NGC-GSA,MS,63,2215108,Carson City,1,10.0,10.0,0.0,0.0,3939,2519,177312,207493,26486,37086,114724,74506,25085,79675,,
1885,PCGS,MS,64,2029078,New Orleans,2,10.0,10.0,1.75,0.0,4998,2219,196123,221507,41393,43537,119017,87050,29765,82959,,
1882,PCGS,MS,65,2298744,Carson City,2,10.0,10.0,0.0,0.0,1667,2208,165639,210957,19102,32967,112759,82787,28077,80057,,
1885,PCGS,MS,61,2155838,Philadelphia,1,10.0,10.0,0.0,0.0,5046,1276,203366,219513,37704,33770,110793,72701,25403,78529,,
1880,PCGS,MS,64,2287682,Carson City,2,10.0,10.0,0.0,0.0,2229,2837,182682,218932,27228,37211,116406,84959,28344,77847,,
1879,PCGS,MS,66,2247988,New Orleans,1,10.0,10.0,0.0,0.0,3160,1811,174398,205844,21775,34468,107207,73882,26930,72296,,
1886,PCGS,MS,64,2037086,Philadelphia,3,9.0,1.0,0.7,3.6,2941,2325,186442,197533,29740,38707,121995,71832,23730,84337,,
1884,PCGS,MS,65,2170867,Carson City,3,10.0,9.0,0.0,0.35,3678,3181,213315,243894,35931,44544,117511,80142,37046,88781,,
1896,PCGS-CAC,MS,66,2038598,Philadelphia,1,8.0,8.0,0.0,0.0,3326,1525,168594,207786,33052,34891,99786,68487,34239,85244,,
1892,NGC,MS,61,2062873,Carson City,2,10.0,10.0,0.0,0.0,3272,2302,207229,233938,34410,36377,123067,89476,35168,85919,,
1901,PCGS,MS,67,2239548,New Orleans,1,9.0,9.0,0.0,0.0,3854,1993,166233,178282,27018,30055,104344,60832,21100,63694,,
1901,PCGS,MS,65,2463010,New Orleans,1,10.0,10.0,0.0,0.0,1076,2042,188867,237725,21305,36816,116090,83561,31107,88498,,
1904,PCGS-CAC,MS,64,1872462,Philadelphia,4,5.0,5.0,3.95,3.95,5982,4471,207566,215264,44708,45765,122020,73621,33760,80653,,
1904,NGC,MS,63,1855778,New Orleans,2,10.0,10.0,0.0,0.0,2308,2893,194921,232348,27545,39279,128640,84439,27104,86972,,
1887,PCGS,MS,62,2025072,New Orleans,1,10.0,10.0,0.0,0.0,4278,2367,208977,249405,34382,40822,124307,88376,36958,89725,,
1885,NGC,MS,65,2413372,New Orleans,1,10.0,10.0,0.0,0.0,1710,2095,181429,206990,24769,37170,118897,78111,27737,78627,,
1900,NGC,MS,67,1885942,New Orleans,0,7.0,8.0,0.0,0.0,2655,2561,175939,199590,28072,32430,108867,73699,23827,73169,,
1900,PCGS,MS,65,2000500,New Orleans,3,8.0,9.0,3.25,3.25,2458,2934,178237,216220,32565,40585,112057,83866,29269,79800,,
1903,PCGS,MS,63,2259698,Philadelphia,2,10.0,10.0,0.0,0.0,3604,1717,190485,211766,26119,32395,119191,76337,21246,69704,,
1885,NGC,MS,64,2248082,New Orleans,3,9.0,10.0,1.0,0.0,3641,2661,157734,208042,28492,38058,103332,80146,23242,79581,,
1884,PCGS,MS,65,2099198,Carson City,3,10.0,10.0,3.05,0.0,5959,3381,212801,227951,45964,40317,125622,79744,29762,81367,,
1885,PCGS,MS,65,2183885,Carson City,3,10.0,10.0,0.0,0.0,942,2163,176841,233444,21479,36474,117147,91407,27227,86252,,
1878,NGC,MS,63,1883314,Philadelphia,1,10.0,10.0,0.0,0.0,7668,3600,172656,185871,44130,36617,99280,64642,27940,76545,,
1881,PCGS-CAC,MS,65,2192989,San Francisco,3,9.0,10.0,1.95,0.0,6936,2914,236857,235574,50965,42661,127994,72875,45555,85871,,
1883,PCGS,MS,63,2068663,Carson City,1,10.0,10.0,1.75,0.0,1860,1604,194990,227562,26253,33345,116749,84194,33311,84803,,
1921,PCGS,MS,66,2248000,San Francisco,3,9.0,10.0,1.65,0.0,12702,2933,240995,227047,67769,33891,134452,85576,41817,82804,,
1921,NGC,MS,65,2227524,Denver,2,10.0,10.0,0.0,0.0,7000,3288,203435,222330,45205,37709,115288,80742,27663,73071,,
1903,PCGS,MS,62,2364275,Philadelphia,1,9.0,10.0,0.0,0.0,3237,2898,199869,219083,28303,38624,132038,85147,30723,78742,,
1884,PCGS,MS,64,2257072,New Orleans,1,10.0,10.0,0.0,0.0,3183,1048,182687,182065,25460,25329,111249,64421,27629,73032,,
1898,PCGS-CAC,MS,64,2293755,New Orleans,1,10.0,10.0,0.0,0.0,1643,2338,201856,254442,23055,38570,129505,87561,32860,96996,,
1878,NGC,MS,64,2298777,San Francisco,2,10.0,9.0,0.0,0.0,2728,2667,191470,214059,28695,38143,117604,79861,24097,80951,,
1883,PCGS,MS,65,2183883,Carson City,1,10.0,10.0,0.0,0.0,1811,1719,193387,235385,23953,36406,114131,85975,31209,82480,,
1888,PCGS,MS,64,2241135,New Orleans,2,10.0,10.0,0.0,0.35,1548,1668,174807,212457,22354,33740,117070,81139,34207,88124,,
1888,PCGS-CAC,MS,66,2090273,New Orleans,1,10.0,10.0,0.0,0.0,2292,1587,188110,236871,26354,35390,116892,88092,32175,85779,,
1896,PCGS,MS,65,2182973,Philadelphia,1,10.0,10.0,0.0,0.0,2364,1783,189066,234604,22931,37474,115315,87206,26562,83895,,
1882,NGC,AU,58,2261154,New Orleans,2,10.0,10.0,0.0,0.0,4274,3928,199218,231680,32258,45451,121448,74402,35835,91166,,
1882,PCGS,MS,65,2291830,San Francisco,3,9.0,10.0,3.6,0.0,2044,1688,189939,217369,28361,37581,119889,81819,31517,79797,,
1903,PCGS,MS,62,2218498,New Orleans,1,10.0,10.0,0.0,0.0,5184,1820,207673,192258,31953,35376,123937,67324,26850,66973,,
1888,PCGS,MS,63,2443144,San Francisco,1,10.0,9.0,0.0,0.0,2511,3941,191184,227237,27920,41074,128714,84867,27248,84116,,
1879,PCGS,MS,61,2287763,New Orleans,1,10.0,10.0,0.0,0.0,4144,1904,194164,217879,35528,38550,119219,77621,28974,76171,,
1904,PCGS,MS,65,2232128,Philadelphia,4,9.0,8.0,3.6,3.25,6324,7543,186012,234313,35262,55930,115884,82183,29296,81491,,
1884,ICG,MS,62,2275577,Carson City,2,10.0,10.0,0.0,0.0,6035,1283,165513,185500,30475,33077,109076,70450,25312,69686,,
1880,NGC,MS,66,2293186,San Francisco,2,9.0,9.0,0.35,0.0,2223,1640,181450,224070,25558,36695,121220,81335,24875,80857,,
1878,NGC,MS,64,2285199,San Francisco,1,10.0,9.0,0.0,0.0,2459,1686,188461,193489,28505,37282,117841,72549,26740,77682,,
1879,PCGS,MS,62,2252131,San Francisco,2,9.0,9.0,0.0,0.0,4530,2575,166077,180799,31759,33465,97095,62173,26104,71119,,
1903,PCGS,MS,65,2287670,Philadelphia,1,10.0,10.0,0.0,0.0,1025,3209,190119,188338,20741,38103,118228,58957,26370,71975,,
1878,PCGS,MS,65,2462981,San Francisco,1,10.0,10.0,0.0,0.0,2072,2176,189112,227423,24187,40145,118434,79224,27241,83579,,
1904,PCGS,MS,64,2170859,New Orleans,2,9.0,9.0,0.0,0.0,5194,1945,184677,214846,31304,32828,115853,80489,26412,76451,,
1880,PCGS,MS,64,1857763,Philadelphia,2,10.0,10.0,1.75,0.0,1942,1099,176744,238443,24736,33102,120110,87073,27166,92000,,
1880,NGC,MS,65,1853852,San Francisco,1,10.0,10.0,1.75,0.0,2584,1223,196951,240984,27545,33943,110605,85255,29211,85464,,
1879,PCGS,MS,65,1883385,San Francisco,2,10.0,10.0,2.4,0.0,996,1249,190300,234048,24275,34446,113327,87130,30277,85369,,
1884,PCGS,MS,65,2119239,Carson City,2,10.0,10.0,0.0,0.0,2476,1754,180400,212759,21599,34470,117854,82685,26720,79138,,
1881,NGC,MS,64,2422477,San Francisco,1,10.0,10.0,0.0,0.0,2854,1489,178621,198805,26739,38032,115186,70852,25823,73912,,
1897,PCGS,MS,63,1883818,Philadelphia,1,10.0,10.0,0.0,0.0,3614,2066,196651,233353,34972,38056,119027,89434,26777,82512,,
1888,PCGS,MS,66,2295112,Philadelphia,1,10.0,10.0,0.0,0.0,955,1080,185210,219988,20372,34606,119639,75961,24057,77393,,
1903,PCGS,MS,62,2364289,Philadelphia,1,10.0,10.0,0.0,0.0,1812,2874,194082,213099,24976,36978,124635,78653,27205,76346,,
1878,PCGS,MS,66,2234006,Philadelphia,1,10.0,10.0,0.0,0.0,2000,1641,177370,206796,21173,30037,109234,73534,24665,79010,,
1890,PCGS,MS,64,2285252,New Orleans,1,10.0,10.0,0.0,0.0,3193,2254,193043,228226,30620,33635,124770,82027,29549,86165,,
1897,NGC,MS,64,2397822,San Francisco,1,8.0,9.0,0.0,0.0,3751,1744,166442,162883,26637,33661,111844,67991,27294,70126,,
1899,PCGS-CAC,MS,66,2298393,New Orleans,1,10.0,10.0,0.0,0.0,1398,2163,208400,245677,25555,39631,133073,87666,28559,87319,,
1879,PCGS,MS,64,2203398,Carson City,2,10.0,10.0,0.0,0.0,3038,1972,178125,242434,31179,37645,108917,89068,22799,78711,,
1882,NGC,AU,55,2289129,Carson City,3,10.0,10.0,0.0,0.0,4931,3594,205252,261251,40644,48939,132359,96938,35813,100962,,
1899,PCGS,MS,63,2227520,Philadelphia,2,10.0,10.0,0.0,0.0,4541,2294,192857,210643,33805,36325,118566,81580,30094,77366,,
1888,PCGS,MS,64,2177393,New Orleans,2,10.0,10.0,0.0,0.0,1884,1729,177362,233214,22176,38886,118455,90074,28351,85962,,
1890,PCGS,MS,64,2284157,New Orleans,2,10.0,9.0,0.35,0.35,4084,3308,171188,211184,23530,37180,113124,81046,23162,80315,,
1890,NGC-CAC,MS,64,2258119,Philadelphia,1,10.0,10.0,0.0,0.0,4531,3360,177729,212627,29952,38442,119094,82264,25776,77633,,
1880,PCGS,MS,65,2291834,Philadelphia,1,10.0,10.0,0.0,0.0,3708,3456,201859,237518,30004,39282,123442,88739,30873,85579,,
1884,NGC,MS,63,2120284,New Orleans,2,10.0,10.0,0.0,0.0,2703,2056,171268,214958,25304,33642,115880,84940,26538,83323,,
1892,PCGS,AU,58,2114236,Carson City,2,10.0,10.0,0.7,0.35,3459,2697,206721,244641,40820,44996,125958,91773,34502,88993,,
1898,PCGS,MS,63,1855780,New Orleans,2,10.0,10.0,0.0,0.0,2823,1666,206765,244782,24127,35566,123744,92332,34465,86362,,
1901,PCGS-CAC,MS,64,2271516,New Orleans,2,10.0,10.0,0.0,0.0,2627,1932,172144,201323,25271,34133,117897,73159,27247,76507,,
1881,PCGS,MS,67,2014528,San Francisco,1,10.0,10.0,1.75,0.0,1802,1360,202613,238506,22243,36111,124522,81428,30293,85625,,
1902,PCGS,AU,58,2249085,San Francisco,2,10.0,10.0,0.0,0.0,4943,2426,196337,222023,29816,37580,126645,85233,28581,73350,,
1878,NGC,MS,63,2298991,Philadelphia,1,10.0,10.0,0.0,0.0,2418,1842,174677,228021,26602,36137,108891,80460,24315,81523,,
1897,PCGS,MS,67,2247996,San Francisco,2,10.0,10.0,0.0,0.0,1335,2545,178877,206861,18967,31205,114933,71238,28073,77593,,
1883,PCGS,MS,67,2127317,Philadelphia,1,10.0,10.0,0.0,0.0,1241,1732,213015,249887,20060,40664,120867,86380,35325,87286,,
1889,PCGS,MS,65,2120307,San Francisco,2,10.0,10.0,0.35,0.0,2437,1982,225339,256551,28145,37916,122532,88467,38797,93226,,
1879,PCGS,MS,64,2009064,Carson City,2,10.0,10.0,1.4,0.0,3038,1972,178125,242434,31179,37645,108917,89068,22799,78711,,
1900,NGC,MS,65,2097779,New Orleans,2,10.0,10.0,0.0,0.0,471,1794,184215,239726,17225,35542,115725,88786,26404,80028,,
1882,NGC-GSA,MS,63,2429353,Carson City,1,10.0,10.0,0.0,0.0,1631,2710,181115,209773,24288,37713,120140,79452,18939,75212,,
1878,PCGS,MS,62,2381805,Philadelphia,1,10.0,10.0,0.0,0.0,5248,3012,208486,227908,36126,37975,124816,82580,30542,87077,,
1889,PCGS,MS,64,2275124,San Francisco,1,9.0,9.0,0.0,0.0,3076,2826,149952,172447,25486,35766,105677,65536,20892,67940,,
1883,PCGS,MS,65,2156834,Philadelphia,1,10.0,10.0,0.0,0.0,1763,1685,189591,221474,23816,34258,115350,80077,29526,77751,,
1881,PCGS,MS,64,2090172,Philadelphia,1,10.0,10.0,1.75,0.0,3522,1603,193542,234049,30441,35421,112560,83520,33305,85689,,
1884,NGC-GSA-CAC,MS,65,2409332,Carson City,2,10.0,10.0,0.0,0.0,1495,3267,188636,216633,22654,37319,118366,83239,29645,81952,,
1892,PCGS-CAC,MS,64,2075343,Carson City,1,10.0,10.0,0.0,0.0,2478,1018,211513,244240,26929,35866,116846,82113,32619,89398,,
1891,PCGS,MS,62,2381577,San Francisco,1,10.0,10.0,0.0,0.0,2964,2671,188270,216320,28139,38858,117505,83167,27185,77522,,
1892,PCGS,MS,63,2399858,Philadelphia,2,10.0,10.0,0.0,0.0,2555,3547,182735,227756,28196,42631,128608,89818,21283,74810,,
1896,NGC,AU,55,2273741,New Orleans,3,9.0,7.0,0.0,1.95,6502,2622,179330,239290,37142,41830,115718,87958,37082,84261,,
1878,NGC,MS,63,2177348,Philadelphia,1,10.0,10.0,0.0,0.0,6592,3683,212358,238737,39562,41402,125512,73112,27048,90199,,
1883,NGC,MS,63,2218497,New Orleans,1,9.0,9.0,0.0,0.0,4895,2982,157145,164661,33320,33945,103134,59561,23811,72178,,
1880,PCGS,MS,65,2295589,San Francisco,1,10.0,9.0,0.0,0.0,4646,1616,171670,170672,35686,32655,100706,54756,27387,74338,,
1884,NGC,MS,62,2298763,New Orleans,2,10.0,10.0,0.0,0.0,7780,1923,167657,171448,34383,29747,102369,61177,22435,68958,,
1891,PCGS,MS,63,2182887,Carson City,2,10.0,10.0,0.0,0.0,3632,1443,171046,204669,30175,34333,119974,88638,26027,73850,,
1883,NGC,MS,63,1883389,Philadelphia,2,10.0,9.0,1.75,0.0,1677,1429,198714,231839,25935,31767,122404,88592,35610,86763,,
1878,NGC,MS,65,2211948,Philadelphia,1,10.0,10.0,0.0,0.0,3329,2215,166737,181974,29488,31224,106753,63922,26461,78800,,
1885,PCGS,MS,67,2026161,New Orleans,1,10.0,10.0,1.75,0.0,1913,2061,182936,215622,25062,33131,116759,84927,31205,81600,,
1885,NGC,MS,63,2160430,New Orleans,2,10.0,9.0,0.0,0.0,6699,1934,175511,180448,34726,30040,112915,68294,30430,79434,,
1883,PCGS,MS,66,2286244,Philadelphia,1,10.0,10.0,0.0,0.0,1808,1421,181978,201404,19619,33257,109091,71966,27218,67368,,
1884,NGC-CAC,MS,66,2298288,Carson City,1,10.0,10.0,0.0,0.0,1999,2139,205329,216387,25588,37477,130100,82505,30358,79292,,
1883,PCGS-CAC,MS,64,2016240,Carson City,1,10.0,10.0,0.0,0.0,3289,1994,200195,248494,27655,37234,114947,89409,32692,85628,,
1881,PCGS,MS,67,2063699,Carson City,1,10.0,10.0,0.0,0.0,1038,1370,167333,221452,17251,34127,99922,76804,28769,86419,,
1884,PCGS,MS,64,2283384,Carson City,1,10.0,10.0,0.0,0.0,1973,2189,169385,209038,18742,35156,110029,75789,28883,77759,,
1882,PCGS,MS,63,2275095,New Orleans,3,9.0,10.0,1.65,0.0,6436,3203,159591,204108,30457,35516,100062,74936,27000,78184,,
1878,NGC,MS,64,2293675,Philadelphia,1,10.0,10.0,0.0,0.0,961,2398,177532,210717,18781,37399,107639,80420,24966,81534,,
1891,PCGS,MS,64,1885875,Philadelphia,2,10.0,10.0,0.0,0.0,1855,1235,179465,223169,21989,34343,119057,89689,25943,79466,,
1880,PCGS-CAC,MS,67,2160390,San Francisco,2,10.0,10.0,0.0,0.0,1490,1454,199344,242651,23357,34802,115424,83249,29007,85070,,
1888,PCGS,MS,65,2036083,New Orleans,3,10.0,10.0,0.0,0.0,1861,2430,193162,231271,26126,40234,120989,87219,34054,86707,,
1881,PCGS,MS,65,2270537,San Francisco,3,9.0,10.0,0.0,0.35,3853,3013,168087,205461,23756,35823,100881,72380,27723,73476,,
1890,PCGS,MS,65,2170933,New Orleans,2,10.0,10.0,0.0,0.0,2628,1496,183163,210073,23251,29162,115231,77764,28971,80955,,
1881,NGC,MS,67,2273708,San Francisco,1,9.0,9.0,0.0,0.0,1131,1750,167000,176886,20807,33566,108399,57789,23516,68279,,
1903,PCGS,MS,64,2016249,New Orleans,2,9.0,9.0,0.0,0.0,3178,2115,198909,224942,32058,36185,113803,79641,23887,80026,,
1882,PCGS-CAC,MS,66,2009676,Carson City,1,10.0,10.0,1.75,0.0,1031,1766,189799,233331,21512,36322,113566,87685,27803,83592,,
1883,ANACS,MS,65,2457012,New Orleans,1,10.0,10.0,1.75,0.0,2490,3816,177955,215903,26102,34125,123805,87121,22529,84364,,
1878,PCGS,MS,64,2034654,Carson City,1,9.0,9.0,1.05,0.0,3621,1824,187232,195772,33358,36274,106477,66342,29199,77673,,
1880,PCGS,MS,65,2098693,Carson City,3,10.0,10.0,2.4,0.0,2071,1902,198759,231815,29112,42412,110958,82151,36910,87393,,
1878,PCGS,MS,62,2381807,Philadelphia,1,10.0,10.0,0.0,0.0,4134,1941,206030,216643,32144,36883,123293,78313,29214,85449,,
1885,PCGS-CAC,MS,63,2110284,Carson City,1,10.0,10.0,0.0,0.0,2147,1727,186400,236280,24140,35341,114991,89117,28980,80474,,
1898,PCGS-CAC,MS,63,2287696,San Francisco,1,10.0,10.0,0.0,0.0,2673,1363,193704,210756,28100,33053,121843,71583,27726,83123,,
1890,PCGS,MS,62,2443618,Philadelphia,1,10.0,9.0,0.0,0.0,6844,4569,171764,189227,39880,39819,101356,71249,33593,81105,,
1878,NGC,MS,63,2177347,Philadelphia,1,10.0,10.0,0.0,0.0,6193,3996,211185,236615,38217,41539,120764,76071,33778,83664,,
1885,PCGS,MS,66,2034104,New Orleans,1,10.0,10.0,0.0,0.0,2431,1443,188836,220977,26346,35187,117049,86970,29562,81890,,
1880,NGC,MS,63,2283293,San Francisco,2,8.0,8.0,0.0,0.0,5128,2464,162469,194155,34883,37259,100215,66794,32462,70043,,
1885,NGC,MS,64,2203065,New Orleans,1,10.0,10.0,0.0,0.0,1362,1664,173698,229814,20434,35858,118444,86899,26526,85467,,
1892,NGC,MS,62,2298776,Philadelphia,3,10.0,10.0,0.0,0.0,3635,3264,166288,212206,32521,37645,119384,87612,26167,75587,,
1889,PCGS,MS,65,2249157,Philadelphia,2,10.0,10.0,0.0,0.0,2783,2547,195224,215709,26981,35505,122356,80552,31097,82646,,
1898,NGC,MS,65,1853888,New Orleans,2,10.0,10.0,0.0,0.0,5417,3040,203902,233400,36973,40307,128022,79423,36429,92625,,
1883,NGC,AU,58,2211957,San Francisco,2,10.0,10.0,0.0,0.0,4150,2078,187277,217505,27634,40144,117922,80525,31716,85476,,
1878,PCGS,MS,63,2296664,Carson City,1,10.0,10.0,0.0,0.0,5213,4340,213047,234103,37543,44985,123735,79330,28098,81933,,
1921,PCGS,MS,63,1883854,Philadelphia,1,10.0,10.0,0.0,0.0,4654,2095,234652,260643,39567,38455,134372,86670,29062,90494,,
1881,NGC,MS,66,2203905,San Francisco,1,10.0,10.0,0.0,0.0,2313,1254,179896,209089,20972,34466,110068,71990,28458,76897,,
1881,PCGS-CAC,MS,65,2019043,Carson City,2,10.0,10.0,2.4,1.65,2326,4439,190289,233512,25304,50342,123255,84672,32020,85711,,
1890,PCGS,MS,65,2076158,San Francisco,2,10.0,10.0,1.75,0.7,3294,1820,174287,203201,32956,37818,120480,85180,25123,75257,,
1879,NGC,MS,61,2262124,Philadelphia,2,10.0,9.0,0.0,0.0,5496,3998,194564,212696,36165,37293,105713,65700,26631,73071,,
1889,PCGS,MS,65,2285196,San Francisco,1,10.0,10.0,0.0,0.0,1608,1203,173970,184876,19162,33055,107733,64706,26765,75418,,
1887,NGC,MS,65,2169369,Philadelphia,1,10.0,10.0,0.0,0.0,3457,813,192138,207620,23692,28284,108078,70650,27349,81132,,
1881,PCGS,MS,64,2248114,Philadelphia,1,10.0,10.0,0.0,0.0,3320,1660,194786,239739,26618,35915,117125,90158,32437,86398,,
1885,PCGS-CAC,MS,65,2445946,New Orleans,3,4.0,10.0,5.0,0.0,3430,2948,183167,213486,33722,41977,124350,84698,33471,81822,,
1897,PCGS,AU,58,2155847,Philadelphia,3,10.0,10.0,1.0,1.65,6729,3467,235426,219555,46619,37651,122861,65931,45052,87069,,
1882,NGC,MS,64,2068661,San Francisco,3,8.0,8.0,1.75,0.65,2258,1969,191441,219099,29856,41139,117848,80614,33625,85038,,
1900,PCGS,MS,67,2032114,New Orleans,3,10.0,10.0,0.7,0.7,3642,2517,187501,209073,29632,40856,124603,72896,25124,75370,,
1881,NGC,MS,65,2231530,New Orleans,2,10.0,10.0,0.0,0.0,3599,3309,159207,187962,25106,34339,102908,74605,24137,74713,,
1903,PCGS,MS,64,1875311,New Orleans,2,10.0,10.0,0.35,0.35,5179,3629,205623,214795,44438,46009,134020,78248,30819,80634,,
1883,NGC,MS,64,2054711,New Orleans,1,10.0,10.0,1.75,0.0,4954,2593,204896,238283,37887,40651,120779,87941,33012,87969,,
1904,PCGS,MS,65,2270229,San Francisco,1,10.0,10.0,0.0,0.0,2303,1785,193394,207275,23845,33336,116516,73233,27887,77296,,
1886,NGC-CAC,MS,64,2286263,Philadelphia,3,10.0,10.0,1.0,0.35,5356,2325,175883,143645,31523,30717,112034,45134,33210,59529,,
1880,NGC,MS,64,2274262,San Francisco,1,9.0,9.0,0.0,0.0,3360,2735,178082,175253,30760,34548,111302,72253,23231,73361,,
1884,NGC,MS,65,2293176,New Orleans,1,10.0,10.0,0.0,0.0,2863,2427,173440,207916,24884,40959,114025,78660,24079,80416,,
1886,NGC,MS,66,2087732,Philadelphia,1,10.0,10.0,0.0,0.0,1291,1388,207439,238275,21997,36135,120634,76026,28820,82554,,
1889,PCGS,MS,63,2182967,New Orleans,1,10.0,10.0,0.0,0.0,4109,2189,178630,234014,32632,39503,110934,88311,27283,85969,,
1887,NGC,MS,61,2285317,Philadelphia,2,10.0,10.0,0.0,0.0,3842,2770,195177,211405,36219,38289,123523,81649,24648,76294,,
1888,NGC,MS,64,2092764,New Orleans,1,10.0,10.0,0.0,0.0,1751,2195,179772,216549,24561,34776,112205,84511,29767,76562,,
1889,PCGS,MS,62,2259692,New Orleans,3,10.0,10.0,0.0,0.0,4715,3297,176331,198268,31581,38946,115359,77275,30833,78547,,
1891,PCGS,MS,64,2194902,Philadelphia,2,10.0,10.0,0.0,0.0,6590,2737,206410,214077,37870,36883,117706,73712,42757,84332,,
1883,NGC-GSA,MS,63,2288592,Carson City,1,10.0,10.0,0.0,0.0,5166,1840,204067,221504,32307,38368,119082,72643,31872,91448,,
1899,PCGS,MS,65,2028561,New Orleans,3,10.0,10.0,1.95,3.95,6332,4947,213326,250661,40695,49505,132585,87226,36814,103859,,
1883,PCGS,MS,65,2295097,New Orleans,1,10.0,10.0,0.0,0.0,1177,1693,188215,219939,20884,34471,121499,79629,27191,77716,,
1897,PCGS,AU,58,2067148,New Orleans,3,10.0,10.0,1.95,0.65,3480,2651,205027,235278,36192,41900,122808,87829,39498,84881,,
1882,PCGS,MS,63,1855338,San Francisco,1,10.0,10.0,0.0,0.0,3326,1292,196466,241492,30657,33652,118676,87378,27247,86740,,
1883,PCGS,MS,63,1883788,Philadelphia,2,10.0,10.0,0.0,0.0,5951,1610,209218,212940,39439,34341,118955,76437,32830,81296,,
1880,NGC,MS,64,2048765,San Francisco,1,10.0,10.0,0.0,0.0,4598,1150,203483,241519,37000,38185,116995,86060,28429,86011,,
1882,PCGS,MS,66,2117228,Philadelphia,1,10.0,10.0,0.0,0.0,2433,1418,186943,232379,22291,35044,119377,88586,27021,80163,,
1887,NGC,MS,68,2014557,Philadelphia,1,10.0,10.0,1.05,0.0,1599,1353,193617,238421,21802,36828,119943,87323,30390,83049,,
1884,NGC,MS,67,2259716,New Orleans,2,10.0,10.0,0.0,0.0,5911,1769,176469,229386,27563,40978,122484,80039,29856,93617,,
1886,PCGS-CAC,MS,63,2065154,New Orleans,2,10.0,10.0,1.05,0.65,4303,2341,197713,240790,35840,41226,122477,87232,29929,86109,,
1897,PCGS,MS,64,2287693,San Francisco,1,10.0,10.0,0.0,0.0,3257,981,192895,219542,28932,34687,122580,82787,29027,76792,,
1883,PCGS-CAC,MS,64,2255015,Carson City,1,10.0,10.0,0.0,0.0,3496,2144,188493,216643,28113,34629,118549,80737,32413,81328,,
1899,PCGS,MS,64,2177429,Philadelphia,2,10.0,10.0,0.0,0.35,3264,2023,188998,236195,31660,39740,119730,90049,32579,84867,,
1878,NGC,MS,62,2262069,Philadelphia,1,10.0,10.0,0.0,0.0,4175,2211,180084,192389,31633,28331,113402,75945,26761,79098,,
1904,PCGS,MS,64,2242014,San Francisco,0,10.0,9.0,2.3,2.3,5784,3528,209119,223076,42350,43427,126300,81415,45246,91524,,
1881,PCGS,MS,66,2255620,San Francisco,1,10.0,10.0,0.0,0.0,2124,1035,181398,214163,19336,31007,112312,76406,24370,78667,,
1878,PCGS,MS,64,2296214,San Francisco,3,9.0,10.0,4.3,1.0,5451,3383,212793,229922,48174,44487,123932,78603,34356,90858,,
1921,PCGS-CAC,MS,66,2071196,Philadelphia,3,9.0,10.0,2.95,2.0,12271,8139,248263,243990,71587,56000,134277,82606,50452,104686,,
1890,NGC,MS,64,2430396,Carson City,1,10.0,10.0,0.0,0.0,2658,1356,182245,197164,24800,31091,110341,70969,27815,74219,,
1887,NGC,MS,63,2259701,New Orleans,3,10.0,7.0,2.3,2.95,4947,2814,184404,193070,39038,34790,119774,70279,27912,74135,,
1883,PCGS,MS,64,2258086,Philadelphia,1,10.0,10.0,0.0,0.0,4267,2097,180873,216773,28008,35710,121808,82002,25952,76848,,
1887,NGC,MS,64,2248064,Philadelphia,3,8.0,10.0,2.3,0.0,6359,2272,221976,230387,39513,40919,133374,76386,32649,85929,,
1882,PCGS-CAC,MS,64,2198400,Carson City,1,10.0,10.0,0.0,0.0,3098,1434,183479,204038,25735,30263,108721,74868,25576,76676,,
1880,PCGS,MS,64,2248038,San Francisco,1,10.0,10.0,0.0,0.0,4258,1682,179415,230798,28693,34934,106826,76608,25887,83514,,
1880,NGC,MS,64,2048760,San Francisco,1,10.0,10.0,1.75,0.0,2918,1382,187410,231144,29331,38952,113509,84850,26265,83970,,
1888,PCGS,MS,65,1863772,San Francisco,3,8.0,8.0,2.65,3.3,5285,3537,195567,222051,36955,44253,117484,79310,43760,100410,,
1887,PCGS,MS,64,2125940,Philadelphia,1,10.0,10.0,0.0,0.0,1910,923,195409,209585,21953,28881,106683,68488,24684,76148,,
1879,NGC,AU,58,2120276,New Orleans,2,10.0,10.0,1.75,0.0,4642,1885,206535,221127,38701,38473,130258,82265,26498,79809,,
1879,PCGS,MS,63,2155814,San Francisco,2,10.0,8.0,0.0,2.0,4070,2730,202771,228958,36314,40810,112536,74290,35664,81704,,
1885,PCGS-CAC,MS,66,2075333,Carson City,1,10.0,10.0,1.75,0.0,1238,1692,162780,216264,21376,34332,107581,86572,27832,77004,,
1884,PCGS,MS,65,2287716,New Orleans,2,10.0,10.0,0.0,0.0,2222,1010,166479,205146,24578,34338,108031,78056,27474,78006,,
1898,NGC,MS,64,2274206,New Orleans,1,10.0,10.0,0.0,0.0,3560,2968,194436,222288,32422,38541,128376,90879,23970,82875,,
1879,PCGS-CAC,MS,66,2430394,San Francisco,1,10.0,10.0,0.0,0.0,1241,2171,180406,225058,21114,39314,117467,86420,21798,81662,,
1886,PCGS,AU,58,2270295,New Orleans,3,10.0,10.0,0.0,0.0,3234,4024,199424,208395,25233,37028,122097,82468,30245,81376,,
1881,PCGS-CAC,MS,66,2230476,San Francisco,1,10.0,9.0,0.0,0.0,1359,2052,169215,207184,22405,39658,112787,67685,19346,73510,,
1886,PCGS-CAC,MS,66,2165825,Philadelphia,2,10.0,10.0,0.0,0.0,3371,1892,195607,224404,28842,36432,104151,71499,30173,80527,,
1885,NGC,MS,65,2125882,New Orleans,2,10.0,10.0,0.0,0.0,2534,2159,175372,214455,23442,35065,118899,86538,27558,82247,,
1879,NGC,AU,58,2392993,San Francisco,1,10.0,10.0,0.0,0.0,3521,3837,192456,237673,34478,45517,122478,86902,31181,89757,,
1886,PCGS,MS,64,2009628,San Francisco,1,9.0,9.0,1.05,0.0,2760,2141,210539,235561,28706,40963,116553,79060,34209,81312,,
1883,PCGS,MS,67,2075326,Carson City,1,10.0,10.0,1.75,0.0,1323,1296,194395,232642,19414,33906,120377,87693,31478,85931,,
1897,NGC,MS,63,2451059,Philadelphia,3,10.0,10.0,0.0,0.0,1920,2777,181259,235621,25543,40739,121165,88898,25196,83633,,
1889,PCGS,MS,63,2287740,San Francisco,2,10.0,10.0,0.0,0.0,2316,2246,190630,220288,26157,39461,113630,76774,29818,74854,,
1883,PCGS,MS,64,2232487,New Orleans,4,6.0,7.0,2.0,3.3,6081,2100,189263,213081,42052,38813,109187,59809,33678,83432,,
1887,PCGS,MS,65,2296234,Philadelphia,1,10.0,10.0,0.0,0.0,2400,3042,205006,245610,26516,39781,129691,87745,27333,88470,,
1921,PCGS,MS,66,2057126,San Francisco,2,10.0,10.0,0.0,0.0,3665,2549,184577,232501,29263,39457,115492,79367,28096,83236,,
1881,NGC,MS,66,2087729,San Francisco,1,10.0,10.0,0.0,0.0,2173,1739,198088,248056,24170,40342,114629,86192,24914,87299,,
1878,PCGS,MS,65,2075310,Philadelphia,4,5.0,6.0,1.05,0.65,10176,6364,235372,214989,66748,58428,131791,78211,31951,84577,,
1878,PCGS,MS,62,2160368,Carson City,3,10.0,9.0,1.0,0.65,4947,4105,202867,196828,48358,41547,112640,63992,31542,84744,,
1885,PCGS,MS,66,2260526,San Francisco,3,8.0,9.0,3.6,1.3,11133,5038,222864,262101,64432,48931,120427,86362,41160,109822,,
1899,NGC,AU,55,2127265,New Orleans,2,10.0,10.0,2.0,0.0,7647,2776,230418,195114,53768,38617,128825,65156,38475,80086,,
1880,PCGS,MS,62,1885879,New Orleans,2,9.0,8.0,1.75,1.0,5149,2294,168239,187224,28858,35951,107343,69369,25046,75892,,
1901,NGC,AU,58,2093021,San Francisco,3,8.0,8.0,1.95,2.3,3223,2249,218744,239027,36053,39630,123926,89331,37397,84343,,
1892,PCGS-CAC,MS,64,1888301,Philadelphia,1,10.0,10.0,0.0,0.0,1589,2179,182201,234438,22104,36720,119153,88102,25591,82772,,
1881,PCGS,MS,64,2204061,San Francisco,3,9.0,9.0,1.65,2.3,4583,4186,210237,211492,43587,44058,119899,65229,55366,94542,,
1880,PCGS,MS,66,2257058,San Francisco,1,10.0,10.0,0.0,0.0,3978,1784,180610,203635,23772,34582,108313,70045,24936,70825,,
1884,NGC-CAC,MS,63,2248496,New Orleans,3,9.0,10.0,4.3,1.3,4992,3011,233286,232124,47182,48391,131009,81488,38567,87651,,
1884,PCGS,MS,64,1883793,New Orleans,2,10.0,10.0,1.75,0.35,2781,2581,192846,228343,31702,39125,124262,79607,28856,84476,,
1880,NGC,MS,65,2253549,Philadelphia,1,10.0,10.0,0.0,0.0,5021,1842,185536,205294,28355,34305,116756,77150,22463,78199,,
1880,PCGS,MS,65,2260080,San Francisco,1,10.0,10.0,0.0,0.0,3832,1699,178509,224640,27727,34490,110726,81856,26403,83052,,
1884,PCGS,MS,63,2071179,New Orleans,2,7.0,5.0,2.4,0.0,3918,2068,150275,190158,33090,34041,100795,69791,29793,85213,,
1890,NGC,MS,61,2291139,Philadelphia,2,10.0,10.0,0.0,0.0,2303,2467,189941,224504,24073,37973,126325,88282,30600,82573,,
1921,PCGS,MS,65,2287677,Denver,2,9.0,9.0,0.0,0.0,2202,2284,208197,234672,30182,38870,123440,74926,26858,79131,,
1881,PCGS,MS,65,2241102,Carson City,1,10.0,10.0,0.0,0.0,5011,3182,190836,218849,32186,36580,115397,79864,26714,80961,,
1888,ICG,AU,58,2284059,Philadelphia,1,10.0,10.0,0.0,0.0,5788,3628,184489,216443,29501,38363,122245,83505,25041,78401,,
1882,PCGS,MS,64,2176860,Carson City,1,10.0,10.0,0.0,0.0,3640,1448,185408,218367,25039,32590,114540,85511,26730,78762,,
1886,PCGS,AU,58,2241051,San Francisco,2,10.0,10.0,0.0,0.35,5704,2952,174740,212467,33048,36818,116658,80545,28909,75770,,
1881,PCGS,MS,66,2127312,Carson City,1,10.0,10.0,0.0,0.0,3725,2476,202410,241437,30806,37093,121091,86691,33644,89423,,
1893,PCGS,MS,65,2269088,Philadelphia,1,10.0,10.0,0.0,0.0,3564,2671,178300,203023,21633,37808,112733,75089,22827,72293,,
1896,PCGS,MS,65,2212014,Philadelphia,1,10.0,10.0,0.0,0.0,816,1800,179017,228484,15677,34930,112850,81555,29176,82925,,
1880,PCGS-CAC,MS,67,2154303,San Francisco,1,10.0,10.0,0.0,0.0,4371,1436,165686,201474,21689,28535,102043,74440,25196,74412,,
1901,PCGS,MS,65,2258026,San Francisco,2,10.0,10.0,0.0,0.0,2323,2352,181138,199172,23166,33604,117433,70627,26754,76767,,
1901,PCGS,MS,62,2009625,Philadelphia,2,9.0,10.0,1.95,1.0,1938,2979,200655,235758,23575,39064,125908,89668,28599,86006,,
1878,PCGS,MS,65,1879966,Philadelphia,1,10.0,10.0,1.05,0.0,2361,1248,198366,229730,25534,35481,116455,80735,25718,85484,,
1897,PCGS,MS,65,2184408,Philadelphia,2,10.0,10.0,0.0,0.0,3192,1761,179117,225419,26334,38333,117132,88870,24859,75475,,
1892,NGC,AU,55,2291585,San Francisco,3,9.0,9.0,0.0,1.95,6243,3547,191053,257514,39420,49485,119235,89763,36852,97988,,
1899,NGC,MS,64,2273746,Philadelphia,2,10.0,10.0,0.0,0.0,2936,1349,208691,228227,25329,34890,125090,79985,25890,79373,,
1887,PCGS,MS,62,1883800,San Francisco,1,10.0,10.0,0.0,0.0,2430,1535,201072,246809,27063,37473,121738,88687,30558,89141,,
1890,PCGS,MS,63,1860229,Carson City,2,10.0,10.0,0.35,1.0,6194,2900,213700,227281,40286,42187,133998,80478,32787,88276,,
1892,PCGS,MS,65,2120310,New Orleans,1,10.0,10.0,0.0,0.0,2127,2070,208167,258580,25516,35996,125088,87651,33739,93379,,
1898,PCGS,MS,65,2097795,Philadelphia,1,10.0,10.0,0.0,0.0,2064,1249,198517,233031,23244,34613,121055,89269,29252,82932,,
1900,NGC,AU,58,2274247,San Francisco,2,10.0,10.0,0.0,0.0,3331,3555,191113,206556,30380,38308,118623,79979,27357,77202,,
1882,PCGS,MS,67,2254008,San Francisco,2,10.0,10.0,0.0,0.0,2618,1547,187519,209670,22639,33105,115491,72659,23905,72031,,
1887,PCGS,MS,60,2232070,New Orleans,1,10.0,10.0,0.0,0.0,8063,2627,210271,230390,45532,34077,124819,81091,29302,81852,,
1878,PCGS-CAC,MS,64,2445940,Carson City,3,7.0,10.0,4.0,0.0,1123,2269,170116,204486,22670,36829,108339,78731,23263,80338,,
1889,PCGS,MS,62,2291783,Carson City,1,10.0,10.0,0.0,0.0,4946,1730,184992,185613,33610,35748,107685,60491,25393,75104,,
1878,PCGS,MS,64,2289599,Philadelphia,2,10.0,10.0,0.0,0.0,3519,1547,195335,237987,32009,39918,127240,84740,31916,93137,,
1898,NGC,MS,64,2274210,New Orleans,1,10.0,10.0,0.0,0.0,2026,2763,190434,232660,24644,41585,125407,86545,28973,90234,,
1892,NGC,MS,62,2296657,New Orleans,2,10.0,10.0,0.0,0.0,2872,1710,193498,222344,33401,35650,121643,80434,29435,81763,,
1921,PCGS,MS,63,2283317,Denver,2,10.0,10.0,0.0,0.0,4966,1976,192322,216944,30290,36921,114094,81800,19857,72838,,
1884,PCGS,MS,64,1853840,New Orleans,2,10.0,10.0,1.75,0.0,1806,1993,177473,226405,26139,36206,116791,89849,29644,88141,,
1890,PCGS,MS,64,2287738,Philadelphia,1,10.0,10.0,0.0,0.0,2176,2628,184309,212256,23785,35274,116614,73148,25195,75840,,
1886,NGC,MS,67,2448923,Philadelphia,2,10.0,10.0,1.75,0.0,799,2788,178460,213954,18195,37702,121813,78254,23149,80172,,
1880,NGC,MS,64,2030666,San Francisco,1,8.0,8.0,0.0,0.0,3253,705,181528,197678,33445,34249,105462,70085,28576,76558,,
1883,NGC,MS,67,2210918,Philadelphia,2,10.0,10.0,0.0,0.0,1452,2787,169672,202537,19464,38604,117509,80880,21714,72877,,
1881,PCGS-CAC,MS,66,2259627,San Francisco,2,10.0,10.0,0.0,0.0,4223,2803,193175,225608,32017,42877,119686,78776,35256,86906,,
1887,PCGS,MS,62,2259689,San Francisco,2,10.0,10.0,0.0,0.0,4967,1912,192037,222886,34966,38954,117254,77547,29362,82213,,
1893,NGC,AU,58,2010524,Philadelphia,2,10.0,10.0,0.35,0.35,3298,1896,220538,271668,32752,39989,128879,93328,36871,91964,,
1884,PCGS,MS,62,2099195,Carson City,1,9.0,8.0,0.0,0.0,5901,2840,201059,194887,43477,35441,111677,67083,29390,72911,,
1878,PCGS,MS,61,2155804,Philadelphia,1,10.0,10.0,0.0,0.0,6105,2452,225394,254845,42726,41094,127464,89021,32012,85026,,
1887,PCGS,MS,62,2364259,New Orleans,1,10.0,10.0,0.0,0.0,3683,4075,184127,219332,32931,40152,125434,83714,25014,77299,,
1878,NGC,MS,62,2298778,Philadelphia,1,10.0,10.0,0.0,0.0,2048,1709,184801,209666,23623,35800,118711,79699,26668,82671,,
1885,NGC,MS,65,2075356,Carson City,2,9.0,8.0,2.4,0.0,4544,2280,175967,188794,33293,36018,98913,69574,32337,77422,,
1885,PCGS,MS,64,2450917,Philadelphia,3,10.0,10.0,5.0,0.0,3576,4374,198339,218815,30583,39377,122112,83692,32869,81311,,
1880,NGC,MS,68,2259114,San Francisco,2,10.0,10.0,0.0,0.0,2522,1307,175373,218960,19036,31555,105864,77190,24939,81747,,
1883,NGC,MS,67,2016582,Philadelphia,2,10.0,10.0,1.75,0.0,1452,2787,169672,202537,19464,38604,117509,80880,21714,72877,,
1900,PCGS,MS,66,2178871,New Orleans,2,10.0,10.0,0.7,1.0,2609,3883,199109,227076,31368,44644,129908,78653,37417,92354,,
1883,NGC,MS,63,2378794,New Orleans,1,10.0,10.0,0.0,0.0,2616,3076,182519,214188,29403,38153,120412,83199,25872,81325,,
1884,NGC,MS,63,2177376,Carson City,2,10.0,10.0,0.0,0.0,1937,2097,172612,222937,23661,34792,113840,87628,27695,77391,,
1882,PCGS,MS,64,1857765,New Orleans,2,10.0,10.0,1.75,0.35,2556,1485,183470,232272,29145,36391,118316,88114,27312,87247,,
1903,PCGS,MS,62,2291360,Philadelphia,2,10.0,10.0,0.0,0.0,2482,1802,186082,217365,24684,35737,116818,82199,28333,80396,,
1883,NGC,MS,63,1888325,Carson City,2,10.0,10.0,1.75,0.0,2800,1601,196219,240749,27177,35407,119632,85152,34557,87325,,
1879,PCGS,MS,63,2049140,San Francisco,1,10.0,10.0,0.0,0.0,6255,1988,200311,221252,45209,36397,115641,83548,28638,82390,,
1878,PCGS,MS,62,2260023,Philadelphia,2,10.0,10.0,0.0,0.0,5638,4567,189611,213195,32126,41473,108096,77735,27308,71252,,
1898,PCGS,MS,67,2057122,Philadelphia,2,10.0,10.0,0.0,0.0,2640,2018,197697,236678,21322,36260,123737,86739,28049,82778,,
1894,PCGS,MS,64,2121247,San Francisco,1,10.0,10.0,0.0,0.0,1310,1243,194749,249395,20253,37037,116937,87442,32128,84631,,
1902,PCGS,MS,65,2063655,Philadelphia,3,10.0,9.0,2.95,3.6,3147,9514,197965,263682,29365,65694,129672,84860,32474,98218,,
1879,NGC,MS,63,2381842,San Francisco,2,10.0,10.0,1.75,0.0,5276,3270,195614,227423,38375,40818,121868,83115,24010,81202,,
1889,PCGS,MS,64,2115738,Philadelphia,1,9.0,9.0,0.0,0.0,3177,2953,197242,225389,32106,33500,101155,67216,31582,82920,,
1886,PCGS,MS,62,1855241,San Francisco,2,10.0,10.0,1.05,0.0,3202,1892,195274,232035,31226,39617,116525,83663,32984,78888,,
1880,PCGS,MS,66,2212432,San Francisco,1,10.0,10.0,0.0,0.0,2475,1134,188061,221733,24827,28737,107474,77620,30955,85274,,
1886,NGC,AU,55,2274298,New Orleans,2,10.0,9.0,0.0,0.0,12835,4995,176840,209495,36323,42856,117634,81144,28179,80692,,
1884,PCGS,MS,63,2416364,Carson City,1,10.0,10.0,0.0,0.0,4575,3200,180275,206510,30527,36220,114256,79621,25597,73368,,
1882,PCGS,MS,63,2296223,New Orleans,3,9.0,7.0,0.0,2.3,6627,4861,178477,208946,28374,39196,115438,85115,23363,81584,,
1885,NGC,MS,62,2247691,Carson City,2,10.0,10.0,0.0,0.0,7335,1589,203611,220624,37879,33738,120248,80930,32715,79586,,
1885,PCGS,MS,64,2288156,Philadelphia,2,9.0,10.0,0.65,0.0,3038,2003,177252,201521,29957,36394,118615,81652,25829,76224,,
1894,NGC,AU,55,2223514,New Orleans,4,9.0,10.0,2.95,1.3,5068,2432,208489,215012,39393,45424,136831,82508,37706,85228,,
1881,PCGS,MS,63,1883780,Philadelphia,1,10.0,10.0,0.0,0.0,5704,2702,214336,225420,38768,39123,119415,79529,32075,81552,,
1878,PCGS,MS,65,2298362,Carson City,1,10.0,9.0,0.0,0.0,2139,1779,212516,167260,28511,32508,130056,65566,32084,81278,,
1887,PCGS,MS,67,2075334,Philadelphia,3,9.0,9.0,1.65,1.65,4658,2780,203268,198486,39033,40504,124223,73468,40456,63612,,
1901,PCGS,MS,63,1885865,San Francisco,2,10.0,10.0,1.0,1.0,2062,2858,205356,248494,29993,39108,116244,90184,35413,90587,,
1899,NGC,MS,64,2285222,Philadelphia,1,10.0,10.0,0.0,0.0,2702,907,199530,203111,27216,29770,114820,61173,28251,83896,,
1896,NGC-Redfield,MS,63,2014074,Philadelphia,2,10.0,10.0,0.35,0.35,1660,2212,157852,221630,24518,40128,117229,88465,24807,88217,,
1894,PCGS,MS,64,2234014,Philadelphia,1,10.0,10.0,0.0,0.0,2401,2793,184473,226364,23555,41743,115116,79361,29967,81925,,
1899,PCGS,AU,55,1875466,New Orleans,2,10.0,9.0,0.0,0.35,8062,5776,220431,213148,45997,43674,133700,73145,39317,84941,,
1900,PCGS,MS,65,2075349,New Orleans,1,10.0,10.0,0.0,0.0,2078,1793,204294,238448,24714,35520,124120,86061,31110,87263,,
1879,PCGS-CAC,MS,66,2177354,San Francisco,2,10.0,10.0,0.35,0.0,1831,1960,172149,230540,21539,38656,111895,85074,24201,85299,,
1890,PCGS,MS,63,2177400,New Orleans,1,10.0,10.0,0.0,0.0,3110,2661,175451,223290,24818,37441,110222,82048,28807,88918,,
1921,NGC,MS,63,2248075,Philadelphia,2,10.0,10.0,0.0,0.0,4141,2612,194885,219172,33523,38249,119087,78107,21940,78118,,
1890,PCGS,MS,62,2025078,New Orleans,3,10.0,10.0,2.0,0.0,6618,2166,221797,230467,53062,35970,127877,77369,36844,89098,,
1878,PCGS,MS,65,2296665,San Francisco,3,10.0,9.0,0.35,0.7,2923,1868,200164,224705,30963,40922,120967,75766,29963,83317,,
1891,NGC,MS,61,2293676,Carson City,1,9.0,9.0,0.0,0.0,5144,3650,215256,258581,34664,43810,125406,91375,27283,90607,,
1882,PCGS,MS,66,2287709,San Francisco,1,10.0,10.0,0.0,0.0,994,1875,177711,211202,17175,35322,110208,74796,22734,75593,,
1878,PCGS,MS,64,2224451,Philadelphia,1,10.0,10.0,0.0,0.0,4192,2729,173233,202724,23861,35954,112548,76340,22328,83560,,
1885,PCGS,MS,63,2079707,Philadelphia,1,10.0,10.0,1.75,0.0,2825,2436,192374,238856,27281,36077,119884,91861,30776,82390,,
1882,PCGS,MS,64,2270303,New Orleans,1,9.0,10.0,0.0,0.0,4698,2070,165211,161633,28192,29528,107851,58590,23110,71039,,
1883,NGC,AU,58,2211973,San Francisco,2,10.0,10.0,0.0,0.0,1606,2363,196022,248444,23777,38594,126029,92634,31987,87085,,
1879,NGC,MS,65,2363333,San Francisco,2,10.0,10.0,0.0,0.0,3497,3743,182677,215833,27138,37563,120481,82633,24874,80666,,
1921,PCGS-CAC,MS,64,2430362,Denver,3,9.0,10.0,3.6,1.3,6593,2881,213647,229650,46711,42793,137671,79214,35349,81428,,
1887,PCGS-CAC,MS,64,2224454,San Francisco,1,10.0,10.0,0.0,0.0,3015,1977,192185,216905,25940,35145,119564,80953,25948,73442,,
1887,PCGS-CAC,MS,67,2203071,Philadelphia,1,10.0,9.0,0.0,0.0,2356,1770,182019,233176,24732,36078,116661,87421,28699,84150,,
1884,NGC-GSA,MS,65,2398996,Carson City,2,10.0,10.0,0.0,0.0,1819,2464,176192,200203,21894,35552,117249,78301,27172,79218,,
1880,PCGS,MS,65,2290088,San Francisco,3,9.0,9.0,1.0,1.0,1184,1147,175657,188589,18977,31025,106914,68717,27337,68542,,
1880,NGC-CAC,MS,67,2273699,San Francisco,3,9.0,9.0,1.0,0.65,1178,1128,159129,159136,15610,29007,98668,47536,33102,65844,,
1887,NGC,MS,65,2298701,Philadelphia,3,7.0,10.0,3.6,0.0,3985,2143,194064,212031,41464,39649,123892,83223,28168,78408,,
1880,NGC,MS,64,2048768,San Francisco,1,10.0,10.0,0.0,0.0,4916,1620,202087,229721,38803,35347,117931,83855,27737,84993,,
1885,PCGS,MS,65,2277640,Carson City,1,10.0,10.0,0.0,0.0,2693,1648,167635,187916,22195,31071,111927,72983,30928,71926,,
1891,PCGS,MS,62,2291677,Philadelphia,2,10.0,10.0,0.0,0.0,2364,2244,185126,210078,26234,35739,116543,76874,28311,79496,,
1880,NGC,MS,65,2363345,San Francisco,1,10.0,10.0,0.0,0.0,3753,2574,158532,196009,26637,37465,106812,79658,22187,74296,,
1887,PCGS,MS,66,2075336,San Francisco,3,9.0,10.0,1.0,0.0,3074,2411,181535,224257,29441,40744,123119,77085,27619,83615,,
1883,ANACS,MS,63,2457010,Carson City,2,10.0,10.0,1.75,0.0,3095,2513,197989,215647,27345,35619,124535,85942,27779,82418,,
1884,NGC-CAC,MS,63,2255021,Carson City,1,10.0,10.0,0.0,0.0,5822,1785,171792,177460,32150,29075,103518,63220,23642,65843,,
1881,NGC-CAC,MS,65,2296181,San Francisco,3,9.0,10.0,2.3,1.0,4209,2654,224675,224869,46905,40539,125463,77072,44189,92753,,
1893,PCGS,MS,63,2208422,New Orleans,3,10.0,10.0,0.7,0.35,4602,2364,192565,214875,41289,39567,126161,74914,27232,88185,,
1896,NGC,MS,64,2291152,Philadelphia,1,10.0,10.0,0.0,0.0,1461,1200,187684,209995,19472,32374,113837,78665,25800,72825,,
1884,NGC,MS,63,2029181,New Orleans,2,10.0,9.0,2.4,3.25,3581,3469,198380,235924,33645,46408,121112,85655,30105,85735,,
1890,PCGS,MS,62,2249158,San Francisco,1,10.0,10.0,0.0,0.0,3319,2077,194941,203101,25920,34921,114391,73760,28273,75495,,
1883,PCGS,MS,64,2034699,Carson City,1,10.0,10.0,0.0,0.0,2390,1938,201776,233652,29304,34721,118491,82065,35421,85097,,
1884,PCGS,MS,63,1855735,New Orleans,3,9.0,8.0,1.75,0.0,4024,1477,195894,236396,33030,34199,113278,77348,34069,87214,,
1921,NGC,MS,63,2248079,Denver,3,10.0,10.0,0.0,0.35,4380,2586,186134,207192,32808,38540,124089,80566,19675,72525,,
1883,NGC,AU,55,2273721,San Francisco,1,10.0,10.0,0.0,0.0,2985,1706,199447,234896,30846,38795,116129,78905,31808,84262,,
1881,PCGS,MS,64,2093076,New Orleans,1,10.0,10.0,0.0,0.0,2253,2174,195204,235158,26797,36480,122977,85919,29474,90485,,
1887,PCGS,MS,65,2171403,Philadelphia,1,10.0,10.0,0.0,0.0,1598,2084,211142,233305,20074,37838,124178,75382,29389,83008,,
1897,NGC,MS,63,2090187,San Francisco,1,10.0,9.0,0.0,0.0,3088,1876,183583,232408,30634,39055,104835,80297,29906,81484,,
1882,NGC-GSA,MS,63,2429352,Carson City,1,10.0,10.0,0.0,0.0,2238,2665,173724,202475,26990,36583,113773,75760,21887,77048,,
1902,NGC,MS,64,2177443,Philadelphia,1,10.0,10.0,0.0,0.0,1504,1532,199352,223334,20326,33615,123730,85999,27646,83416,,
1883,PCGS,MS,67,2081155,New Orleans,2,10.0,10.0,2.4,0.0,3390,2312,207289,232019,28337,41238,134625,77952,32563,90170,,
1880,NGC,MS,65,2443898,Carson City,2,10.0,10.0,1.75,0.0,1416,2268,169078,195438,20582,30923,111912,75385,32236,84549,,
1878,NGC,MS,64,2298749,San Francisco,1,10.0,10.0,0.0,0.0,1316,2103,183770,208063,20980,36853,119949,77559,25431,76604,,
1898,PCGS,MS,64,2009626,San Francisco,1,9.0,9.0,0.0,0.0,3153,1449,208160,235044,32917,36960,119960,79396,29163,82485,,
1898,NGC,MS,63,2274227,New Orleans,2,10.0,10.0,0.0,0.0,2018,1436,193677,216748,26786,34336,128622,81177,29359,85297,,
1883,NGC,MS,62,2192910,New Orleans,2,9.0,8.0,0.0,0.0,4785,2267,165702,183252,34566,33750,107236,69110,28846,69612,,
1883,PCGS,MS,63,2204070,Carson City,3,10.0,9.0,2.65,0.7,4358,1877,211103,199838,36691,32909,116511,60518,42006,75156,,
1879,PCGS,MS,65,2070651,San Francisco,1,10.0,10.0,1.75,0.0,2320,1470,190520,217119,26125,35121,117158,72592,28880,79786,,
1883,NGC,MS,63,1872382,Carson City,1,10.0,10.0,1.75,0.0,2407,1597,194451,219010,26996,33024,108897,75335,29712,78474,,
1890,PCGS,MS,64,2254541,Carson City,1,10.0,10.0,0.0,0.0,2759,2319,177792,228181,24590,35173,111604,81338,29006,84433,,
1880,NGC,MS,64,2048770,San Francisco,1,10.0,10.0,1.75,0.0,4027,1618,198605,228698,35930,37131,115074,84748,27889,85486,,
1899,PCGS,MS,61,2203918,Philadelphia,1,10.0,10.0,0.0,0.0,7318,3044,210238,221075,39667,40709,125407,82325,29946,76261,,
1878,PCGS,MS,64,2298750,San Francisco,2,9.0,9.0,0.0,0.0,1952,2483,211543,217204,27227,38710,118161,80230,28846,82390,,
1885,PCGS-CAC,MS,65,2295104,New Orleans,3,10.0,10.0,1.0,1.95,4336,2378,180818,211424,32748,40010,112791,78384,31346,86161,,
1878,PCGS,MS,64,1867253,Carson City,1,6.0,4.0,1.05,0.35,3972,1201,160260,157189,29891,25000,91373,55470,34138,73686,,
1892,PCGS,MS,64,2051678,New Orleans,1,10.0,10.0,0.0,0.0,1553,1697,180938,236587,23542,33608,112309,82998,32718,85859,,
1890,NGC,MS,63,2192909,New Orleans,3,10.0,10.0,0.35,0.35,8892,1972,206448,176100,53272,33859,123277,60319,38919,78283,,
1881,PCGS,MS,65,1883371,San Francisco,3,7.0,8.0,5.0,0.0,6771,3108,216243,227145,54208,43513,128317,74327,40378,84344,,
1881,PCGS,MS,65,2288198,Carson City,3,10.0,10.0,1.0,0.0,4347,2482,175880,197287,36095,38008,119731,68115,26488,80252,,
1879,PCGS,MS,63,1872320,San Francisco,1,8.0,6.0,0.0,0.0,5087,1652,165788,197615,40494,33669,96734,68984,34360,78935,,
1890,PCGS,MS,62,2241137,San Francisco,2,10.0,10.0,0.0,0.0,6294,2931,184122,202768,32856,35239,111807,72557,21773,73495,,
1897,PCGS,MS,63,2252661,New Orleans,1,10.0,10.0,0.0,0.0,3868,2481,197578,226699,28966,35217,123999,84118,30310,86061,,
1901,NGC,MS,64,2065804,New Orleans,1,9.0,9.0,0.0,0.0,1894,1708,205931,240720,25019,35144,120550,85452,32906,83835,,
1897,PCGS,MS,63,2034103,San Francisco,1,9.0,9.0,0.0,0.0,5002,1720,212451,236571,41887,39846,115980,80604,31574,81132,,
1901,PCGS-CAC,MS,66,1881260,New Orleans,2,10.0,10.0,0.35,0.0,2918,1122,185686,236705,23203,33737,120947,90488,27831,84113,,
1921,PCGS,MS,63,1883350,Philadelphia,1,10.0,10.0,0.35,0.0,5272,3321,221455,247140,40644,42476,126201,85090,30913,86613,,
1885,PCGS,MS,66,2290123,Carson City,1,10.0,10.0,0.0,0.0,1822,1227,168354,215889,20681,32389,104161,78381,28672,78545,,
1883,PCGS,MS,64,2177371,Carson City,1,10.0,10.0,0.0,0.0,1260,1753,184042,220249,22427,36624,112797,86941,28319,80294,,
1890,PCGS,MS,66,2408859,New Orleans,3,7.0,10.0,2.95,2.3,3465,2288,191895,205713,30859,38275,126560,82407,32586,76732,,
1881,NGC,MS,64,2029127,San Francisco,2,10.0,10.0,2.4,2.3,4010,3431,189810,240380,33791,50110,118311,86797,32066,86859,,
1901,NGC,MS,65,2110863,New Orleans,1,10.0,10.0,0.0,0.0,2623,2398,186406,214395,23049,32464,118334,85524,29457,78029,,
1903,NGC,MS,64,2293112,Philadelphia,1,10.0,10.0,0.0,0.0,1575,3166,192399,219458,21000,37910,128916,88992,28092,79648,,
1902,PCGS,MS,64,2218556,Philadelphia,1,10.0,10.0,0.0,0.0,2614,2380,198195,204682,29097,34001,118912,71948,26853,75618,,
1888,NGC,MS,64,2064209,New Orleans,2,9.0,10.0,1.65,3.25,2056,2313,178533,237740,24726,37724,117560,85906,31182,89604,,
1903,NGC-CAC,MS,66,2282567,New Orleans,3,10.0,10.0,0.35,1.0,2603,2305,195216,217279,25657,42764,134172,77253,26925,83712,,
1886,PCGS,MS,63,2016202,New Orleans,1,10.0,10.0,0.0,0.0,4904,2268,211908,235825,38034,40577,122816,81475,35259,85769,,
1884,PCGS,MS,62,2462918,New Orleans,2,10.0,10.0,1.75,0.0,3304,3347,181797,215491,33222,38274,119814,82483,29463,87128,,
1898,NGC,MS,63,2285243,Philadelphia,3,10.0,10.0,0.0,0.0,2164,3473,183897,231614,25827,43420,124861,87954,29392,85386,,
1899,NGC,MS,64,2285228,Philadelphia,1,10.0,10.0,0.0,0.0,2741,1538,227961,233963,31671,38782,130836,83899,34143,84138,,
1884,NGC,MS,64,2260550,New Orleans,3,9.0,10.0,3.65,1.65,5609,1468,228151,207302,46179,32873,124123,73804,38754,88289,,
1883,PCGS,MS,63,2243498,New Orleans,2,9.0,9.0,0.35,0.0,2669,2448,144967,161891,26909,33518,99646,65380,22156,67116,,
1878,PCGS,MS,64,2253511,Philadelphia,2,10.0,10.0,0.0,0.0,2402,2929,194520,223358,20998,37571,113705,80909,28788,86741,,
1881,PCGS,MS,66,2151931,Carson City,1,10.0,10.0,0.0,0.0,1926,2342,178005,225878,20872,36444,118484,88843,28402,82206,,
1881,NGC,MS,67,2232486,San Francisco,1,8.0,9.0,0.0,0.0,4035,2883,176730,174530,30217,38748,109207,64275,31647,71400,,
1882,PCGS,MS,63,1883787,San Francisco,1,10.0,10.0,0.0,0.0,4861,2240,212665,213475,41417,43209,127423,73800,33004,78818,,
1903,PCGS-CAC,MS,66,2087673,New Orleans,2,10.0,10.0,1.0,0.35,1261,2670,181064,220749,23471,40324,121783,86759,21849,80747,,
1885,NGC,MS,62,2255215,Philadelphia,3,10.0,9.0,1.3,2.3,7515,3691,238448,245135,51973,50712,132526,80669,44482,93441,,
1901,NGC,MS,65,2203921,New Orleans,1,10.0,10.0,0.0,0.0,2250,3231,188113,215213,23335,40333,116437,80655,30412,79573,,
1878,PCGS,MS,63,2010018,Philadelphia,1,10.0,10.0,1.05,0.0,2886,1387,174651,248027,26041,37247,107291,84572,24028,90158,,
1883,PCGS-CAC,MS,66,1875297,Carson City,1,8.0,7.0,1.75,0.0,2864,2160,174818,180111,30378,34269,104488,69346,28955,70799,,
1921,PCGS,MS,66,2160338,Philadelphia,4,9.0,8.0,3.95,3.6,9399,9475,241311,265608,68560,67468,135134,89235,43384,98993,,
1885,PCGS-CAC,MS,66,1875411,New Orleans,3,10.0,10.0,4.35,0.65,3255,2509,197983,211861,36708,42478,119676,80317,41468,80326,,
1880,PCGS,MS,65,2284174,San Francisco,2,10.0,10.0,0.0,0.0,1701,1209,179152,208919,20242,35877,112452,74626,25626,78993,,
1883,PCGS,MS,65,2287711,Philadelphia,1,10.0,10.0,0.0,0.0,1974,1614,193180,198930,21902,30765,116629,68230,29310,75308,,
1921,PCGS,MS,64,2241979,Denver,2,10.0,10.0,0.0,0.0,8216,5272,204793,246673,40424,44174,117899,86493,24291,77206,,
1883,PCGS-CAC,MS,66,2023541,Carson City,1,10.0,10.0,0.0,0.0,1599,1110,201120,238464,21024,34604,114641,82586,31914,85535,,
1881,PCGS,MS,63,1855263,San Francisco,2,10.0,9.0,1.75,0.0,3235,1127,198301,223869,33548,35875,123454,75079,25897,81371,,
1880,PCGS,MS,67,2291771,Carson City,2,10.0,10.0,0.65,0.0,857,1325,183053,232206,17731,33545,112533,84767,31080,87139,,
1921,PCGS,MS,65,2287758,San Francisco,2,10.0,10.0,0.0,0.0,2307,2628,186323,226528,24573,35017,123615,82030,22100,81977,,
1882,PCGS,MS,63,2114243,Carson City,3,10.0,10.0,1.75,0.0,3459,1408,179654,213551,28600,33240,113403,85230,26197,76324,,
1885,PCGS,MS,63,2169386,Philadelphia,1,10.0,9.0,0.0,0.0,3812,1909,196747,220338,27079,35282,113312,76277,24314,78685,,
1882,PCGS,MS,62,2194922,New Orleans,2,10.0,10.0,0.0,0.0,1566,2072,178158,233403,23329,38539,117792,87308,33155,87744,,
1894,PCGS,AU,58,2278058,Philadelphia,2,10.0,10.0,0.0,0.0,6972,3617,180625,215227,30385,41309,118959,84682,27751,77393,,
1883,PCGS,MS,66,2016271,Carson City,1,10.0,10.0,0.0,0.0,1342,1587,192321,233680,21369,36186,115648,85349,32699,83703,,
1896,PCGS,MS,63,2081156,New Orleans,2,10.0,10.0,0.65,0.65,4838,3266,206876,229319,39734,42372,132744,82048,34198,91583,,
1882,PCGS,MS,64,2156827,Carson City,1,10.0,10.0,0.0,0.0,5077,2130,189839,215994,29619,36392,115275,83668,31058,76370,,
1899,PCGS,MS,63,2025093,Philadelphia,2,10.0,10.0,0.0,0.0,2169,2452,191796,229212,27950,40119,117412,86470,35021,81110,,
1883,PCGS,MS,64,2162353,New Orleans,3,9.0,9.0,2.3,1.0,10348,4326,202437,176370,53072,43023,114417,59645,40945,71638,,
1883,NGC,MS,64,2274241,New Orleans,4,8.0,10.0,1.95,0.0,6961,3165,173031,210294,30961,35519,122250,79828,29332,83422,,
1902,PCGS,MS,63,1855739,New Orleans,3,10.0,10.0,0.0,1.0,2316,3097,197112,224577,29707,42714,122324,82729,31327,79696,,
1904,PCGS,MS,64,2029098,New Orleans,1,10.0,10.0,0.0,0.0,2403,1972,187043,227395,26366,35813,122313,85166,26075,79596,,
1886,PCGS,MS,63,2016200,San Francisco,2,8.0,7.0,1.7,0.0,2695,2260,205724,237791,28022,39760,115734,78045,28234,86438,,
1891,PCGS,MS,62,2093100,Carson City,2,10.0,10.0,0.0,0.7,4783,1922,191910,215040,38359,37072,119895,86717,30699,78120,,
1890,PCGS,MS,64,2289174,New Orleans,3,10.0,10.0,0.35,0.0,3560,3350,201606,237839,38116,43977,130183,87172,32600,93404,,
1883,PCGS-CAC,MS,64,2252618,Carson City,2,10.0,10.0,0.0,0.0,4269,1822,190198,208414,26399,33981,116845,77836,28475,79098,,
1896,PCGS,MS,62,2462926,Philadelphia,1,10.0,10.0,0.0,0.0,3635,2771,196623,231633,30936,40672,121872,83514,31918,83596,,
1883,PCGS,MS,65,2257562,Philadelphia,2,10.0,10.0,0.0,0.0,3635,2945,176113,202622,20691,36650,113993,72255,26693,72330,,
1902,PCGS,MS,63,2044594,Philadelphia,2,10.0,10.0,0.0,0.0,961,2502,193170,246793,17721,36437,117490,83985,25679,82970,,
1885,NGC,MS,65,2398832,Philadelphia,1,9.0,9.0,0.0,0.0,2755,3790,175525,198573,29336,36771,110764,73435,24340,77335,,
1887,PCGS,MS,67,2001999,Philadelphia,1,10.0,10.0,0.0,0.0,914,2239,187205,240426,21724,39126,114353,87354,29977,87385,,
1888,PCGS,MS,63,2248047,San Francisco,2,10.0,10.0,0.35,0.0,4549,2084,181899,207142,34521,35100,114316,76884,29605,81171,,
1881,PCGS,MS,65,2093078,San Francisco,2,10.0,10.0,2.4,0.0,4094,1712,201500,225497,28890,34926,117244,78061,28368,80902,,
1891,PCGS,MS,62,2169398,Philadelphia,1,10.0,10.0,0.0,0.0,2340,1808,186189,222766,23942,35000,116349,87373,30754,81420,,
1880,PCGS,MS,65,2169426,Carson City,2,10.0,10.0,0.35,0.0,2372,2527,199113,225831,27511,34579,120573,83210,26416,91515,,
1921,PCGS,MS,63,2223034,San Francisco,1,10.0,10.0,0.0,0.0,5679,2097,200203,234489,35389,34213,128207,83435,23923,84302,,
1891,PCGS-CAC,MS,65,2065155,San Francisco,3,7.0,8.0,1.65,1.3,2966,2626,174106,198946,35224,35433,113944,72645,37328,84868,,
1892,PCGS,AU,58,2271215,Carson City,1,10.0,10.0,0.0,0.0,6602,2812,201557,225232,35270,38961,117587,81557,31065,81388,,
1892,PCGS,MS,62,2068695,Carson City,2,10.0,10.0,0.0,0.35,4665,2011,188242,212502,36058,38650,116465,85769,30819,73384,,
1894,PCGS-CAC,MS,64,2231592,San Francisco,1,10.0,10.0,0.0,0.0,3975,2537,175710,207000,24649,33917,106349,73655,20033,72551,,
1883,PCGS,MS,64,2295599,New Orleans,3,9.0,10.0,2.0,0.0,2092,1676,162605,208348,27616,36686,106022,75337,26231,82641,,
1892,NGC,MS,60,2062867,Carson City,2,10.0,10.0,0.35,0.0,4293,2203,200675,239815,36276,39112,124914,87671,34292,88197,,
1891,NGC,MS,62,2272191,Carson City,1,9.0,9.0,0.0,0.0,7138,1933,179130,168839,32143,28854,101185,65656,23767,56434,,
1881,PCGS,MS,65,2443493,San Francisco,3,10.0,10.0,2.4,1.0,1574,2510,182034,192991,26559,38063,117146,70387,26549,76177,,
1882,PCGS,MS,67,2231499,Carson City,3,7.0,10.0,1.65,0.0,3999,1523,163675,212048,28017,32695,107982,77145,29214,84538,,
1903,PCGS,MS,65,2257105,Philadelphia,3,7.0,10.0,2.95,0.0,3916,1643,171730,196544,36020,33416,105992,74035,25160,67137,,
1885,NGC,MS,66,2296653,Philadelphia,1,10.0,10.0,0.0,0.0,1289,2379,192923,234828,21078,43680,126040,83888,28379,91149,,
1888,NGC,MS,66,2296656,Philadelphia,1,10.0,10.0,0.0,0.0,2390,2231,203035,228006,27723,36149,132466,87765,32106,87162,,
1892,PCGS,MS,66,2408865,New Orleans,1,10.0,10.0,0.0,0.0,1609,1366,187809,201316,21673,33888,119470,72269,32452,75171,,
1881,PCGS,MS,65,2097753,Carson City,2,10.0,10.0,1.75,0.0,2135,1852,184070,238939,24991,36300,114876,85733,29301,89391,,
1892,PCGS-CAC,MS,64,2241095,Carson City,2,10.0,10.0,0.0,0.0,3692,2987,187305,206985,28542,35190,117545,79165,29429,76339,,
1894,PCGS,AU,55,2097761,Philadelphia,2,10.0,10.0,0.0,0.0,2813,1907,197116,263056,24958,40837,121950,93732,35214,92167,,
1881,PCGS,MS,65,2160371,Philadelphia,1,10.0,10.0,0.0,0.0,4198,2030,204695,244368,26933,38499,112633,86000,37596,93281,,
1891,PCGS,MS,61,2097797,San Francisco,1,10.0,10.0,0.0,0.0,7823,1766,194178,221973,36615,34334,112631,84771,26736,79673,,
1903,PCGS,MS,66,2096702,Philadelphia,3,9.0,6.0,2.3,4.3,7434,9540,197162,235226,41719,56099,123008,84731,28106,86653,,
1903,PCGS,MS,64,2177438,New Orleans,0,10.0,10.0,0.0,0.0,3380,3051,192995,229610,26548,37733,122554,88413,25397,80273,,
1889,NGC,MS,64,2270243,New Orleans,1,10.0,10.0,0.0,0.0,4860,1873,172539,208682,27649,37144,109744,78230,21567,76863,,
1892,NGC,MS,61,2299011,New Orleans,1,10.0,9.0,0.0,0.0,4183,3721,192779,236216,26398,38448,122317,89010,31963,86890,,
1885,PCGS,MS,64,2097782,Philadelphia,1,10.0,10.0,0.0,0.0,3806,2410,189295,237664,24282,37819,114350,88517,31255,83734,,
1882,PCGS,MS,66,2101701,Carson City,1,7.0,7.0,1.75,0.0,3252,2097,161323,189406,29852,35225,100366,65456,30495,78479,,
1880,PCGS,MS,66,2160341,San Francisco,1,10.0,10.0,0.0,0.0,3183,1251,166445,226018,21381,30946,102516,83751,27583,83966,,
1884,NGC-CAC,MS,65,2274277,New Orleans,2,10.0,10.0,0.0,0.0,1178,3292,180484,204919,21724,41263,128837,75403,25445,84202,,
1878,ANACS,MS,62,2457042,San Francisco,1,10.0,10.0,0.0,0.0,3008,1798,184929,185435,32783,33871,116055,67271,24311,79628,,
1896,PCGS,MS,63,2248029,Philadelphia,3,10.0,9.0,0.35,2.0,2100,4182,178692,251206,23207,53718,120487,83231,25597,100338,,
1884,PCGS,MS,66,2031086,New Orleans,2,10.0,10.0,4.35,0.0,2254,2350,190714,230187,28707,40194,116780,86304,33655,89930,,
1896,PCGS,MS,63,2177418,Philadelphia,1,10.0,10.0,0.0,0.0,2690,1914,183933,226370,26602,31138,115981,81558,26945,80098,,
1883,NGC,MS,64,2029195,Carson City,3,10.0,10.0,2.4,1.35,5344,1578,194947,200066,34595,33312,124707,66035,29887,81234,,
1879,NGC,MS,66,2367339,New Orleans,3,9.0,10.0,4.35,2.95,3798,2547,167794,194677,29047,37909,116100,73951,28049,79099,,
1902,PCGS,MS,63,1883829,Philadelphia,3,9.0,9.0,3.6,3.6,3624,1949,213087,242718,36281,41537,131005,79191,37397,96245,,
1889,PCGS-CAC,MS,63,2234510,San Francisco,1,10.0,10.0,0.0,0.0,2699,1919,193541,250830,27474,38685,121158,89942,32689,88714,,
1886,NGC,MS,63,2120286,Philadelphia,1,10.0,10.0,0.0,0.0,2208,2304,195076,237489,25495,37491,120748,86640,26795,83252,,
1878,PCGS,AU,55,2289119,Philadelphia,3,9.0,8.0,1.95,2.6,6626,3473,165322,201577,34429,38381,110764,79188,30850,82848,,
1886,PCGS,MS,64,2045586,Philadelphia,1,7.0,7.0,0.7,0.0,3608,2116,211400,226050,32877,35051,117391,76491,35864,90626,,
1879,PCGS,MS,66,2203901,San Francisco,1,10.0,10.0,0.0,0.0,2154,1328,170600,197319,18566,31154,101001,70720,21684,68372,,
1884,PCGS,MS,65,2296628,Carson City,2,10.0,10.0,0.0,0.0,1919,3519,193625,233891,22296,45101,120957,87729,31802,90843,,
1878,NGC,MS,64,2298745,San Francisco,3,10.0,9.0,2.05,0.65,2789,1770,179948,193212,30813,38381,110276,69471,23288,74919,,
1904,PCGS,MS,64,2270561,San Francisco,1,10.0,10.0,0.0,0.0,3169,2225,199218,216010,24629,33675,119906,80109,28326,78231,,
1878,PCGS,MS,66,2252545,Carson City,2,10.0,10.0,0.0,0.0,2415,3057,164932,186037,22992,30637,109724,74944,22717,73670,,
1902,PCGS,MS,63,2296641,San Francisco,2,10.0,10.0,0.0,0.0,3433,2821,204751,220407,34156,41007,130532,87077,26285,84490,,
1901,PCGS-CAC,MS,66,2218968,New Orleans,2,10.0,10.0,0.0,0.0,2665,1341,187874,206615,22753,32434,116022,79276,31111,75884,,
